benchmark_version,dataset,split,item_id,track_id,genre,license,license_url,track_url,audio_relpath,source_sha256,source_sample_rate,source_channels,source_duration_sec,sample_rate,channels,start_a_sec,start_b_sec,duration_sec,adjacent_segments,target_lufs,input_lufs_a,input_lufs_b,input_peak_a,input_peak_b,input_rms_dbfs_a,input_rms_dbfs_b,active_ratio_a,active_ratio_b,selection_rank_sha256
pedalboard-fma-test-v0.1,fma_small,test,fma_test_068895,68895,Electronic,Attribution-NonCommercial 3.0 International,http://creativecommons.org/licenses/by-nc/3.0/,http://freemusicarchive.org/music/Broke_For_Free/Leaf/Broke_For_Free_-_Leaf_-_05_Luminous,fma/fma_small/068/068895.mp3,0037527b497b0c1a2ce827caf64878166e6c13667f33b2ca56e367cf6c7edb4b,44100,2,29.962448979591837,44100,2,5.0,15.0,10.0,True,-20.0,-10.659829816075282,-10.029489945959062,0.3256419897079468,0.3137896656990051,-21.270969877708744,-21.304603095608392,1.0,1.0,031b92155870f592c8b59a3a60ddc2311c6e93abed20455f60d917d3318319dc
pedalboard-fma-test-v0.1,fma_small,test,fma_test_036096,36096,Electronic,Attribution-NonCommercial 3.0 International,http://creativecommons.org/licenses/by-nc/3.0/,http://freemusicarchive.org/music/Exteenager/forthcoming_split_ep_with_Peter_Percept/your_name_is_rain_,fma/fma_small/036/036096.mp3,8434cd9716fc51ee0c65d854b2101393034281e23d6429a8d582319530ff831e,44100,2,29.98857142857143,44100,2,5.0,15.0,10.0,True,-20.0,-8.94776254751133,-8.362179778480634,0.28014838695526123,0.26188400387763977,-23.7069702846484,-23.76518564734644,1.0,1.0,043b05bb33724ae3d03a44fd5b96f140be2094cdc865a50222d719215fe2c209
pedalboard-fma-test-v0.1,fma_small,test,fma_test_108532,108532,Electronic,Attribution-Noncommercial-Share Alike 3.0 United States,http://creativecommons.org/licenses/by-nc-sa/3.0/us/,http://freemusicarchive.org/music/Ghost_By_Nature/Funk_Therapy/Ghost_By_Nature_-_Funk_Therapy_-_09_Open_Box,fma/fma_small/108/108532.mp3,1b9ce0094b4c4c9ff3f8d79c0405bdf5db6bfa0ca3cedb9c352270c2333050fa,44100,2,29.962448979591837,44100,2,5.0,15.0,10.0,True,-20.0,-17.51553021078953,-10.266106741878511,0.4178445041179657,0.32606586813926697,-22.335422186922713,-20.457648364197475,1.0,1.0,04d137acf587543a17c4a9f9ab44fe998dfc584a93ec09da0c6d5dba1ac07051
pedalboard-fma-test-v0.1,fma_small,test,fma_test_063064,63064,Electronic,Attribution-NonCommercial-ShareAlike 3.0 International,http://creativecommons.org/licenses/by-nc-sa/3.0/,http://freemusicarchive.org/music/Koona/Underwater_Starkey/Koona_01_Underwater,fma/fma_small/063/063064.mp3,c8dd9b74dc2e35624870581b4f37f477582584f573adf1dd4ec6d57800267e36,44100,2,29.962448979591837,44100,2,5.0,15.0,10.0,True,-20.0,-6.506114436832973,-7.422430996027918,0.2114977389574051,0.23502905666828156,-23.510677297707833,-23.98039826367412,1.0,1.0,06bcd1f07bf22adca7ddb0c543144f5b1c0ffe9cb55a65b34b4d412ecfb173cc
pedalboard-fma-test-v0.1,fma_small,test,fma_test_140922,140922,Electronic,Creative Commons Attribution,http://creativecommons.org/licenses/by/3.0/,http://freemusicarchive.org/music/Nihilore/The_Hermeneutic_Circle/Nihilore_-_The_Hermeneutic_Circle_-_01_Morning_Bell,fma/fma_small/140/140922.mp3,a99f217b3439e4a1226bdbfc13090891dad715a81043cfc1355d085da3b44739,44100,2,29.962448979591837,44100,2,5.0,15.0,10.0,True,-20.0,-14.330161507826555,-13.676592741781995,0.3769354224205017,0.37516939640045166,-22.11619166262041,-22.14008760369827,1.0,1.0,099228f44008ef2729033da642b7a04c2ba99b95f5875861c9211a8cb89f4825
pedalboard-fma-test-v0.1,fma_small,test,fma_test_026905,26905,Electronic,Attribution-NonCommercial-ShareAlike 3.0 International,http://creativecommons.org/licenses/by-nc-sa/3.0/,http://freemusicarchive.org/music/Goto80/Constant_Hitmaker/Viking_Conquistador,fma/fma_small/026/026905.mp3,45bf4780601036c2d34ef6a1f2885cb4bba347180cc60c1f78008b0ed1536564,44100,2,29.98857142857143,44100,2,5.0,15.0,10.0,True,-20.0,-12.058204482738494,-11.4901078589224,0.2880586087703705,0.3109932541847229,-22.187715466708266,-22.166773101345633,1.0,0.9900000095367432,09f028751af09daf8ba1cba617ccc45e1209a4704d2da5bd97e637cf286f87d5
pedalboard-fma-test-v0.1,fma_small,test,fma_test_039605,39605,Electronic,Creative Commons Attribution,http://creativecommons.org/licenses/by/3.0/,http://freemusicarchive.org/music/UltraCat/Disco_High/ultracat_-_01_-_disco_high,fma/fma_small/039/039605.mp3,02b7894ab8021cfa23df98d55a2061f72055e24caccf15a72e7b62914b654f67,44100,2,29.98857142857143,44100,2,5.0,15.0,10.0,True,-20.0,-14.448552927882,-14.968949076020897,0.5277493000030518,0.5600659847259521,-21.21689458465535,-21.12797650252894,1.0,1.0,0c1be7fb658ac46fb9faee19a2a4c465f0244437309a22b63ff4b99568810d0a
pedalboard-fma-test-v0.1,fma_small,test,fma_test_026859,26859,Electronic,Attribution-Noncommercial-Share Alike 3.0 United States,http://creativecommons.org/licenses/by-nc-sa/3.0/us/,http://freemusicarchive.org/music/I_Cactus/I_Cactus/8bp033-05-i-cactus-ruby-cactus,fma/fma_small/026/026859.mp3,942780ee05806bc38ed0235fa89ef741e41570eb325d10de25b56e9c584e6990,44100,2,29.962448979591837,44100,2,5.0,15.0,10.0,True,-20.0,-15.008952563070276,-14.648574210420064,0.5629212260246277,0.5400434732437134,-22.670594741369605,-22.710043333538927,1.0,1.0,0da578c860ead13b2cd15b631b0867c03a632e6b13eea4f50e7d316ea88d2ff8
pedalboard-fma-test-v0.1,fma_small,test,fma_test_094803,94803,Electronic,Attribution-NonCommercial-ShareAlike 3.0 International,http://creativecommons.org/licenses/by-nc-sa/3.0/,http://freemusicarchive.org/music/Goto80/Open_Funk_Sores/00_goto80_-_this_machine_thinks,fma/fma_small/094/094803.mp3,fc9f18484c5712cf52ce2e5e600e35ca58cf9dd67b522e9d2c1905b19f2a13b8,44100,1,29.962448979591837,44100,2,5.0,15.0,10.0,True,-20.0,-14.944989391052074,-15.521520932410008,0.3794237971305847,0.47694504261016846,-19.713149322042398,-19.369304347023512,1.0,1.0,10d79bee07e0e6d7ffba6193b19dce8aba385963870aa7b14f6b5100021f8a6f
pedalboard-fma-test-v0.1,fma_small,test,fma_test_039607,39607,Electronic,Creative Commons Attribution,http://creativecommons.org/licenses/by/3.0/,http://freemusicarchive.org/music/UltraCat/Disco_High/ultracat_-_03_-_unexpected_little_happenings,fma/fma_small/039/039607.mp3,ddf0945776a18e412f41f73622a8bcbf65bd415e9a702e52260fe687683a32ef,44100,2,29.988004535147393,44100,2,5.0,15.0,10.0,True,-20.0,-13.390754742088882,-9.93789870591289,0.43538329005241394,0.31397491693496704,-22.372055237572454,-22.078417123936692,1.0,1.0,115f0827725e3a42122603b499d897e813259940f953ac8f698057aae426430b
pedalboard-fma-test-v0.1,fma_small,test,fma_test_026902,26902,Electronic,Attribution-NonCommercial-ShareAlike 3.0 International,http://creativecommons.org/licenses/by-nc-sa/3.0/,http://freemusicarchive.org/music/Goto80/6_PRT002_1941/Goto80-01-The_Hit,fma/fma_small/026/026902.mp3,53b517f4779df5ecfe10763374113a23a2eb4af066b1490c7ba53d9f2207680f,44100,2,29.98857142857143,44100,2,5.0,15.0,10.0,True,-20.0,-7.935065022738166,-7.585261221605115,0.24931778013706207,0.23947659134864807,-24.564771940007752,-24.392748008458305,1.0,1.0,1272a7a5cf3f69d1ac971acf4c0987062952e563c8556668f3f9fdf7e36213be
pedalboard-fma-test-v0.1,fma_small,test,fma_test_108525,108525,Electronic,Attribution-Noncommercial-Share Alike 3.0 United States,http://creativecommons.org/licenses/by-nc-sa/3.0/us/,http://freemusicarchive.org/music/Ghost_By_Nature/Funk_Therapy/Ghost_By_Nature_-_Funk_Therapy_-_02_Quest,fma/fma_small/108/108525.mp3,28fabe8c8256189d5b95efe982c51581c967738271f0699f6d0d0e57a21ba70c,44100,2,29.962448979591837,44100,2,5.0,15.0,10.0,True,-20.0,-8.971792848667297,-9.605926706801052,0.280924528837204,0.3022013008594513,-20.207783252700814,-19.892236117954354,1.0,1.0,129feb876bcdbfd694c75c476623b028c8b171715bd795b8e473b78b9520635b
pedalboard-fma-test-v0.1,fma_small,test,fma_test_108533,108533,Electronic,Attribution-Noncommercial-Share Alike 3.0 United States,http://creativecommons.org/licenses/by-nc-sa/3.0/us/,http://freemusicarchive.org/music/Ghost_By_Nature/Funk_Therapy/Ghost_By_Nature_-_Funk_Therapy_-_10_The_Prowler,fma/fma_small/108/108533.mp3,258c87747f1c29ab38c936acc1ff26487df34704d7deec81e6542b3a12d6d54d,44100,2,29.962448979591837,44100,2,5.0,15.0,10.0,True,-20.0,-7.96168897145214,-7.5291539048849625,0.25008314847946167,0.2379346489906311,-20.48495790611982,-20.72978254827191,1.0,1.0,18f083c88c3285edf49e4aebaf6394e4bb052bea88c5a73f064e2f9bb10e82ab
pedalboard-fma-test-v0.1,fma_small,test,fma_test_087069,87069,Electronic,Attribution-NonCommercial-ShareAlike 3.0 International,http://creativecommons.org/licenses/by-nc-sa/3.0/,http://freemusicarchive.org/music/Waste_Disposal_Machine/Realm_of_the_New_Day_-_The_Remixes/11_waste_disposal_machine_-_i_sing_the_body_electric__first_take_sfi_remix,fma/fma_small/087/087069.mp3,c73517a5c1ecf1df8b995799dc6a72e0be1eb2b120c76143b0ed0fe6db3bdc2a,44100,2,29.98857142857143,44100,2,5.0,15.0,10.0,True,-20.0,-10.192631878182487,-9.624964881044269,0.32331928610801697,0.3028644025325775,-19.822933943076514,-19.932391959051984,1.0,1.0,19946de07ffa99c95a9b19d60e8ee087816680eb63af657409cccb39f130f31c
pedalboard-fma-test-v0.1,fma_small,test,fma_test_036099,36099,Electronic,Attribution-NonCommercial 3.0 International,http://creativecommons.org/licenses/by-nc/3.0/,http://freemusicarchive.org/music/Exteenager/forthcoming_split_ep_with_Peter_Percept/morpheus_,fma/fma_small/036/036099.mp3,2f3963a2e74c8bd175a3bf8db7886bd033226700e7709fb0125280423a646df8,44100,2,29.98857142857143,44100,2,5.0,15.0,10.0,True,-20.0,-9.164094320172525,-9.489739519580494,0.28721341490745544,0.2981858253479004,-21.151015715559417,-21.343762903750058,1.0,0.9800000190734863,1e434202e5344a69426660ab9199374b2df4b479a3b8a182bc328c73b0af408d
pedalboard-fma-test-v0.1,fma_small,test,fma_test_093521,93521,Electronic,Creative Commons Attribution,http://creativecommons.org/licenses/by/3.0/,http://freemusicarchive.org/music/Moon_Veil/Snake_Charm/Moon_Veil_-_Ivory,fma/fma_small/093/093521.mp3,001a7d794b6f5cec6ab5919e22cc5ae29e15a0d2208cecad3a579200199326dd,44100,2,29.962448979591837,44100,2,5.0,15.0,10.0,True,-20.0,-12.795110562218749,-13.434040778093907,0.36423662304878235,0.3592906594276428,-22.447848368671607,-22.14044280534982,1.0,1.0,2344d1b118e6a8a5f5d5c101af89cd9ac3d5e6acdd24c25755f1f27b68ccf6bf
pedalboard-fma-test-v0.1,fma_small,test,fma_test_140924,140924,Electronic,Creative Commons Attribution,http://creativecommons.org/licenses/by/3.0/,http://freemusicarchive.org/music/Nihilore/The_Hermeneutic_Circle/Nihilore_-_The_Hermeneutic_Circle_-_03_Authenticity,fma/fma_small/140/140924.mp3,84fd8c9fd7ca4d9c0e99c65182c59cc993b598b824957e26b79a96df2b4f7089,44100,2,29.962448979591837,44100,2,5.0,15.0,10.0,True,-20.0,-11.319745008186596,-10.536651093911312,0.35376304388046265,0.3201877176761627,-21.17871418117523,-20.690211059061046,1.0,1.0,277d8748727ccfa5e9da40d0e186fd11654e9424a3ded2822235a667877c49f1
pedalboard-fma-test-v0.1,fma_small,test,fma_test_026904,26904,Electronic,Attribution-NonCommercial-ShareAlike 3.0 International,http://creativecommons.org/licenses/by-nc-sa/3.0/,http://freemusicarchive.org/music/Goto80/6_PRT002_1941/Goto80-03-Boys_Say_Only_You,fma/fma_small/026/026904.mp3,2d2b1b66c74bf336030dc838c78856c49e1367b557044407401b11e4ce467aa5,44100,2,30.01469387755102,44100,2,5.0,15.0,10.0,True,-20.0,-11.291433340303602,-16.40952877603968,0.36692023277282715,0.6614186763763428,-23.350017324181344,-24.72318199549299,0.9900000095367432,0.9900000095367432,2a46af946fa50c3c0888f0a7c7917db0f9de179243b8cf9dd5cbcdc37c74b83e
pedalboard-fma-test-v0.1,fma_small,test,fma_test_065779,65779,Electronic,Attribution-NonCommercial-ShareAlike 3.0 International,http://creativecommons.org/licenses/by-nc-sa/3.0/,http://freemusicarchive.org/music/Adubter/Intro_1830/03_-_Adubter_-_Let_s_go,fma/fma_small/065/065779.mp3,38710b4a3470112e63cbc49d840f86cebbdb1493a5336b872f72c3aef0feeba8,44100,2,29.988004535147393,44100,2,5.0,15.0,10.0,True,-20.0,-18.067266722286174,-17.909216401940256,0.6393542289733887,0.5478708744049072,-21.7402794577953,-21.95762287801918,1.0,1.0,2d012fe6145d4a2fe7ceb3cc7192be9cb55ac66d982bb5d62c78105b45f799df
pedalboard-fma-test-v0.1,fma_small,test,fma_test_065780,65780,Electronic,Attribution-NonCommercial-ShareAlike 3.0 International,http://creativecommons.org/licenses/by-nc-sa/3.0/,http://freemusicarchive.org/music/Adubter/intro/04_-_Adubter_-_OutroDub,fma/fma_small/065/065780.mp3,d0cdb6c67c762a2bcd832a063be06e0350b56f502e256b5274f070c0a2d65b8e,44100,2,29.962448979591837,44100,2,5.0,15.0,10.0,True,-20.0,-17.502447871967178,-20.12451142139474,0.5665122866630554,0.6004236340522766,-21.390923595797098,-21.266843941226817,1.0,1.0,2d7973956d7666d3fb2f4b91261bd15d89ff5b03ac19ac55159c3fdf75353558
pedalboard-fma-test-v0.1,fma_small,test,fma_test_068582,68582,Electronic,Attribution-NonCommercial-ShareAlike 3.0 International,http://creativecommons.org/licenses/by-nc-sa/3.0/,http://freemusicarchive.org/music/Indian_Wells/Night_Drops/Indian_Wells_-_02_-_In_The_Streets,fma/fma_small/068/068582.mp3,7a9277f923ba72276282257ec2ed161474fb0ccad56f34b50904e7eefd9a5678,44100,2,29.98857142857143,44100,2,5.0,15.0,10.0,True,-20.0,-10.931592694676688,-7.9744120970540795,0.34352365136146545,0.24390263855457306,-21.81320452734024,-20.990460915167375,1.0,1.0,2edce05565496cba5d238a9e891a7973a972cb1d00d89bbfd4ca18760bf81008
pedalboard-fma-test-v0.1,fma_small,test,fma_test_035569,35569,Electronic,Attribution-NonCommercial-ShareAlike 3.0 International,http://creativecommons.org/licenses/by-nc-sa/3.0/,http://freemusicarchive.org/music/Ion_Romania/Schutzhaft/05_Ion_-_Education_After_Auschwitz_bonus_track,fma/fma_small/035/035569.mp3,f2d0059d8d5749294c9ea8d8f5de6bd843cc888c90c58e16ce268405859c96a5,44100,2,30.01469387755102,44100,2,5.0,15.0,10.0,True,-20.0,-5.933694512340024,-7.528854223623381,0.19800890982151031,0.2379264384508133,-21.162101815845237,-21.257855155062796,1.0,1.0,31db3b2ed4ed52f01b7d79f89ee08fc4971317270a7137b815663f6385e04378
pedalboard-fma-test-v0.1,fma_small,test,fma_test_068899,68899,Electronic,Attribution-NonCommercial 3.0 International,http://creativecommons.org/licenses/by-nc/3.0/,http://freemusicarchive.org/music/Broke_For_Free/Leaf/Broke_For_Free_-_Leaf_-_01_Lonely_Organ,fma/fma_small/068/068899.mp3,d6da51715cf43fdc49c1ec04d20d4da0a6a9c6327028a6a18d49ceff4f813132,44100,2,29.962448979591837,44100,2,5.0,15.0,10.0,True,-20.0,-8.22965033968277,-8.482956203335034,0.25248783826828003,0.2608807384967804,-22.02564921573893,-22.062573250999442,1.0,1.0,39117ec76ce5e2e514d0faa6aa7c835d61998c4262bc0d7942398eb91adbae78
pedalboard-fma-test-v0.1,fma_small,test,fma_test_069222,69222,Electronic,Attribution-NonCommercial-ShareAlike 3.0 International,http://creativecommons.org/licenses/by-nc-sa/3.0/,http://freemusicarchive.org/music/Max_Grin/ThreeS_EP/02_Max_Grin_-_Slump_feat_Mac,fma/fma_small/069/069222.mp3,01fda604ab7dad59b5bdaa74cd3af0699517ce910a8141cd88a47f56f1b515ea,44100,2,29.98857142857143,44100,2,5.0,15.0,10.0,True,-20.0,-10.9738611602786,-11.444114262836356,0.35374724864959717,0.37342700362205505,-20.95391956595234,-20.94771169561787,1.0,1.0,3928824340beae81fa444b2fe38fff330a2285178ff4f91ff1c17e3e250f6798
pedalboard-fma-test-v0.1,fma_small,test,fma_test_140934,140934,Electronic,Creative Commons Attribution,http://creativecommons.org/licenses/by/3.0/,http://freemusicarchive.org/music/Nihilore/The_Hermeneutic_Circle/Nihilore_-_The_Hermeneutic_Circle_-_10_The_Absurd,fma/fma_small/140/140934.mp3,78f76029c83d09aabae991415a5789001be4acbd07968e8c0c3454870e86d8e2,44100,2,29.962448979591837,44100,2,5.0,15.0,10.0,True,-20.0,-12.122386444702206,-11.829815672632071,0.38999393582344055,0.36769160628318787,-21.114358384704566,-21.340986397487185,1.0,1.0,3d471fa5cc56c89a74719663ef308ca35ab380c09ee890b7d989bf30b2254d69
pedalboard-fma-test-v0.1,fma_small,test,fma_test_108524,108524,Electronic,Attribution-Noncommercial-Share Alike 3.0 United States,http://creativecommons.org/licenses/by-nc-sa/3.0/us/,http://freemusicarchive.org/music/Ghost_By_Nature/Funk_Therapy/Ghost_By_Nature_-_Funk_Therapy_-_01_Get_Ready,fma/fma_small/108/108524.mp3,cab5c84a3e84b9b657bfc5063a3e8a8625f5116d7fdcf4cb444430db5867c4e4,44100,2,29.98857142857143,44100,2,5.0,15.0,10.0,True,-20.0,-10.93704881031374,-9.068226528803805,0.35225117206573486,0.2840608060359955,-22.225711855558256,-21.500202613525204,1.0,1.0,3f431d04ca4d9bbebbf0e5f5f371c6ca724052d44eada6ec3aed83791c7e7417
pedalboard-fma-test-v0.1,fma_small,test,fma_test_020296,20296,Experimental,Attribution-Noncommercial-Share Alike 3.0 United States,http://creativecommons.org/licenses/by-nc-sa/3.0/us/,http://freemusicarchive.org/music/Sikhara/Sikhara_Live_on_KBOOs_Sounds_Unsound/Part_3_1125,fma/fma_small/020/020296.mp3,e62a2fd98cae953f00ca37ee4f69d74950b6b6fadbc0a36ba52c11dd4ea68aae,44100,2,29.98857142857143,44100,2,5.0,15.0,10.0,True,-20.0,-18.588707364175615,-18.161377134663002,0.8500322103500366,0.8092241883277893,-21.917669660522193,-21.937463544389324,1.0,1.0,01aad54d7e20dc0d67a2c8245a6afc53eefb40940a49fa591b6016f5e80e51c4
pedalboard-fma-test-v0.1,fma_small,test,fma_test_001249,1249,Experimental,Attribution-Noncommercial-Share Alike 3.0 United States,http://creativecommons.org/licenses/by-nc-sa/3.0/us/,http://freemusicarchive.org/music/Nautical_Almanac/Handcut_Record_Transfers/Cleanse_Bath_10_Metal_Laquer,fma/fma_small/001/001249.mp3,29592fd5a61650116a8fc3c9e3057b788390c96f83ae266360655e59f2075f25,44100,2,29.98857142857143,44100,2,5.0,15.0,10.0,True,-20.0,-4.3356805872604,-0.7837141408983956,0.16473430395126343,0.10944242775440216,-22.04196529676349,-22.485138014846314,1.0,1.0,02b6b1a3ad4783285281c597cb840fb5c4110f942f8d20ef89822bf990077e5f
pedalboard-fma-test-v0.1,fma_small,test,fma_test_007378,7378,Experimental,Attribution-NonCommercial-ShareAlike 3.0 International,http://creativecommons.org/licenses/by-nc-sa/3.0/,http://freemusicarchive.org/music/Lucky_Dragons/Dark_Falcon/resurrect_dead_on_planet_jupiter,fma/fma_small/007/007378.mp3,b1a7ceb93b731a5151a42d16d51d8b53c969a1714cb635ad827def0c7416c07f,44100,2,29.98857142857143,44100,2,5.0,15.0,10.0,True,-20.0,-18.334702683588528,-19.518931941634772,0.4964062571525574,0.49707379937171936,-20.819248423647345,-24.297054527568655,1.0,1.0,02ce916e4d9f6d0c22052c009ec46019d2c226fcf01e55eccff7f9c03400e4bd
pedalboard-fma-test-v0.1,fma_small,test,fma_test_014690,14690,Experimental,Attribution-Noncommercial-Share Alike 3.0 United States,http://creativecommons.org/licenses/by-nc-sa/3.0/us/,http://freemusicarchive.org/music/Lucky_Dragons/Dream_Island_Laughing_Language/Givers,fma/fma_small/014/014690.mp3,bae222d0779608d2735fb34a334a2ab5a4fcfcc7055564f721b7458878e58b12,44100,2,30.013990929705216,44100,2,5.0,15.0,10.0,True,-20.0,-4.554093405998623,-3.7557286856755807,0.16892917454242706,0.15409424901008606,-22.319010828601073,-22.402423903600596,1.0,1.0,02e6526d45866004f823bf746b4c47f50d43c8ea9d39148ce5e8220cd4e16dda
pedalboard-fma-test-v0.1,fma_small,test,fma_test_110209,110209,Experimental,Attribution-NonCommercial 3.0 International,http://creativecommons.org/licenses/by-nc/3.0/,http://freemusicarchive.org/music/CIRCUSMARCUS/La_tapa_del_da/circus-marcus_la-tapa-del-dia_la-tapa-del-viernes,fma/fma_small/110/110209.mp3,50812e122b838ad8bb13e99a28ff55f0ab04c0b2ebadc82b2c6ccf2c4afb4fb5,44100,2,29.98857142857143,44100,2,5.0,15.0,10.0,True,-20.0,-24.148382872635207,-21.396469729812033,0.6428143382072449,0.6442481875419617,-23.59242427641005,-24.20882600246316,0.9200000166893005,0.949999988079071,050ef4424c27a2ec6280f6f3e2930f9504b55f39b525f89a60e8f1e8a4e9eff4
pedalboard-fma-test-v0.1,fma_small,test,fma_test_122106,122106,Experimental,Attribution-NonCommercial,http://creativecommons.org/licenses/by-nc/4.0/,http://freemusicarchive.org/music/Electroblurgen/The_Smiley_Frowny_Spider/Electroblurgen_-_01_-_Gentle_Cruel_Orb,fma/fma_small/122/122106.mp3,6693eeea8989f9add2b7c6d69f2a85a45574f51650ecfd11ee6ce6cc236fc9c6,44100,1,30.01469387755102,44100,2,5.0,15.0,10.0,True,-20.0,-14.357242629765116,-15.705882306846663,0.4505153000354767,0.4654601216316223,-23.32201841881467,-22.43725730361009,1.0,1.0,089a94dd2ac38838a4b77ce89a80e8bcc06a63377df586e0ee83d250c98b5f69
pedalboard-fma-test-v0.1,fma_small,test,fma_test_036799,36799,Experimental,Attribution-NonCommercial-ShareAlike 3.0 International,http://creativecommons.org/licenses/by-nc-sa/3.0/,http://freemusicarchive.org/music/Rully_Shabara__Wukir/Senyawa/01_Tanah,fma/fma_small/036/036799.mp3,538fdf95162c594a00743061e1938aacbf2575cd9167ac9e2bec6af9d75e70e6,44100,2,30.01469387755102,44100,2,5.0,15.0,10.0,True,-20.0,-16.889529594122468,-17.019445771098123,0.34123897552490234,0.35195910930633545,-22.728654335334685,-22.640392843435716,1.0,1.0,0b3637825e72748d480c7ad9ebaadc92e04022dd130fbc5e4580b028b7241750
pedalboard-fma-test-v0.1,fma_small,test,fma_test_001069,1069,Experimental,Attribution-Noncommercial-Share Alike 3.0 United States,http://creativecommons.org/licenses/by-nc-sa/3.0/us/,http://freemusicarchive.org/music/Lucky_Dragons/Norteas/Un_Lagrima_en_la_Discoteca,fma/fma_small/001/001069.mp3,21d60b9c660893ecd2e7fc7ca9c78399caa5d1869534930cde26b22621710862,44100,2,29.962448979591837,44100,2,5.0,15.0,10.0,True,-20.0,-8.902978486043903,-8.558904855193065,0.27870768308639526,0.2678830623626709,-23.335356217551908,-23.56023272431111,1.0,1.0,19b7347a2a077fc5681aa174d81313c50832ac20007ff5e3f5da920f03fe5cf2
pedalboard-fma-test-v0.1,fma_small,test,fma_test_007379,7379,Experimental,Attribution-NonCommercial-ShareAlike 3.0 International,http://creativecommons.org/licenses/by-nc-sa/3.0/,http://freemusicarchive.org/music/Lucky_Dragons/Dark_Falcon/its_hard_to_fall_asleep,fma/fma_small/007/007379.mp3,515204620e661611eef755655edcb8305c9433864cebe506461eab2f365f387a,44100,2,29.962448979591837,44100,2,5.0,15.0,10.0,True,-20.0,-7.357840180679461,-10.028975189165001,0.23328779637813568,0.3172844350337982,-20.024891208755218,-20.7343286378096,1.0,1.0,2095485f73aaa19073088bd4a13969c3680b89241d5e942ae60015c6cd143ee4
pedalboard-fma-test-v0.1,fma_small,test,fma_test_063149,63149,Experimental,Attribution-Noncommercial-Share Alike 3.0 United States,http://creativecommons.org/licenses/by-nc-sa/3.0/us/,http://freemusicarchive.org/music/Lucky_Dragons/Relax_in_a_Hurry/lucky_dragons_-_relax_in_a_hurry_-_25_25,fma/fma_small/063/063149.mp3,48650de9b03114d6d7438f739225ba5d78e1b31a81657345df2b0b4ca7574719,44100,2,29.962448979591837,44100,2,5.0,15.0,10.0,True,-20.0,-19.64102006562452,-19.804711164325518,0.4388601779937744,0.44250571727752686,-22.003388313189998,-21.965190446978955,1.0,1.0,26538cc23783e0bc4604bf7734a0512f6743311b4112b037ecac48b7aabb8a47
pedalboard-fma-test-v0.1,fma_small,test,fma_test_011019,11019,Experimental,Attribution-NonCommercial-ShareAlike 3.0 International,http://creativecommons.org/licenses/by-nc-sa/3.0/,http://freemusicarchive.org/music/Lucky_Dragons/Dream_Island_Laughing_Language/Mirror_Friends,fma/fma_small/011/011019.mp3,98dc270697a95f3210355cf5c2de22c9a3b242dcdbac2406494cedeb907b26eb,44100,2,29.962448979591837,44100,2,5.0,15.0,10.0,True,-20.0,-9.067470042797614,-8.586389948113535,0.2840360701084137,0.26873207092285156,-22.52199837087495,-22.563684646919956,1.0,1.0,26778177c2e4711f32aa81a9eb25f345a6b0ff63f8725450a9acd7dc76e58669
pedalboard-fma-test-v0.1,fma_small,test,fma_test_111216,111216,Experimental,Attribution-Noncommercial-Share Alike 3.0 United States,http://creativecommons.org/licenses/by-nc-sa/3.0/us/,http://freemusicarchive.org/music/Minicomponente/En_Berli/01_Un_quintero_normal,fma/fma_small/111/111216.mp3,5478a0c5b3f3257d394a5eb070b6a037a7863affe09bfcdb0d4a8fab1c914f00,44100,2,29.962448979591837,44100,2,5.0,15.0,10.0,True,-20.0,-14.036912278707709,-13.713701845472631,0.4029749929904938,0.4084374010562897,-21.82404527452169,-21.606577244780926,1.0,1.0,28737dd3ffffb02f883d17407e21eb40d0473ae168a3a529fffa38e9b4d2e9c3
pedalboard-fma-test-v0.1,fma_small,test,fma_test_110204,110204,Experimental,Attribution-NonCommercial 3.0 International,http://creativecommons.org/licenses/by-nc/3.0/,http://freemusicarchive.org/music/CIRCUSMARCUS/La_tapa_del_da/circus-marcus_la-tapa-del-dia_la-tapa-del-domingo,fma/fma_small/110/110204.mp3,6af8a569216700fc26c97227fd2cf7a6b32f8aed5c4b4e378442e0147ed7ff20,44100,2,29.962448979591837,44100,2,5.0,15.0,10.0,True,-20.0,-13.832273016154849,-15.03471063439497,0.32934659719467163,0.35641273856163025,-22.341207686504468,-22.331756361482043,1.0,1.0,2e3f62449bdfbc2c5c3edde1f2355774b37ced8ecce785cfc493051b5fcb39fa
pedalboard-fma-test-v0.1,fma_small,test,fma_test_067457,67457,Experimental,Attribution-NonCommercial 3.0 International,http://creativecommons.org/licenses/by-nc/3.0/,http://freemusicarchive.org/music/Big_City_Orchestra/Trixxy_Pixxy/csr009-01-bco_a-kiss,fma/fma_small/067/067457.mp3,95c534709f0abd6d94dc67c229fdb7d37bf12d9e6dad8f26f5e882b2aed858e7,44100,2,29.962448979591837,44100,2,5.0,15.0,10.0,True,-20.0,-17.153824702182735,-16.415639858775798,0.47448256611824036,0.49059614539146423,-21.81095063010803,-21.60453746359336,1.0,1.0,2e454aab63d1615d1fe057b1656cd7312beafdef2da1934c1d4edf7eedc86a36
pedalboard-fma-test-v0.1,fma_small,test,fma_test_039318,39318,Experimental,Attribution-Noncommercial-Share Alike 3.0 United States,http://creativecommons.org/licenses/by-nc-sa/3.0/us/,http://freemusicarchive.org/music/John_Badger__The_Moustache_Riders_of_Doom/Saint_Carbonarius_Speaks/johnbadgerJuly2010no1,fma/fma_small/039/039318.mp3,7fb42917ed90ae669d49206260d2757c5a793b9c2d026c7b2003a928ae06ca7d,44100,2,29.98857142857143,44100,2,5.0,15.0,10.0,True,-20.0,-7.638914218593087,-7.861286137582248,0.24096041917800903,0.24720901250839233,-22.276339843161704,-21.562623417854727,1.0,1.0,2f3b89e0979dfe7003e65f9844598c4c631c9361ca6b6425d26a0894ebd08c84
pedalboard-fma-test-v0.1,fma_small,test,fma_test_051301,51301,Experimental,Attribution-Noncommercial-Share Alike 3.0 United States,http://creativecommons.org/licenses/by-nc-sa/3.0/us/,http://freemusicarchive.org/music/John_Badger__The_Moustache_Riders_of_Doom/Hanging_Man/01_Skeletons_Fighting_Over_A_Pickled_Herring,fma/fma_small/051/051301.mp3,0ba0bc893fdbd85848aba616faab447bf592eab9fb9327a66163f99d03e971a0,44100,2,29.98857142857143,44100,2,5.0,15.0,10.0,True,-20.0,-8.182530363533694,-7.4270300351234075,0.25652313232421875,0.23515352606773376,-22.01415256743859,-22.063542437181436,1.0,1.0,2fcbedbf7e76b8d261af67ddc580b6961b25725783bb4836171b25ce04977f95
pedalboard-fma-test-v0.1,fma_small,test,fma_test_086256,86256,Experimental,Attribution-NonCommercial-ShareAlike 3.0 International,http://creativecommons.org/licenses/by-nc-sa/3.0/,http://freemusicarchive.org/music/echosonic/Drones_To_Make_Dinner_By/Drones_To_Make_Dinner_By_-_05_-_echosonic_-_Warped_Picture_of_the_Restaurant,fma/fma_small/086/086256.mp3,e38260ba9a1f9b4fecaed54187e8eeba88bdb3b0c702ea60e88bd7a2b7d2a99c,44100,2,29.98857142857143,44100,2,5.0,15.0,10.0,True,-20.0,-11.859931369063121,-11.42995049234828,0.31122612953186035,0.3402889370918274,-23.848813724991015,-23.88367549276042,1.0,1.0,376f72c33b63c45cc4029ecf9700543587c52521003efc40e656209922302538
pedalboard-fma-test-v0.1,fma_small,test,fma_test_007381,7381,Experimental,Attribution-NonCommercial-ShareAlike 3.0 International,http://creativecommons.org/licenses/by-nc-sa/3.0/,http://freemusicarchive.org/music/Lucky_Dragons/Dark_Falcon/id_play_at_the_rotunda,fma/fma_small/007/007381.mp3,8d61ea444f03845286d7a5e87f8552d41efb22ed723b4d4839a124439ddc359a,44100,2,29.98857142857143,44100,2,5.0,15.0,10.0,True,-20.0,-15.111351797977699,-16.12956862964347,0.36799386143684387,0.3488624095916748,-22.85046481883915,-23.477051146039503,1.0,1.0,4823188f8a899cfe5c66ae8abac3b85ed14b3ed42896be0e8460d18cdaceea55
pedalboard-fma-test-v0.1,fma_small,test,fma_test_063161,63161,Experimental,Attribution-Noncommercial-Share Alike 3.0 United States,http://creativecommons.org/licenses/by-nc-sa/3.0/us/,http://freemusicarchive.org/music/Lucky_Dragons/Relax_in_a_Hurry/lucky_dragons_-_relax_in_a_hurry_-_13_13,fma/fma_small/063/063161.mp3,38e833ae77de6760f9be6767a44b3338e8655fa00910c8447ab1c75ee1e7e52b,44100,2,29.98857142857143,44100,2,5.0,15.0,10.0,True,-20.0,-18.46914013934312,-17.41957473197562,0.58565753698349,0.5187804102897644,-22.317248783692527,-22.32531909030973,1.0,1.0,4a94ef28b72a0d91a15a506f83f3a317c75387579bd92e0cd3d89ac093246b6e
pedalboard-fma-test-v0.1,fma_small,test,fma_test_122155,122155,Experimental,Attribution-NonCommercial-ShareAlike 3.0 International,http://creativecommons.org/licenses/by-nc-sa/3.0/,http://freemusicarchive.org/music/John_Hyatt__Jaan_Patterson/Ergo_Protagonists/Jaan_Patterson_-_24_Destroyer,fma/fma_small/122/122155.mp3,e94bbe096cce736df26fd95a87f7a6379bd449ecec9b5ab5f0aeaef766182a74,44100,2,29.98857142857143,44100,2,5.0,15.0,10.0,True,-20.0,-10.953953423442233,-10.465683228563917,0.31293657422065735,0.294863224029541,-22.137611531442314,-22.34122632830923,1.0,1.0,4af24e8a986c277d74936c1648d01c06a7dfe114d16956c11d68507862b6193a
pedalboard-fma-test-v0.1,fma_small,test,fma_test_039317,39317,Experimental,Attribution-Noncommercial-Share Alike 3.0 United States,http://creativecommons.org/licenses/by-nc-sa/3.0/us/,http://freemusicarchive.org/music/John_Badger__The_Moustache_Riders_of_Doom/Saint_Carbonarius_Speaks/BraveNewWorldB,fma/fma_small/039/039317.mp3,6d3fcf56498785dbc91e13af37ec2343e0c7705a611a0748cf5e3b609852bed2,44100,2,29.98857142857143,44100,2,5.0,15.0,10.0,True,-20.0,-4.838703855971865,-4.924874816513744,0.174556165933609,0.17629651725292206,-21.845565752281342,-21.58643089538507,1.0,1.0,5563cf436f0d9908161a28e62f4e37295dbc94e65b408d0ecdb74c531e8ae0de
pedalboard-fma-test-v0.1,fma_small,test,fma_test_084057,84057,Experimental,Attribution-NonCommercial-ShareAlike 3.0 International,http://creativecommons.org/licenses/by-nc-sa/3.0/,http://freemusicarchive.org/music/Sydney_Beveridge/Megapolis_Festival_Remix_Workshop_2013/star_spangled_preachers_sydney,fma/fma_small/084/084057.mp3,067c91254a3ed68458dc13e060d21e0bc9204833014009415f9655168b87e6a9,44100,2,29.962448979591837,44100,2,5.0,15.0,10.0,True,-20.0,-21.23737389478634,-24.522829646101417,0.6951918005943298,0.5415992140769958,-21.787783056560365,-22.639698248067774,1.0,1.0,5d83f7840aeece3efab527b6c2321c0483cd8d328afe7c03f2503b18975bc89b
pedalboard-fma-test-v0.1,fma_small,test,fma_test_007383,7383,Experimental,Attribution-NonCommercial-ShareAlike 3.0 International,http://creativecommons.org/licenses/by-nc-sa/3.0/,http://freemusicarchive.org/music/Lucky_Dragons/Dark_Falcon/i_hear_horrible_music,fma/fma_small/007/007383.mp3,531cd94df1d7735c860726b721e0402db00448186ea461354c5b50a5cf7083d0,44100,2,29.98857142857143,44100,2,5.0,15.0,10.0,True,-20.0,-12.4134759354249,-15.866792958572336,0.41751664876937866,0.6213547587394714,-24.70253807446435,-21.814344853784384,0.9800000190734863,1.0,64e1136f4e5fac840ea16164cc8f9504f7708294a5dbaf7b26c8d275df8f0ddd
pedalboard-fma-test-v0.1,fma_small,test,fma_test_126507,126507,Experimental,Attribution-NonCommercial-ShareAlike 3.0 International,http://creativecommons.org/licenses/by-nc-sa/3.0/,http://freemusicarchive.org/music/CROCODILE_TEARS/An_Appreciation/04_Okruzen_mrtvima_Hymne_de_Soleil,fma/fma_small/126/126507.mp3,f41629ddbae8777ac773cfc7cc04491babdac1b75ee607653176432ec66fc9e0,44100,2,29.98857142857143,44100,2,5.0,15.0,10.0,True,-20.0,-12.520426045370618,-12.945027470344208,0.3529313802719116,0.38870930671691895,-22.684225926533216,-22.696497833406006,1.0,1.0,67b31435e6c313e1839c85c27ff77ccabc588557ab71543030e3c1af1da81f95
pedalboard-fma-test-v0.1,fma_small,test,fma_test_068537,68537,Experimental,Attribution-NonCommercial 3.0 International,http://creativecommons.org/licenses/by-nc/3.0/,http://freemusicarchive.org/music/andybrannan/Walla_Walla_Walla/Walla_Walla_Walla_-_andybrannan_-_Ambience_Brooklyn_Zoo_Kids_Waiting_for_Train,fma/fma_small/068/068537.mp3,04cdf24e5bd171c50f78ec739f0dea9fc35c285e093bf1d5b0cb7c12195c1247,44100,2,29.962448979591837,44100,2,5.0,15.0,10.0,True,-20.0,-19.73926801455756,-18.846957292505543,0.4246280789375305,0.4008302390575409,-23.463910707284533,-23.392220546391016,1.0,1.0,69fd2660eb68a9dfe059ab444d1dd0d5564068906859bf6c7179386111c15c5d
pedalboard-fma-test-v0.1,fma_small,test,fma_test_121998,121998,Experimental,Attribution-NonCommercial-ShareAlike 3.0 International,http://creativecommons.org/licenses/by-nc-sa/3.0/,http://freemusicarchive.org/music/Beauty_School/A_Tribute_to_the_Passing_Of_Christopher_Lee__Ornette_Coleman/24_Beauty_School_-_Leftover_Skin,fma/fma_small/121/121998.mp3,3f304105103fdd9505e66be923fba05c913342484370b62f249cc930c9da932d,44100,2,30.01469387755102,44100,2,5.0,15.0,10.0,True,-20.0,-15.692743536605958,-14.519363684634916,0.36213934421539307,0.30872365832328796,-23.23252450376243,-23.438095024366035,1.0,1.0,6c08181a454653c6514e4497bf26999d910676d4e3f289e597958b43bcd58fc0
pedalboard-fma-test-v0.1,fma_small,test,fma_test_010387,10387,Folk,Attribution-Noncommercial-Share Alike 3.0 United States,http://creativecommons.org/licenses/by-nc-sa/3.0/us/,http://freemusicarchive.org/music/Big_Blood/Big_Blood_amp_The_Bleedin_Hearts_1295/Tease_it_Like_a_Cop,fma/fma_small/010/010387.mp3,27986d34576ca8cf5696bfbcf11a0c72936a0bc8b6d115955f9ed2d6795d6773,44100,2,30.01469387755102,44100,2,5.0,15.0,10.0,True,-20.0,-10.31751381238479,-10.172423683366441,0.2939753234386444,0.2715141177177429,-22.755357060820387,-22.77674856965868,1.0,1.0,01fbda20677ce8462d87905241d2933473d8b7f494bcf111b6fd65a9a2aae055
pedalboard-fma-test-v0.1,fma_small,test,fma_test_040242,40242,Folk,Attribution-Noncommercial-Share Alike 3.0 United States,http://creativecommons.org/licenses/by-nc-sa/3.0/us/,http://freemusicarchive.org/music/Big_Blood/none_given_1524/Song_for_RO-HE-GE,fma/fma_small/040/040242.mp3,26d46273957065ae9f391fdd1b934b931bca6639fda8a30af6c763a273a03e63,44100,2,29.962448979591837,44100,2,5.0,15.0,10.0,True,-20.0,-8.310114466765816,-8.154938196786487,0.2547141909599304,0.2493206411600113,-22.4742019770245,-22.46211019888488,1.0,1.0,04c6535babeee9080ae728647053caa62006c2982e807d1ab71ce069f251f22d
pedalboard-fma-test-v0.1,fma_small,test,fma_test_040236,40236,Folk,Attribution-Noncommercial-Share Alike 3.0 United States,http://creativecommons.org/licenses/by-nc-sa/3.0/us/,http://freemusicarchive.org/music/Big_Blood/none_given_1524/Waiting_Is_,fma/fma_small/040/040236.mp3,90d58d52bae7ed8e1b0e0d3fc340c43e636cf575c7a95b28aade42ce4eef4a22,44100,2,30.01469387755102,44100,2,5.0,15.0,10.0,True,-20.0,-10.611836689112977,-11.648507997371626,0.3129766881465912,0.31664884090423584,-22.477423156157123,-22.4857014619609,1.0,1.0,051ffb09e2d21120f5d184095ba50848afdbf58afd98a359af2fc09d409c632d
pedalboard-fma-test-v0.1,fma_small,test,fma_test_012046,12046,Folk,Attribution-Noncommercial-Share Alike 3.0 United States,http://creativecommons.org/licenses/by-nc-sa/3.0/us/,http://freemusicarchive.org/music/Big_Blood/Already_Gone_I/Well_Water,fma/fma_small/012/012046.mp3,3e5a6fe30b9750b02895db78894e7a3e76fb8fc2cb0df2da6384d991219247d6,44100,2,29.962448979591837,44100,2,5.0,15.0,10.0,True,-20.0,-9.108840608689455,-9.022636628162706,0.285392165184021,0.28257375955581665,-22.3380340788219,-22.30809190788156,1.0,1.0,080d9c781ec908a9e06412724c9157201ab331c279a630308bd3dd5c593cbbc3
pedalboard-fma-test-v0.1,fma_small,test,fma_test_010384,10384,Folk,Attribution-Noncommercial-Share Alike 3.0 United States,http://creativecommons.org/licenses/by-nc-sa/3.0/us/,http://freemusicarchive.org/music/Big_Blood/Big_Blood_amp_The_Bleedin_Hearts_1295/Blood_Mumble,fma/fma_small/010/010384.mp3,2a8595b45df896d27fe8a1fd3659354be5673f155d5a1530e1f238110e080b6f,44100,2,30.01469387755102,44100,2,5.0,15.0,10.0,True,-20.0,-11.529888957611066,-11.812005618943376,0.3645399510860443,0.38850507140159607,-22.350928883703006,-22.153972804274396,1.0,1.0,08584a3548144cb66f0c086a7b4c5f2b27ed97c44e8d6826ebe7e8c9c2e12354
pedalboard-fma-test-v0.1,fma_small,test,fma_test_010438,10438,Folk,Attribution-Noncommercial-Share Alike 3.0 United States,http://creativecommons.org/licenses/by-nc-sa/3.0/us/,http://freemusicarchive.org/music/Big_Blood/The_Grove/Little_Lepers,fma/fma_small/010/010438.mp3,05af21b8df2c9777b140b71b68e16a442feb774a801d3df8b2acf88844b19969,44100,2,29.98857142857143,44100,2,5.0,15.0,10.0,True,-20.0,-17.2470076116904,-16.505968761295374,0.30692896246910095,0.3201287090778351,-22.929403386997947,-23.248300546751498,1.0,1.0,091bfe7741435b80b80e2995b827cd053fff3b48e4f3c68156e8cceafcec7836
pedalboard-fma-test-v0.1,fma_small,test,fma_test_012060,12060,Folk,Attribution-Noncommercial-Share Alike 3.0 United States,http://creativecommons.org/licenses/by-nc-sa/3.0/us/,http://freemusicarchive.org/music/Big_Blood/Already_Gone_II/Heart_of_Glass,fma/fma_small/012/012060.mp3,b760faa4f33820d8571a539a8b3ce2c793ec94046b5a68ce4f2df0cbec150bd1,44100,2,30.01469387755102,44100,2,5.0,15.0,10.0,True,-20.0,-9.74269903432376,-9.153526515572526,0.29069599509239197,0.264658123254776,-22.203651024160752,-22.404245136824503,1.0,1.0,0b80084c2deeee009fda136c99c4e3db63682b9b9c24f879208594ffadb0caf7
pedalboard-fma-test-v0.1,fma_small,test,fma_test_010382,10382,Folk,Attribution-Noncommercial-Share Alike 3.0 United States,http://creativecommons.org/licenses/by-nc-sa/3.0/us/,http://freemusicarchive.org/music/Big_Blood/Big_Blood_amp_The_Bleedin_Hearts_1295/New_Dish_Rag,fma/fma_small/010/010382.mp3,4fc904be604b58ca0707567913f14779b28f64b71e5a4b3ccca8dad5a0dabfac,44100,2,29.98857142857143,44100,2,5.0,15.0,10.0,True,-20.0,-17.53624076306903,-17.48349945324666,0.2506104111671448,0.24355342984199524,-24.249278578053996,-24.153690417723116,1.0,1.0,0beddff9ce2b9b5e94e75b2d32e0e5a0ab5bd3c34877ba382ac4640ff2fb2b6e
pedalboard-fma-test-v0.1,fma_small,test,fma_test_012065,12065,Folk,Attribution-Noncommercial-Share Alike 3.0 United States,http://creativecommons.org/licenses/by-nc-sa/3.0/us/,http://freemusicarchive.org/music/Big_Blood/Already_Gone_II/So_Old_Again,fma/fma_small/012/012065.mp3,0a2d0ef1c255ae62b3dbb0553df34236bb2f7a6c95b53f6bca779eb06aec5e85,44100,2,29.98857142857143,44100,2,5.0,15.0,10.0,True,-20.0,-8.77055833401298,-8.868132643282157,0.2744908928871155,0.2775917947292328,-22.198001405633367,-22.188115081380214,1.0,1.0,0f47466984cc006ac189ae030496ef6fbbd3288242078473dde5ef423f01143e
pedalboard-fma-test-v0.1,fma_small,test,fma_test_053586,53586,Folk,Attribution-Noncommercial-Share Alike 3.0 United States,http://creativecommons.org/licenses/by-nc-sa/3.0/us/,http://freemusicarchive.org/music/Big_Blood/Big_Blood__The_Wicked_Hex/run_1128,fma/fma_small/053/053586.mp3,75f7db9216f20866c63c8fc4763e6efca9cb91f31f95cbcc08f53114f7bcb3e4,44100,2,29.98857142857143,44100,2,5.0,15.0,10.0,True,-20.0,-8.344299192028563,-8.446731866923864,0.26134544610977173,0.2644457519054413,-22.757464507115543,-22.736636494743315,1.0,1.0,160e95a44c743a1eb6ad0177c1f4e0747839e0bfddd58e78026078238ff35d26
pedalboard-fma-test-v0.1,fma_small,test,fma_test_012059,12059,Folk,Attribution-Noncommercial-Share Alike 3.0 United States,http://creativecommons.org/licenses/by-nc-sa/3.0/us/,http://freemusicarchive.org/music/Big_Blood/Already_Gone_II/Brotha-o-Brotha-o-,fma/fma_small/012/012059.mp3,82c4341b983b784d5977b87a9c1a81acb733a1eaf4b2eb1c4b2fb148ecd0dfff,44100,2,29.962448979591837,44100,2,5.0,15.0,10.0,True,-20.0,-13.02426884393611,-12.731795648342585,0.2673375904560089,0.2635088860988617,-22.26515856516496,-22.423931812178687,1.0,1.0,1784dcf0cb433e2039ef5f3dc69eb25e162b8825415f8d1f4e41be8c933ad61d
pedalboard-fma-test-v0.1,fma_small,test,fma_test_010440,10440,Folk,Attribution-Noncommercial-Share Alike 3.0 United States,http://creativecommons.org/licenses/by-nc-sa/3.0/us/,http://freemusicarchive.org/music/Big_Blood/The_Grove/No_Gravity_Blues,fma/fma_small/010/010440.mp3,ed894efaeaab4a4831b1f7d02336006f6a3ebb51c04738eebe08801e47450d18,44100,2,29.98857142857143,44100,2,5.0,15.0,10.0,True,-20.0,-12.950270474783173,-13.067664924141141,0.234536811709404,0.2539985775947571,-22.60413946530475,-22.723929659353477,1.0,1.0,1aa5020b2073a585afac94735fbd6e91e764a48ace02e92a07e8ea4bea50328f
pedalboard-fma-test-v0.1,fma_small,test,fma_test_010444,10444,Folk,Attribution-Noncommercial-Share Alike 3.0 United States,http://creativecommons.org/licenses/by-nc-sa/3.0/us/,http://freemusicarchive.org/music/Big_Blood/The_Grove/Restless_Purity,fma/fma_small/010/010444.mp3,382ee3740b565bc70c257a580fb87fddd10c0bb3bb9ca52ab01273346790bd98,44100,2,29.98857142857143,44100,2,5.0,15.0,10.0,True,-20.0,-11.646675562750717,-10.979806545550035,0.32601484656333923,0.3245580494403839,-23.31619851291819,-23.87987518497735,1.0,1.0,281cceb1a847d97e1d50a8102377447d51aafe549152b45477d03d233ebe59fa
pedalboard-fma-test-v0.1,fma_small,test,fma_test_010441,10441,Folk,Attribution-Noncommercial-Share Alike 3.0 United States,http://creativecommons.org/licenses/by-nc-sa/3.0/us/,http://freemusicarchive.org/music/Big_Blood/The_Grove/In_The_Shade,fma/fma_small/010/010441.mp3,04630b5b5545ab4be62add14e77cf8b787cf525c7433518e3e12f5fc8c5e4c3d,44100,2,29.98857142857143,44100,2,5.0,15.0,10.0,True,-20.0,-12.581144761439147,-11.982194504946179,0.39706867933273315,0.3614206314086914,-22.156919748682363,-22.275461832146576,1.0,1.0,2976469f106371d58f991088f21ee34dcc75b4b6a189ba5fef635a2a142ca8bb
pedalboard-fma-test-v0.1,fma_small,test,fma_test_040244,40244,Folk,Attribution-Noncommercial-Share Alike 3.0 United States,http://creativecommons.org/licenses/by-nc-sa/3.0/us/,http://freemusicarchive.org/music/Big_Blood/none_given_1524/_Is_All_We_Have,fma/fma_small/040/040244.mp3,643648db293668ca2d1113cf9f9e3dd328e84b817a537af5bbbd51ba214b0336,44100,2,29.98857142857143,44100,2,5.0,15.0,10.0,True,-20.0,-9.968774296949901,-10.129524987816755,0.30419400334358215,0.3157387375831604,-21.912830462623447,-21.880203662812015,1.0,1.0,2aac03a15b16ed6188bf25e5c0cd80019c125b0944f3acc723f14164468551b3
pedalboard-fma-test-v0.1,fma_small,test,fma_test_063250,63250,Folk,Attribution-Noncommercial-Share Alike 3.0 United States,http://creativecommons.org/licenses/by-nc-sa/3.0/us/,http://freemusicarchive.org/music/Big_Blood/Old_Time_Primitives/Out_of_Turn,fma/fma_small/063/063250.mp3,3cf69b927f9c50f257f2fdcfac97c201ec14310af6120fd412955550cd4c0040,44100,2,30.01469387755102,44100,2,5.0,15.0,10.0,True,-20.0,-7.7497405147588685,-7.860268441524467,0.2440546154975891,0.2471800595521927,-22.326116721286567,-22.32948229553109,1.0,1.0,2ac5f624b278616d1fb0a3cb9d1b2efc9cef4f212b0fc0de48620370732a93c4
pedalboard-fma-test-v0.1,fma_small,test,fma_test_012489,12489,Folk,Attribution-Noncommercial-Share Alike 3.0 United States,http://creativecommons.org/licenses/by-nc-sa/3.0/us/,http://freemusicarchive.org/music/Big_Blood/Sew_Your_Wild_Days_Tour_Vol_II/Preese_Preese,fma/fma_small/012/012489.mp3,77c2f33f36cef2b80a91dcd96a508cd0f4f48b34c6a58274266d572f6faf7214,44100,2,29.962448979591837,44100,2,5.0,15.0,10.0,True,-20.0,-11.491687138215077,-11.550251668827835,0.3063768744468689,0.32219621539115906,-22.795108572335124,-22.74731417914225,1.0,1.0,2d1a00928fd96a3ae522e1fd07433eb3c73514c468ace920254d7238bfc5d0f7
pedalboard-fma-test-v0.1,fma_small,test,fma_test_012051,12051,Folk,Attribution-Noncommercial-Share Alike 3.0 United States,http://creativecommons.org/licenses/by-nc-sa/3.0/us/,http://freemusicarchive.org/music/Big_Blood/Already_Gone_I/Comin_Home_Pt_II,fma/fma_small/012/012051.mp3,6f22cdcf03b217efa04d8a2a63f31146aa0f7e64c6d2e869614100873b8706b5,44100,2,30.01469387755102,44100,2,5.0,15.0,10.0,True,-20.0,-12.737294206248245,-11.54156426190523,0.35337281227111816,0.2929701805114746,-22.853700092671506,-24.094460011279754,1.0,1.0,2d8fd941ce6ce4742d2b636f3369bd59d93d3f49c0e107445df7771778e5964e
pedalboard-fma-test-v0.1,fma_small,test,fma_test_010388,10388,Folk,Attribution-Noncommercial-Share Alike 3.0 United States,http://creativecommons.org/licenses/by-nc-sa/3.0/us/,http://freemusicarchive.org/music/Big_Blood/Big_Blood_amp_The_Bleedin_Hearts_1295/Night_Lighter,fma/fma_small/010/010388.mp3,de6934412eb17f4965dfe91ba60e5830b6027040d7d3b9ceb9780df676430891,44100,2,29.962448979591837,44100,2,5.0,15.0,10.0,True,-20.0,-11.544506345886058,-11.57104612883929,0.27118077874183655,0.27127906680107117,-22.179692930213626,-22.23339455680346,1.0,1.0,2f653cb1b59f471115f02bf5e1b72110935ba557ca349a045df38ead5dfe23d9
pedalboard-fma-test-v0.1,fma_small,test,fma_test_063257,63257,Folk,Attribution-Noncommercial-Share Alike 3.0 United States,http://creativecommons.org/licenses/by-nc-sa/3.0/us/,http://freemusicarchive.org/music/Big_Blood/Old_Time_Primitives/Awake_Too_Long,fma/fma_small/063/063257.mp3,934b15a84ce69b4be6a29e83206f8e95a7d77b3ae42ed95cafd9d55a13cfd98c,44100,2,30.01469387755102,44100,2,5.0,15.0,10.0,True,-20.0,-6.914977227626861,-7.0401941424270404,0.22169141471385956,0.22491048276424408,-21.95589129417172,-21.987980795305262,1.0,1.0,32a0a638ed62b4a1a09c8ff6e26ca08b3ed1269f7225ec42dba97dbb8101da50
pedalboard-fma-test-v0.1,fma_small,test,fma_test_012482,12482,Folk,Attribution-Noncommercial-Share Alike 3.0 United States,http://creativecommons.org/licenses/by-nc-sa/3.0/us/,http://freemusicarchive.org/music/Big_Blood/Sew_Your_Wild_Days_Tour_Vol_II/She_Said_Nothing_II,fma/fma_small/012/012482.mp3,80a35cbd694f48e080c653bdd070c77cb13d59740babe269b7ec6eca0cf8066e,44100,2,29.98857142857143,44100,2,5.0,15.0,10.0,True,-20.0,-12.640289408707769,-12.345907911860317,0.3080664873123169,0.3373417854309082,-22.168987514146572,-22.278385515758874,1.0,1.0,330c62158e531ca70094e342c44b674d592a699cde061cce68a6ee08d8b9d0b7
pedalboard-fma-test-v0.1,fma_small,test,fma_test_010383,10383,Folk,Attribution-Noncommercial-Share Alike 3.0 United States,http://creativecommons.org/licenses/by-nc-sa/3.0/us/,http://freemusicarchive.org/music/Big_Blood/Big_Blood_amp_The_Bleedin_Hearts_1295/Graceless_Lady,fma/fma_small/010/010383.mp3,a5247d66566c241cd753120f79dfb4f4e853b2dddd2b276c5bda51ecf265f0e6,44100,2,29.962448979591837,44100,2,5.0,15.0,10.0,True,-20.0,-10.119994759470503,-10.357989092663878,0.31013619899749756,0.30476170778274536,-22.92433175320152,-22.72974419228557,1.0,1.0,33a457027a5c110725dc8af11712158fae4e282e75499e99c714574556fabb97
pedalboard-fma-test-v0.1,fma_small,test,fma_test_012481,12481,Folk,Attribution-Noncommercial-Share Alike 3.0 United States,http://creativecommons.org/licenses/by-nc-sa/3.0/us/,http://freemusicarchive.org/music/Big_Blood/Sew_Your_Wild_Days_Tour_Vol_II/Haystack_AP,fma/fma_small/012/012481.mp3,1255946db7654b5d533d86d1206eb072fe7127151c5b9746f5e293120760a0be,44100,2,29.98857142857143,44100,2,5.0,15.0,10.0,True,-20.0,-12.424908251505927,-12.129458030875222,0.33275240659713745,0.3650083839893341,-22.496323331779024,-22.549611908589423,1.0,1.0,340999880b9357de478ecff8607f0e2d6ad6e3272b07b75c64514991b7bef87c
pedalboard-fma-test-v0.1,fma_small,test,fma_test_010443,10443,Folk,Attribution-Noncommercial-Share Alike 3.0 United States,http://creativecommons.org/licenses/by-nc-sa/3.0/us/,http://freemusicarchive.org/music/Big_Blood/The_Grove/Beast_1_Beast,fma/fma_small/010/010443.mp3,9ecb60505f4465a28abd3041c62b4405fa631ec09ed0aa8fa697c745fb7b3772,44100,2,29.98857142857143,44100,2,5.0,15.0,10.0,True,-20.0,-10.789843097768275,-10.732972995039546,0.34364110231399536,0.3077794015407562,-22.124316065766585,-21.968631693864197,1.0,1.0,38b321f28e5a87363ad8988ed394985d6b2d488267d2d74f4e7e27aad61cc230
pedalboard-fma-test-v0.1,fma_small,test,fma_test_012064,12064,Folk,Attribution-Noncommercial-Share Alike 3.0 United States,http://creativecommons.org/licenses/by-nc-sa/3.0/us/,http://freemusicarchive.org/music/Big_Blood/Already_Gone_II/Beatle_Bones_N_Smokin_Stones,fma/fma_small/012/012064.mp3,31bfcea1a69bf44be4870efc6e66438736711a2ca3630af38bf495e98526f2da,44100,2,29.962448979591837,44100,2,5.0,15.0,10.0,True,-20.0,-10.10699960355934,-9.89540062300181,0.27293261885643005,0.2690335810184479,-22.29157703230564,-22.283740864379457,1.0,1.0,38eeecb58a519f6a357d12a1260e17e7bc70bb142272fd83661be53a159a2c99
pedalboard-fma-test-v0.1,fma_small,test,fma_test_040240,40240,Folk,Attribution-Noncommercial-Share Alike 3.0 United States,http://creativecommons.org/licenses/by-nc-sa/3.0/us/,http://freemusicarchive.org/music/Big_Blood/none_given_1524/Creepin_Crazy_Time,fma/fma_small/040/040240.mp3,5ec63a86d637d8add577d3f3c80f3a9cd3d8fe23e9b3b815c770d540fa5e4c36,44100,2,29.98857142857143,44100,2,5.0,15.0,10.0,True,-20.0,-8.562400942821348,-7.427805105483956,0.26355695724487305,0.23116931319236755,-22.621647735586677,-22.42851659046198,1.0,1.0,3994df88d57ba65ac2cf2e17e0e81ea014525d81340f5eaa4505d39c15803368
pedalboard-fma-test-v0.1,fma_small,test,fma_test_132117,132117,Hip-Hop,Attribution-NonCommercial-ShareAlike,http://creativecommons.org/licenses/by-nc-sa/4.0/,http://freemusicarchive.org/music/Timezone_LaFontaine/netBloc_Vol_50_superSonic/01_-_Timezone_LaFontaine_-_Credit_Where_Credit_Is_Due,fma/fma_small/132/132117.mp3,97b40f82b387a8038fdc4baa267239fa8bfd7ae8437130afb061410a91a53c40,44100,2,29.962448979591837,44100,2,5.0,15.0,10.0,True,-20.0,-10.020438713397985,-9.678914625771023,0.305939644575119,0.29188215732574463,-21.38207414853722,-21.44258665441565,1.0,1.0,024f2313bbef0786d6e0c2db8830bd53571e29fa4de1682488ce3c3246871c34
pedalboard-fma-test-v0.1,fma_small,test,fma_test_144213,144213,Hip-Hop,Attribution-NonCommercial-ShareAlike,http://creativecommons.org/licenses/by-nc-sa/4.0/,http://freemusicarchive.org/music/The_Impossebulls/Five_By_Five_II_Sloth/02_-_Rhythm_Roulette,fma/fma_small/144/144213.mp3,96b80854c71cae60d3c34f0c37de04b7972003b7dd5ae90ad9a027bd2288e55a,44100,2,30.01469387755102,44100,2,5.0,15.0,10.0,True,-20.0,-9.53632775806483,-9.659356322692227,0.2997894883155823,0.3040659725666046,-20.730967949228315,-20.730210512855045,1.0,1.0,09959e1f23212db8d34be439a7f9ba9161a7a0077c8e020c42a6e56ccb7aa419
pedalboard-fma-test-v0.1,fma_small,test,fma_test_144212,144212,Hip-Hop,Attribution-NonCommercial-ShareAlike,http://creativecommons.org/licenses/by-nc-sa/4.0/,http://freemusicarchive.org/music/The_Impossebulls/Five_By_Five_II_Sloth/01_-_Life__Times_of_40_Year_Rhymes,fma/fma_small/144/144212.mp3,3cc6e86d69d761ae6c897017714cd0a0dd3345a014dd3703b4e32f1c420bb7e9,44100,2,29.98857142857143,44100,2,5.0,15.0,10.0,True,-20.0,-9.66099128987419,-9.584699080902324,0.3041232228279114,0.29976218938827515,-20.49180163968449,-20.520138218151082,1.0,1.0,0a58062eaeed011c5676fb608a0f41688c485f17e4b2c2044b0cec507673be4b
pedalboard-fma-test-v0.1,fma_small,test,fma_test_110756,110756,Hip-Hop,Attribution-NonCommercial-ShareAlike,http://creativecommons.org/licenses/by-nc-sa/4.0/,http://freemusicarchive.org/music/The_Impossebulls/Slave_Education_XE/15_-_Mediaocrity,fma/fma_small/110/110756.mp3,ddea6093ec4440da53a558272eea6510b17703eee4bb56365d1a7ba35671f0b1,44100,2,30.01469387755102,44100,2,5.0,15.0,10.0,True,-20.0,-8.338008930758077,-8.745046991614775,0.26115626096725464,0.27368584275245667,-21.549300990462346,-21.262641380853605,1.0,1.0,0c2a62da855160c9d8d0b6f30fe2e88073e5adee404efee2be57db9f9087ce22
pedalboard-fma-test-v0.1,fma_small,test,fma_test_154306,154306,Hip-Hop,Attribution,http://creativecommons.org/licenses/by/4.0/,http://freemusicarchive.org/music/Fleslit/Journey_1002/15_Yummy,fma/fma_small/154/154306.mp3,946539de13a2d4b29fed346375236374de9be9d4afdd28b7950f6f105efe13ee,44100,2,29.98857142857143,44100,2,5.0,15.0,10.0,True,-20.0,-25.408482319812393,-20.713674346165245,0.7606659531593323,0.5573348999023438,-21.330205263774232,-21.23688807536886,0.9900000095367432,1.0,13b46c31a216291c711efa5df05bb85c3709b42b84a5364438ec87a21af7c0d8
pedalboard-fma-test-v0.1,fma_small,test,fma_test_089445,89445,Hip-Hop,Creative Commons Attribution,http://creativecommons.org/licenses/by/3.0/,http://freemusicarchive.org/music/Shad__Skratch_Bastid/none_given_1098/03_-_Shad__Skratch_Bastid_-_Outta_My_Head,fma/fma_small/089/089445.mp3,3004ea7fec081779d93f89795c592687b572c3f55bd33f4cb74f41f5cbaecd08,44100,2,29.962448979591837,44100,2,5.0,15.0,10.0,True,-20.0,-8.82866562283705,-8.96427473322855,0.27120643854141235,0.27626946568489075,-21.549599572888614,-21.666690535075528,1.0,1.0,16e4c8bbfaf33585dad5786fe6726d8e92d7b3ab2a389fad6b0caa24e52c7883
pedalboard-fma-test-v0.1,fma_small,test,fma_test_140621,140621,Hip-Hop,Attribution-NonCommercial-ShareAlike,http://creativecommons.org/licenses/by-nc-sa/4.0/,http://freemusicarchive.org/music/The_Impossebulls/Back_To_It_bw_5_x_5/01_-_Back_To_It_12inch_Mixx,fma/fma_small/140/140621.mp3,e6fef86052086f7c4fc6faefc814680abb4c413f10cd202fb1bcbe94f5a9b5cf,44100,2,29.962448979591837,44100,2,5.0,15.0,10.0,True,-20.0,-8.993731223988815,-9.072903267852793,0.28163495659828186,0.2815576195716858,-20.551156397079463,-20.83786873738662,1.0,1.0,1ae105af41d6501e13f420913559759df13415433e17666435a78b1943e2d629
pedalboard-fma-test-v0.1,fma_small,test,fma_test_148032,148032,Hip-Hop,Attribution,http://creativecommons.org/licenses/by/4.0/,http://freemusicarchive.org/music/BoyHoodBuchi/none_given_2763/WitchCraft,fma/fma_small/148/148032.mp3,6daf5cc91837edb8d01dd8159a85e96472142a9c4f4defefd234173e2749db7a,44100,2,29.936326530612245,44100,2,5.0,15.0,10.0,True,-20.0,-4.237725239920312,-6.823737372504696,0.16288693249225616,0.2193748652935028,-22.933431077166585,-22.335277387102117,1.0,1.0,22a7b52f68857c0777212d4b603c75bcd82e108b353902c7a62e5f22e0fee556
pedalboard-fma-test-v0.1,fma_small,test,fma_test_116388,116388,Hip-Hop,Attribution-Noncommercial-Share Alike 3.0 United States,http://creativecommons.org/licenses/by-nc-sa/3.0/us/,http://freemusicarchive.org/music/Asthmatic_Astronaut/Good_Morning_Sunshine/Asthmatic_Astronaut_-_Good_Morning_Sunshine_2005_-_05_Electronica_3,fma/fma_small/116/116388.mp3,e15f889e86fdc3fb364774a946f2e36f50ccb43e780544e87faff64536b23716,44100,2,29.962448979591837,44100,2,5.0,15.0,10.0,True,-20.0,-21.258374368699375,-19.416638386055443,0.6604217290878296,0.5420423150062561,-23.087838687196275,-22.591529791552716,1.0,1.0,22b8191bb061e7514d57612dee14b4b90277c9c318285b5712795f71271d0caf
pedalboard-fma-test-v0.1,fma_small,test,fma_test_154308,154308,Hip-Hop,Attribution,http://creativecommons.org/licenses/by/4.0/,http://freemusicarchive.org/music/Fleslit/Journey_1002/17_MIA,fma/fma_small/154/154308.mp3,b6e2f906e94265dd2e6a1be039091513903f593d68032fe2a360c4b0047412a5,44100,2,29.962448979591837,44100,2,5.0,15.0,10.0,True,-20.0,-19.75216151324744,-19.86414446052426,0.8801588416099548,0.7576766014099121,-22.679849566713877,-22.71050485152584,1.0,1.0,29ebf88cffd4de76d6effb34b3d9c61c79672d9e37037f7f9faf4e43a79c3427
pedalboard-fma-test-v0.1,fma_small,test,fma_test_144214,144214,Hip-Hop,Attribution-NonCommercial-ShareAlike,http://creativecommons.org/licenses/by-nc-sa/4.0/,http://freemusicarchive.org/music/The_Impossebulls/Five_By_Five_II_Sloth/03_-_Idle_Hands,fma/fma_small/144/144214.mp3,eeb860870fb493f372ec5324a72dc2c7816b4690d365d23ba5557b94580d55bc,44100,2,29.962448979591837,44100,2,5.0,15.0,10.0,True,-20.0,-9.787212128147099,-9.824164539509454,0.308574914932251,0.309890478849411,-20.916134626800456,-20.88431797738419,1.0,1.0,2ac29ff873098972051d315fb62242397517696f9f6813f20f42a5b7137f6fea
pedalboard-fma-test-v0.1,fma_small,test,fma_test_110771,110771,Hip-Hop,Attribution-NonCommercial-ShareAlike,http://creativecommons.org/licenses/by-nc-sa/4.0/,http://freemusicarchive.org/music/The_Impossebulls/Slave_Education_XE/10_-_For_More_Years_Instrumental,fma/fma_small/110/110771.mp3,bf86ed0b7b5d38291a38fc75573464fbc4b93fdcceb22c24ba7975babdbc1926,44100,2,29.98857142857143,44100,2,5.0,15.0,10.0,True,-20.0,-11.829968904198353,-11.919271565162061,0.3618837594985962,0.36380642652511597,-21.2649332983295,-21.264840472154884,1.0,1.0,2ae1ecb2a1229a6b1d8d9ad1c05ca941e2ab27e784baac7796687e78de00b95c
pedalboard-fma-test-v0.1,fma_small,test,fma_test_140626,140626,Hip-Hop,Attribution-NonCommercial-ShareAlike,http://creativecommons.org/licenses/by-nc-sa/4.0/,http://freemusicarchive.org/music/The_Impossebulls/Back_To_It_bw_5_x_5/06_-_No_Country_For_Old_Men_Ds_Muddy_Water_Breakfix_Mixx,fma/fma_small/140/140626.mp3,5baa4eb5b21bb784f255dc08f62291bd9d483ce28102543cbf2ff13d1f7701ce,44100,2,29.98857142857143,44100,2,5.0,15.0,10.0,True,-20.0,-9.80642898413837,-9.450675319240938,0.3024565279483795,0.29126450419425964,-21.0830584907399,-21.247929733128935,1.0,1.0,2c183b45751d01a42de08dae620c1cbce121b71014b5fd7ac5179e8f6be4f294
pedalboard-fma-test-v0.1,fma_small,test,fma_test_116389,116389,Hip-Hop,Attribution-Noncommercial-Share Alike 3.0 United States,http://creativecommons.org/licenses/by-nc-sa/3.0/us/,http://freemusicarchive.org/music/Asthmatic_Astronaut/Good_Morning_Sunshine/Asthmatic_Astronaut_-_Good_Morning_Sunshine_2005_-_06_My_heart_beats_to_the_break,fma/fma_small/116/116389.mp3,d5868113b90341ae4ff995cc4022348985dad191098d530386f1a96f4bcf2afb,44100,2,30.01469387755102,44100,2,5.0,15.0,10.0,True,-20.0,-17.04751343816397,-15.752999349703632,0.5428404808044434,0.4676775336265564,-21.98474332646876,-22.343807757243425,1.0,1.0,2eb48b85295236def8726480a362a236c2a9f582c176715ad6e1f79653ea5536
pedalboard-fma-test-v0.1,fma_small,test,fma_test_154307,154307,Hip-Hop,Attribution,http://creativecommons.org/licenses/by/4.0/,http://freemusicarchive.org/music/Fleslit/Journey_1002/16_12_01_AM,fma/fma_small/154/154307.mp3,33ffa7e29053f8d6279fceca54b97044625c77de2873e70cd464a87db7370769,44100,2,29.962448979591837,44100,2,5.0,15.0,10.0,True,-20.0,-16.934650643912494,-16.653472374962405,0.7026394605636597,0.6802579164505005,-19.415162021551183,-19.21638201664314,1.0,1.0,33b8aab97c11980cc2674f2c23d9050d1f18b827938bb5be55772a2ca04a37f6
pedalboard-fma-test-v0.1,fma_small,test,fma_test_110775,110775,Hip-Hop,Attribution-NonCommercial-ShareAlike,http://creativecommons.org/licenses/by-nc-sa/4.0/,http://freemusicarchive.org/music/The_Impossebulls/Slave_Education_XE/14_-_Volume_Video_Edit,fma/fma_small/110/110775.mp3,2e4d75a5d373e0663da2bdbcafc57ce8a0ffc50b7f6fd10f3936eed299e1f465,44100,2,29.962448979591837,44100,2,5.0,15.0,10.0,True,-20.0,-12.24687009448074,-12.603189039522679,0.40958449244499207,0.42673617601394653,-20.10655481725829,-20.63805297556825,1.0,1.0,3f7f89f51aef1dc839c9357f411b5b2d24a1de21fdafdbb54d5376694396ae3a
pedalboard-fma-test-v0.1,fma_small,test,fma_test_140620,140620,Hip-Hop,Attribution-NonCommercial-ShareAlike,http://creativecommons.org/licenses/by-nc-sa/4.0/,http://freemusicarchive.org/music/The_Impossebulls/Bad_Cop/02_-_Bad_Cop_Instrumental,fma/fma_small/140/140620.mp3,17663e230740027f86d15675d97612d0603035ebf773d436a31cb0878c8cd7f4,44100,2,29.98857142857143,44100,2,5.0,15.0,10.0,True,-20.0,-12.656659896390533,-12.264852827183034,0.4280429780483246,0.4104333519935608,-19.63792511028717,-19.772462702723175,1.0,1.0,42f92a68fb54d2dec7a9777225c2c4ccacc96d8c116f919fb587e01d4ca02ee8
pedalboard-fma-test-v0.1,fma_small,test,fma_test_110774,110774,Hip-Hop,Attribution-NonCommercial-ShareAlike,http://creativecommons.org/licenses/by-nc-sa/4.0/,http://freemusicarchive.org/music/The_Impossebulls/Slave_Education_XE/13_-_RSVP_Part_2,fma/fma_small/110/110774.mp3,9606ecb618a5485ddb3ceb305c14744e4285e145a97b893c609adb4cd8af737a,44100,2,29.98857142857143,44100,2,5.0,15.0,10.0,True,-20.0,-11.434783118599556,-11.123451967041591,0.36374959349632263,0.3458150029182434,-21.95973594276749,-22.019469070109206,1.0,1.0,44e49b943d4caa0c3cb9545f99721eb14fe911b07b48aff87d932fba34cc9c9a
pedalboard-fma-test-v0.1,fma_small,test,fma_test_145750,145750,Hip-Hop,Attribution-NonCommercial-ShareAlike,http://creativecommons.org/licenses/by-nc-sa/4.0/,http://freemusicarchive.org/music/The_Impossebulls/Five_By_Five_III_Greed/24_-_Devils_Pie,fma/fma_small/145/145750.mp3,53f7d29e5f13f373150c7040b9ecfe8dd5bcbf123f61638086078ebb90510b05,44100,2,29.962448979591837,44100,2,5.0,15.0,10.0,True,-20.0,-7.327807636664617,-7.211927328923578,0.23248256742954254,0.22940155863761902,-20.952592132606576,-20.8223247319844,1.0,1.0,4b89238e3472ecea329f52f2a14a90acbae49a4dcc864a1f412c7a131cfc4ca4
pedalboard-fma-test-v0.1,fma_small,test,fma_test_110764,110764,Hip-Hop,Attribution-NonCommercial-ShareAlike,http://creativecommons.org/licenses/by-nc-sa/4.0/,http://freemusicarchive.org/music/The_Impossebulls/Slave_Education_XE/03_-_Strictly_Hiphop_Undertheunderground_Mixx,fma/fma_small/110/110764.mp3,7ec6e8e0854a78294bc9939229f7d0c17a1cff9c5419052e83aabb6b1a56e31e,44100,2,30.01469387755102,44100,2,5.0,15.0,10.0,True,-20.0,-10.934846993060074,-10.69876190924009,0.35216188430786133,0.3427189290523529,-21.7228672548734,-21.88695935000215,1.0,1.0,4fdbfc52ccfe50d6cf7374c3f7349bec42bb55a1b0e4a5fc27a577ec7efdf9e3
pedalboard-fma-test-v0.1,fma_small,test,fma_test_150288,150288,Hip-Hop,Attribution-NonCommercial-ShareAlike,http://creativecommons.org/licenses/by-nc-sa/4.0/,http://freemusicarchive.org/music/The_Impossebulls/Five_By_Five_V_Lust/35_-_Thank_U_92,fma/fma_small/150/150288.mp3,b21da62245f6606c9bac5710ab81598127d7426779c19e36a4975d821314e011,44100,2,30.01469387755102,44100,2,5.0,15.0,10.0,True,-20.0,-7.757053076060465,-7.786553199198306,0.24426016211509705,0.24509117007255554,-20.718787290785528,-20.785147097363765,1.0,1.0,5399c8af89b369861769249a42aa54d87cba544112a5e3b03aefe59f7d475ec7
pedalboard-fma-test-v0.1,fma_small,test,fma_test_140609,140609,Hip-Hop,Attribution-NonCommercial-ShareAlike,http://creativecommons.org/licenses/by-nc-sa/4.0/,http://freemusicarchive.org/music/The_Impossebulls/The_Devils_You_Know/Back_To_It_w_Daddy-O_of_Stetsasonic,fma/fma_small/140/140609.mp3,04babccd309b6eb76700eb1bd4dbfc0512db67a4cb469cf9375245971a447a23,44100,2,29.98857142857143,44100,2,5.0,15.0,10.0,True,-20.0,-9.425267971347584,-9.597154544536162,0.29598069190979004,0.30189624428749084,-20.54016512090465,-20.44311072638135,1.0,1.0,54d33be5fdf05df870214f1e8241d258d5b0f885ab3f6c7df30d503989738056
pedalboard-fma-test-v0.1,fma_small,test,fma_test_145747,145747,Hip-Hop,Attribution-NonCommercial-ShareAlike,http://creativecommons.org/licenses/by-nc-sa/4.0/,http://freemusicarchive.org/music/The_Impossebulls/Five_By_Five_III_Greed/21_-_You_Forgot_Forget_It,fma/fma_small/145/145747.mp3,02a94e61f4e42fdf5b1eff1fbd17187a8f5121e1d13cc6da89d9cab15feb2fe4,44100,2,29.962448979591837,44100,2,5.0,15.0,10.0,True,-20.0,-10.29618272736959,-7.82400166003458,0.32719686627388,0.24615013599395752,-20.420507818623737,-21.257187971471897,1.0,1.0,5d8d22846b34d2e8d89abc221ed87af9f25eadf2b4e434a3d078796caf802fc7
pedalboard-fma-test-v0.1,fma_small,test,fma_test_154309,154309,Hip-Hop,Attribution,http://creativecommons.org/licenses/by/4.0/,http://freemusicarchive.org/music/Fleslit/Journey_1002/18_A1_Symphony,fma/fma_small/154/154309.mp3,73cc58ba2e1e26e50d3727a51c98151fe56ca0a8d92e261f2dad332e3c18d53b,44100,2,29.98857142857143,44100,2,5.0,15.0,10.0,True,-20.0,-16.96750148424085,-16.65191990080326,0.6615509390830994,0.6309919357299805,-22.750304294889233,-22.67727201858182,0.9900000095367432,1.0,5dd47833409f1c4effe16bb463539770382a4ed2f3155baaf699af0b3eb214c2
pedalboard-fma-test-v0.1,fma_small,test,fma_test_148028,148028,Hip-Hop,Attribution,http://creativecommons.org/licenses/by/4.0/,http://freemusicarchive.org/music/BoyHoodBuchi/none_given_2763/Disco_From_The_Clouds,fma/fma_small/148/148028.mp3,1c18b956cf3aa3cb19159a983e566eb26a64b9681f1015faf181e5e15ed69f93,44100,2,29.962448979591837,44100,2,5.0,15.0,10.0,True,-20.0,-6.9514038402901726,-6.906082119510588,0.2226230800151825,0.22146449983119965,-21.968966963669395,-22.082309823153135,1.0,1.0,650c9c88d160f64fdc40c6ff8300fde29e98e78fbf5c36d07bedf5288ee9df46
pedalboard-fma-test-v0.1,fma_small,test,fma_test_110765,110765,Hip-Hop,Attribution-NonCommercial-ShareAlike,http://creativecommons.org/licenses/by-nc-sa/4.0/,http://freemusicarchive.org/music/The_Impossebulls/Slave_Education_XE/04_-_Hellidays_bw_Christmas_in_Hollis,fma/fma_small/110/110765.mp3,07ff8ea1e47900c7249405274530c0e78ee472c4149c7e7ae5c446b957e094c4,44100,2,29.962448979591837,44100,2,5.0,15.0,10.0,True,-20.0,-11.12915608371605,-11.02011070811755,0.3601287603378296,0.3556358516216278,-20.813266790098062,-20.750920882911995,1.0,1.0,66ea74b93a794180bb449abb344cd277c89b24462e7dc0c33ade4d043a021ddb
pedalboard-fma-test-v0.1,fma_small,test,fma_test_114223,114223,Instrumental,Attribution,http://creativecommons.org/licenses/by/4.0/,http://freemusicarchive.org/music/Squire_Tuck/2015021152908025/Ukulele_Rising,fma/fma_small/114/114223.mp3,c13fe7040e6a44e3bc73bf27d1f65f1c5e8af385e1380b5cb1345dcd4cad07ae,44100,2,29.962448979591837,44100,2,5.0,15.0,10.0,True,-20.0,-14.454928270650301,-14.431422415926589,0.5051537752151489,0.5181620717048645,-24.404692353376962,-24.169540363075864,1.0,1.0,0497e052a7896dad0e273e558a7bb094d925a36340405c1fe7d134d9ca07286a
pedalboard-fma-test-v0.1,fma_small,test,fma_test_114222,114222,Instrumental,Attribution,http://creativecommons.org/licenses/by/4.0/,http://freemusicarchive.org/music/Squire_Tuck/2015021152908025/Ukulele_Blues,fma/fma_small/114/114222.mp3,2fbe8a75dc70d52b08ecf11380b2dbbd63019a2b2f0b2c69bd0795a180899bd5,44100,2,29.98857142857143,44100,2,5.0,15.0,10.0,True,-20.0,-13.660849064584081,-16.77923614993903,0.46973222494125366,0.667061984539032,-23.56614631770341,-23.971616218803433,1.0,1.0,057faf75b4c1dbf02dbab1af5b3ba1d9c1f223f4967af0450b2c4c7de9f9fd2c
pedalboard-fma-test-v0.1,fma_small,test,fma_test_103520,103520,Instrumental,Attribution-NonCommercial 3.0 International,http://creativecommons.org/licenses/by-nc/3.0/,http://freemusicarchive.org/music/Novi_Split/If_Not_This_Then_What/3_Hold_Tight,fma/fma_small/103/103520.mp3,587f0620e9457832688ede4604f0d34c92b56edea97b613d74c924a035fa8e7e,48000,2,29.976,44100,2,5.0,15.0,10.0,True,-20.0,-8.465355367462587,-12.075575822653805,0.25297367572784424,0.3600355386734009,-22.595162970137622,-22.501447956003645,1.0,1.0,0fa126316bc30ec106d01dca84e7405770f09919449adf80ad54f28973817c95
pedalboard-fma-test-v0.1,fma_small,test,fma_test_103518,103518,Instrumental,Attribution-NonCommercial 3.0 International,http://creativecommons.org/licenses/by-nc/3.0/,http://freemusicarchive.org/music/Novi_Split/If_Not_This_Then_What/1_You_Got_Served,fma/fma_small/103/103518.mp3,33f33b189bbd4e9a2e4a7bcbc30447b0eb8d9ec39a030ef6c69f9927e625afd3,48000,2,29.976,44100,2,5.0,15.0,10.0,True,-20.0,-9.127966306746352,-8.471580208775768,0.2793312668800354,0.26576077938079834,-21.977064452395425,-22.04816475224326,1.0,1.0,156baa515f29d96095de9acee919cc5ad78dc0604e270717a11b39082a4a26dd
pedalboard-fma-test-v0.1,fma_small,test,fma_test_103522,103522,Instrumental,Attribution-NonCommercial 3.0 International,http://creativecommons.org/licenses/by-nc/3.0/,http://freemusicarchive.org/music/Novi_Split/If_Not_This_Then_What/2_Stupid,fma/fma_small/103/103522.mp3,0de9fb72ec3af923459b30241acecd11c90e91cc94cb39a2daa4ccfdc1c09b54,44100,2,29.962448979591837,44100,2,5.0,15.0,10.0,True,-20.0,-10.263972456739038,-10.881454333171186,0.3177436888217926,0.33462435007095337,-22.262800257314378,-21.84618284797679,1.0,1.0,2562745975349652cd8bb2c14730f2617c8591bd09146631cdb79daed7982068
pedalboard-fma-test-v0.1,fma_small,test,fma_test_112001,112001,Instrumental,Attribution-NonCommercial-ShareAlike,http://creativecommons.org/licenses/by-nc-sa/4.0/,http://freemusicarchive.org/music/Serakhe0n/Signal/08_serakhe0n_-_blue,fma/fma_small/112/112001.mp3,d6ad87ce254621c8e10d75ac01c52de92d0c7af82d61394c0a4b73d5eb56050f,44100,2,29.98857142857143,44100,2,5.0,15.0,10.0,True,-20.0,-9.263755902650137,-8.425176171158187,0.255642831325531,0.25671544671058655,-22.38328906452701,-22.351655061200795,1.0,1.0,26b726b0240af64ffc203ba997cd5d499e6944df6c12917652cb2a2e0df4f5b3
pedalboard-fma-test-v0.1,fma_small,test,fma_test_103519,103519,Instrumental,Attribution-NonCommercial 3.0 International,http://creativecommons.org/licenses/by-nc/3.0/,http://freemusicarchive.org/music/Novi_Split/If_Not_This_Then_What/6_Clay_Pigeons,fma/fma_small/103/103519.mp3,65ad9215462bff3747befc37165dddeee4efeb1bcd586e1649cdd9b38d166f39,48000,2,29.976,44100,2,5.0,15.0,10.0,True,-20.0,-10.735865368184209,-10.543159261314889,0.3077218234539032,0.30753588676452637,-22.134524673393106,-22.158082876661865,1.0,1.0,26dc07bbae923499ac446093a77fd81e4595e3a25e41f6f11d1365cf5d6f1b8a
pedalboard-fma-test-v0.1,fma_small,test,fma_test_114212,114212,Instrumental,Attribution,http://creativecommons.org/licenses/by/4.0/,http://freemusicarchive.org/music/Squire_Tuck/2015021152908025/Old_Fashioned_Lullaby,fma/fma_small/114/114212.mp3,21d06d7fcbd84f5ed35d330ca7c6818678045574e5fba6433ac5f968ebb42cbe,44100,2,29.98857142857143,44100,2,5.0,15.0,10.0,True,-20.0,-16.103884560227634,-17.26212331312351,0.6385224461555481,0.712839663028717,-18.98750616387367,-17.534909121206855,1.0,1.0,2734cb6fe01fb5484ce77f576236e9e57ce73115d57e8094f3ddddf2279ce6fd
pedalboard-fma-test-v0.1,fma_small,test,fma_test_084736,84736,Instrumental,Attribution-NonCommercial 3.0 International,http://creativecommons.org/licenses/by-nc/3.0/,http://freemusicarchive.org/music/CIRCUSMARCUS/Piano_du_pauvre/circus-marcus_accordeon_pompas-de-jabon,fma/fma_small/084/084736.mp3,cc81b7478ff7e4601fe29862961e8d22798a5bb0f3eb85bf60ba92b150f65e0c,44100,2,29.98857142857143,44100,2,5.0,15.0,10.0,True,-20.0,-20.21549233829579,-21.636734073932978,0.4073655903339386,0.3995993435382843,-22.671115778764417,-22.718241137806835,1.0,1.0,2ef89075ee4dfd434068360c5da3d80382c5f1547b7dae30066767bbb2269335
pedalboard-fma-test-v0.1,fma_small,test,fma_test_076363,76363,Instrumental,Attribution-NonCommercial 3.0 International,http://creativecommons.org/licenses/by-nc/3.0/,http://freemusicarchive.org/music/CIRCUSMARCUS/Piano_du_pauvre/Valse_du_tout_au_fond,fma/fma_small/076/076363.mp3,d0339cfa16d0420887f4dcf44776dd6dbaad5e099170f0a924162a798dcd2f87,44100,2,29.98857142857143,44100,2,5.0,15.0,10.0,True,-20.0,-11.54046110960934,-13.317702093838507,0.33976858854293823,0.3688034415245056,-23.534078076588123,-23.66116556481721,1.0,1.0,380550c333d9fbeccb48cc41abc0b4d5f8896fffde9b5fc6502d68dfc7631ab3
pedalboard-fma-test-v0.1,fma_small,test,fma_test_086039,86039,Instrumental,Attribution-NonCommercial-ShareAlike 3.0 International,http://creativecommons.org/licenses/by-nc-sa/3.0/,http://freemusicarchive.org/music/Teatro_Grotesco/At_the_House_of_Dolls/03_teatro_grotesco_-_mmxii,fma/fma_small/086/086039.mp3,f8da012bfc853f6cec93b67a69641f8198dfad039ff97280770aef091b965192,44100,2,29.962448979591837,44100,2,5.0,15.0,10.0,True,-20.0,-10.824365357228242,-11.260965094862277,0.34771087765693665,0.3656354248523712,-16.721005977190856,-17.036860855943566,1.0,1.0,41f5dfe1c47166c3b12732ea8ef6a7527bf99f0e30577e780e23476bf9185df1
pedalboard-fma-test-v0.1,fma_small,test,fma_test_112000,112000,Instrumental,Attribution-NonCommercial-ShareAlike,http://creativecommons.org/licenses/by-nc-sa/4.0/,http://freemusicarchive.org/music/Serakhe0n/Signal/07_serakhe0n_-_green,fma/fma_small/112/112000.mp3,627d22b35f2dcfe95a4f387e7a4290322249fde81e643a1bbe12396fe28e7b82,44100,2,29.98857142857143,44100,2,5.0,15.0,10.0,True,-20.0,-8.146868771030238,-10.036865260265827,0.21883592009544373,0.21749192476272583,-20.941092834589867,-21.278330878420746,1.0,1.0,434eb150377c5a428a13704321a279f9d14b08035be5a1191195cd7997c2d34b
pedalboard-fma-test-v0.1,fma_small,test,fma_test_086040,86040,Instrumental,Attribution-NonCommercial-ShareAlike 3.0 International,http://creativecommons.org/licenses/by-nc-sa/3.0/,http://freemusicarchive.org/music/Teatro_Grotesco/At_the_House_of_Dolls/04_teatro_grotesco_-_through_the_fire,fma/fma_small/086/086040.mp3,6dd96cf7b72d0f44e72e21cddb8b9271b547a854da84fe0165be74eb545efd99,44100,2,29.962448979591837,44100,2,5.0,15.0,10.0,True,-20.0,-12.149922921256248,-11.736190878499881,0.3367810845375061,0.28591930866241455,-24.498848405656382,-25.0057099076173,1.0,1.0,63c9b3276fe088377197175f8ffdea40a8f9abbbaed1e46909519d389b0c342e
pedalboard-fma-test-v0.1,fma_small,test,fma_test_103523,103523,Instrumental,Attribution-NonCommercial 3.0 International,http://creativecommons.org/licenses/by-nc/3.0/,http://freemusicarchive.org/music/Novi_Split/If_Not_This_Then_What/4_Hollow_Notes,fma/fma_small/103/103523.mp3,b5fa192b31d2e622622f2a7bcad6b336efad123b8570ce9b63e108808f6b3f75,44100,2,29.98857142857143,44100,2,5.0,15.0,10.0,True,-20.0,-7.036460433640751,-8.831295225150981,0.22316470742225647,0.2764170169830322,-22.54344744940895,-22.481992342753525,1.0,1.0,649a3d8bbf6ab9a2988bbfa0a36d0ddcc4d463be0fb63218b798a95200f47ae4
pedalboard-fma-test-v0.1,fma_small,test,fma_test_103521,103521,Instrumental,Attribution-NonCommercial 3.0 International,http://creativecommons.org/licenses/by-nc/3.0/,http://freemusicarchive.org/music/Novi_Split/If_Not_This_Then_What/5_Young_Girls,fma/fma_small/103/103521.mp3,73d7284b75cfea41ac375de2cab20bdf824594d30c01933ed161fcc80c56a673,48000,2,29.976,44100,2,5.0,15.0,10.0,True,-20.0,-9.53301948637407,-9.57249716330138,0.30245476961135864,0.30303239822387695,-22.09619350989349,-22.220072942829653,1.0,1.0,662973e1ac4b9d60efb9d8b7a29a7ba1fa4d9d5af55fe5db8983403434a99320
pedalboard-fma-test-v0.1,fma_small,test,fma_test_111994,111994,Instrumental,Attribution-NonCommercial-ShareAlike,http://creativecommons.org/licenses/by-nc-sa/4.0/,http://freemusicarchive.org/music/Serakhe0n/Signal/01_serakhe0n_-_aego,fma/fma_small/111/111994.mp3,f00fcc6ffd97d8c00ae1ed5fc05e27a7b44476fbe1e800d3a4c847a841ac7611,44100,2,29.98857142857143,44100,2,5.0,15.0,10.0,True,-20.0,-14.170292954340686,-12.88659143046544,0.5068598985671997,0.43733641505241394,-16.500031587451822,-20.257665986382477,1.0,1.0,8541e29345f5040473c8545f0119554e37dcc971e38d424bfb9f992eb32328f3
pedalboard-fma-test-v0.1,fma_small,test,fma_test_086037,86037,Instrumental,Attribution-NonCommercial-ShareAlike 3.0 International,http://creativecommons.org/licenses/by-nc-sa/3.0/,http://freemusicarchive.org/music/Teatro_Grotesco/At_the_House_of_Dolls/01_teatro_grotesco_-_doctor_faust,fma/fma_small/086/086037.mp3,4f6e2015180f2da1ab83b238369bd6732eb7b5312b96ee5e89afbbcc2dd9d4ae,44100,2,29.98857142857143,44100,2,5.0,15.0,10.0,True,-20.0,-8.099827673499254,-9.18482807593064,0.2540922164916992,0.28789982199668884,-21.900071720653717,-22.15145960937732,1.0,1.0,8544bc22494e15c38e3701112a02569a3cddbbf360d19345ed09a055668776d5
pedalboard-fma-test-v0.1,fma_small,test,fma_test_106629,106629,Instrumental,Attribution-NonCommercial-ShareAlike 3.0 International,http://creativecommons.org/licenses/by-nc-sa/3.0/,http://freemusicarchive.org/music/Phelios/MCMLII/04_phelios_-_iv,fma/fma_small/106/106629.mp3,ead322ff81ca266be86509b86658774fad3374d2cfa32215dc0d9e44421a38c0,44100,2,30.013990929705216,44100,2,5.0,15.0,10.0,True,-20.0,-11.357910827833534,-11.887518364719089,0.3623392879962921,0.38551387190818787,-16.053148930582918,-15.80453121850935,1.0,1.0,8f575fb0c74bc4f3a44ab08c5c0b35b3209d541c9657d66d55901163378068db
pedalboard-fma-test-v0.1,fma_small,test,fma_test_086038,86038,Instrumental,Attribution-NonCommercial-ShareAlike 3.0 International,http://creativecommons.org/licenses/by-nc-sa/3.0/,http://freemusicarchive.org/music/Teatro_Grotesco/At_the_House_of_Dolls/02_teatro_grotesco_-_pornography__the_cult_of_the_body_and_the_death_of_eros,fma/fma_small/086/086038.mp3,b6816745b19b48bce76083db1f1460b6327b31bff91024d97e26c0cd640c0f73,44100,2,29.962448979591837,44100,2,5.0,15.0,10.0,True,-20.0,-7.93902500859067,-8.823538346499383,0.24943147599697113,0.2761702537536621,-22.83483117391083,-22.908978099366387,1.0,1.0,c100686e732b4e65d0a11826039f4bc83db6bf18b3f483fa5dedfe56cb7bc770
pedalboard-fma-test-v0.1,fma_small,test,fma_test_142537,142537,International,Attribution-Noncommercial-Share Alike 3.0 United States,http://creativecommons.org/licenses/by-nc-sa/3.0/us/,http://freemusicarchive.org/music/Terratombats/Bestial/Terratombats_-_Bestial_-_05_Atura_el_temps,fma/fma_small/142/142537.mp3,efe133b43219edf4b25513ec5d7dba5c02668a6b66f1ca8c0779724f3d679eea,44100,2,29.98857142857143,44100,2,5.0,15.0,10.0,True,-20.0,-7.109327700780089,-7.272451488941962,0.22670775651931763,0.23100563883781433,-22.65429203585785,-22.475457432169392,1.0,1.0,00dfd8a29cb410054015bb75b66ebab58766f2b81aea59217e8dcee17aa058c7
pedalboard-fma-test-v0.1,fma_small,test,fma_test_038775,38775,International,Attribution-Share Alike 3.0 United States,http://creativecommons.org/licenses/by-sa/3.0/us/,http://freemusicarchive.org/music/Slinte/Slinte/slinte_-_01_-_kesh_jig_leitrim_fancy,fma/fma_small/038/038775.mp3,e2980a42e7058868fe3647e8a5568d009644e3f0028b348e09519b4d11278cf4,44100,2,29.988004535147393,44100,2,5.0,15.0,10.0,True,-20.0,-7.1144046174504085,-11.367225762645312,0.2268403023481369,0.3469293415546417,-23.282932053222893,-23.28307182395384,1.0,1.0,0a93433a041dc560aa41a867b35d54363a0fe2cf997e0545bab0a5ab6a78e3e1
pedalboard-fma-test-v0.1,fma_small,test,fma_test_038784,38784,International,Attribution-Share Alike 3.0 United States,http://creativecommons.org/licenses/by-sa/3.0/us/,http://freemusicarchive.org/music/Slinte/Slinte/slinte_-_10_-_julia_delaney,fma/fma_small/038/038784.mp3,fc0ad0a33fab7f59570e07a6102ab93b4dc69f66ecbd1d8595bf71044b476311,44100,2,29.988004535147393,44100,2,5.0,15.0,10.0,True,-20.0,-8.395458526622427,-10.216837216786637,0.2628892958164215,0.32422155141830444,-23.38668984081494,-23.05912647265032,1.0,1.0,1763425f49b60c39e1405dd56f212e000099ed8dedbdcf805bb2166f9dbe7585
pedalboard-fma-test-v0.1,fma_small,test,fma_test_038779,38779,International,Attribution-Share Alike 3.0 United States,http://creativecommons.org/licenses/by-sa/3.0/us/,http://freemusicarchive.org/music/Slinte/Slinte/slinte_-_05_-_carolans_draught,fma/fma_small/038/038779.mp3,b060fa2b1ba86efb3f0a7d0a0f463315d2724c8b319f5edafeb32f066ebaab8e,44100,2,29.988004535147393,44100,2,5.0,15.0,10.0,True,-20.0,-14.260821324147143,-13.989856062541532,0.46860480308532715,0.4312816858291626,-22.533896626947776,-22.840389272404042,1.0,1.0,198bf29d6b0be27495e6823eb1200832f2e055fad0b26d8fe916c2cbe8a0f6f7
pedalboard-fma-test-v0.1,fma_small,test,fma_test_142534,142534,International,Attribution-Noncommercial-Share Alike 3.0 United States,http://creativecommons.org/licenses/by-nc-sa/3.0/us/,http://freemusicarchive.org/music/Terratombats/Bestial/Terratombats_-_Bestial_-_02_Hereus_de_mala_vida,fma/fma_small/142/142534.mp3,245662928cc105e9866d8fbaef738a1977934db65d9a98adbee95860ecb11b6b,44100,2,29.98857142857143,44100,2,5.0,15.0,10.0,True,-20.0,-8.205260221719534,-8.364616587493302,0.25719529390335083,0.2619574964046478,-22.89246869019271,-22.88904114835747,1.0,1.0,1e0743edd380cff97613707d0ef8c8fdc360357e00a36889b39e7c2b4d14ffbe
pedalboard-fma-test-v0.1,fma_small,test,fma_test_000707,707,International,Attribution-NonCommercial-ShareAlike 3.0 International,http://creativecommons.org/licenses/by-nc-sa/3.0/,http://freemusicarchive.org/music/Fsforo/Macondo/Cochabamba,fma/fma_small/000/000707.mp3,155548c29ba31c8e6bcfef472462588cc416d144422df8f14b930ed40a11a6b3,44100,2,29.962448979591837,44100,2,5.0,15.0,10.0,True,-20.0,-6.939903127360803,-6.9705470088345525,0.22232851386070251,0.2231142669916153,-22.076951441172284,-21.985520859630668,1.0,1.0,1ef97526b221916cb502b2c07f5ddef49209a0b77af5a5634c85cd33156a5efb
pedalboard-fma-test-v0.1,fma_small,test,fma_test_142539,142539,International,Attribution-Noncommercial-Share Alike 3.0 United States,http://creativecommons.org/licenses/by-nc-sa/3.0/us/,http://freemusicarchive.org/music/Terratombats/Bestial/Terratombats_-_Bestial_-_07_Vull_viure_daventures,fma/fma_small/142/142539.mp3,4a351a64d704bf67b0da6bed07e2cd270667e03356eae90db242947891f99bac,44100,2,29.98857142857143,44100,2,5.0,15.0,10.0,True,-20.0,-12.115855441505815,-11.108225008333893,0.3916134536266327,0.34652140736579895,-22.924866423907257,-22.557172270043964,1.0,1.0,24dcf3235a269e21d2fa9d3dd3ec6caebdb5f5ded7d8662229f9b98e549cba03
pedalboard-fma-test-v0.1,fma_small,test,fma_test_113275,113275,International,Attribution-NonCommercial-ShareAlike 3.0 International,http://creativecommons.org/licenses/by-nc-sa/3.0/,http://freemusicarchive.org/music/iNCH/Creative_Commons_The_2015_Unofficial_Mixtape/17_Find_Fix__Save,fma/fma_small/113/113275.mp3,c9289816103e26c05a879336355d02b50b9fd479eceaea929d724c45e0539a71,44100,2,29.962448979591837,44100,2,5.0,15.0,10.0,True,-20.0,-7.46247554915552,-7.415435513447653,0.23611511290073395,0.23483984172344208,-22.57389580531389,-22.54464616128209,1.0,1.0,276d292b2185707087b16bbcf9661c54d4219a14c702750c68a05922e8668cb7
pedalboard-fma-test-v0.1,fma_small,test,fma_test_038834,38834,International,Attribution-Share Alike 3.0 United States,http://creativecommons.org/licenses/by-sa/3.0/us/,http://freemusicarchive.org/music/Slinte/Slinte_Mohr/slinte_-_04_-_sally_gardens,fma/fma_small/038/038834.mp3,87d0939f1b2746b20d8b80393064f7c742af208040cbbda8475c07ed13b848c5,44100,2,30.013990929705216,44100,2,5.0,15.0,10.0,True,-20.0,-18.444943411592956,-20.96268830253362,0.3858487606048584,0.5139645338058472,-21.828386323216975,-21.920619844097814,1.0,1.0,2837e760ff5cd4c295a53442c98d8e6c6b3e5a006fa4f5cdce75d09fca9fafd1
pedalboard-fma-test-v0.1,fma_small,test,fma_test_059581,59581,International,Attribution-NonCommercial 3.0 International,http://creativecommons.org/licenses/by-nc/3.0/,http://freemusicarchive.org/music/CIRCUSMARCUS/Bsquedas_Exploratorias/05_-_Busqueda_exploratoria_005_-_Tu_pars,fma/fma_small/059/059581.mp3,56e786fd7e45923908032e65d9a0ab35bd076ee6a04247324344bd157bd610a6,44100,2,29.98857142857143,44100,2,5.0,15.0,10.0,True,-20.0,-19.463095716536973,-16.04153880468967,0.6014168858528137,0.5579649209976196,-22.5245016850443,-22.59799729384418,1.0,1.0,2a6995b5cbd7276b46b8971a29328f587b4efc3064ec419f12f389227730ef63
pedalboard-fma-test-v0.1,fma_small,test,fma_test_038820,38820,International,Attribution-Share Alike 3.0 United States,http://creativecommons.org/licenses/by-sa/3.0/us/,http://freemusicarchive.org/music/Slinte/Cup_of_Tea/slainte_-_04_-_fear_a_bhata,fma/fma_small/038/038820.mp3,563fc7b7b09853e7da4e657f6acbc1ddaa65ee7ef631612d698e971d2ae578e7,44100,2,30.013990929705216,44100,2,5.0,15.0,10.0,True,-20.0,-17.750077203882842,-17.08939313071399,0.4445207417011261,0.4600400924682617,-22.619453989798615,-23.258457776923006,1.0,1.0,31be4ac9d9a6ff88d48f6cd67d907ce9562172a83fa4bb3a83cb7dcc3a19d6df
pedalboard-fma-test-v0.1,fma_small,test,fma_test_038828,38828,International,Attribution-Share Alike 3.0 United States,http://creativecommons.org/licenses/by-sa/3.0/us/,http://freemusicarchive.org/music/Slinte/Cup_of_Tea/slainte_-_12_-_denis_murphys_polka_ill_tell_me_ma_john_ryans_polka,fma/fma_small/038/038828.mp3,84566c7d6b2a602d01ce8487d34af518854f2e526c667fba117ec43dc6d445ea,44100,2,29.988004535147393,44100,2,5.0,15.0,10.0,True,-20.0,-12.636446289886049,-13.098506930480106,0.4054505527019501,0.38797762989997864,-22.881032275762927,-22.53288737417979,1.0,1.0,34f9a6499815bedfc6c20f1bb6880ffd50290492a367e289fd6a3abec7e6a8b0
pedalboard-fma-test-v0.1,fma_small,test,fma_test_038782,38782,International,Attribution-Share Alike 3.0 United States,http://creativecommons.org/licenses/by-sa/3.0/us/,http://freemusicarchive.org/music/Slinte/Slinte/slinte_-_08_-_wild_mountain_thyme,fma/fma_small/038/038782.mp3,298004b7f1a0f901493639d9ac9d34e86ae7f5c9cd1615120ec562467ef85f8a,44100,2,29.988004535147393,44100,2,5.0,15.0,10.0,True,-20.0,-10.01657178939953,-11.244018092432245,0.31683167815208435,0.36492273211479187,-22.60543044111689,-22.498427521984034,1.0,1.0,38cb5b9f681c8ca0b855f3de908a0ff0f4d19bb99694d001355eda43dc5837e4
pedalboard-fma-test-v0.1,fma_small,test,fma_test_038783,38783,International,Attribution-Share Alike 3.0 United States,http://creativecommons.org/licenses/by-sa/3.0/us/,http://freemusicarchive.org/music/Slinte/Slinte/slinte_-_09_-_banish,fma/fma_small/038/038783.mp3,b886c8ddd063600ac2dd863c45cceeff5ad92f63266f222798ea4164bcf6553e,44100,2,30.013990929705216,44100,2,5.0,15.0,10.0,True,-20.0,-10.868811597575291,-11.324545369128595,0.34949469566345215,0.36832165718078613,-23.095711586484228,-22.77695081231731,1.0,1.0,3b10000343e83e4a6d82d23ff880df590f0d634abc62f40fea343ac55c8a0f37
pedalboard-fma-test-v0.1,fma_small,test,fma_test_038826,38826,International,Attribution-Share Alike 3.0 United States,http://creativecommons.org/licenses/by-sa/3.0/us/,http://freemusicarchive.org/music/Slinte/Cup_of_Tea/slainte_-_10_-_she_moved_through_the_fair,fma/fma_small/038/038826.mp3,308033bae15f1b6689363e2861aa706adc5494b1dd9a7133247760db7017e195,44100,2,29.98857142857143,44100,2,5.0,15.0,10.0,True,-20.0,-17.03025187982266,-16.65909223156649,0.4856337904930115,0.4833347797393799,-22.919070174470704,-22.898685406320254,1.0,1.0,3c074d0334b95446d22af0f4376a39cb56c6000794cb128ab2298689eba56011
pedalboard-fma-test-v0.1,fma_small,test,fma_test_038785,38785,International,Attribution-Share Alike 3.0 United States,http://creativecommons.org/licenses/by-sa/3.0/us/,http://freemusicarchive.org/music/Slinte/Slinte/slinte_-_11_-_si_beag_si_mor_snowy_path,fma/fma_small/038/038785.mp3,1acf217a1adcba5754d52884566c6a7009bdef437caecd7aedde467fea394226,44100,2,30.013990929705216,44100,2,5.0,15.0,10.0,True,-20.0,-11.432946795702353,-11.363613073469384,0.32968461513519287,0.34797558188438416,-23.277997132868002,-22.988840682628968,1.0,1.0,4003a81590b112f12d706d2d8b2ac1a9a51dc31834df416d6d9c6dc9b19ae87b
pedalboard-fma-test-v0.1,fma_small,test,fma_test_038776,38776,International,Attribution-Share Alike 3.0 United States,http://creativecommons.org/licenses/by-sa/3.0/us/,http://freemusicarchive.org/music/Slinte/Slinte/slinte_-_02_-_silver_spear,fma/fma_small/038/038776.mp3,9ec1acbef7f1d539bfa53134b1c9c9ff08936fcf5ad599eb8858bacaaffaf6e8,44100,2,30.013990929705216,44100,2,5.0,15.0,10.0,True,-20.0,-7.666752019683118,-7.715810173665909,0.24173392355442047,0.24310310184955597,-23.725845774434468,-23.467850655513782,1.0,1.0,40c05df4a94d3787155b75645b8f96e54496accf21412dcfb92ee92eedf2b5f4
pedalboard-fma-test-v0.1,fma_small,test,fma_test_000708,708,International,Attribution-NonCommercial-ShareAlike 3.0 International,http://creativecommons.org/licenses/by-nc-sa/3.0/,http://freemusicarchive.org/music/Fsforo/Macondo/Desconocido,fma/fma_small/000/000708.mp3,729484e981b839981012255c774bdf6aba19a0bf74a0fb54e3e7bf2e128f97a7,44100,2,29.962448979591837,44100,2,5.0,15.0,10.0,True,-20.0,-8.395637035808482,-8.497432682052523,0.26289471983909607,0.2659938633441925,-21.88122262797095,-22.042261656137228,1.0,1.0,49914e0080abbe43e5efd735a2c2589f641fc2d0a9d8b7671436c23696a46826
pedalboard-fma-test-v0.1,fma_small,test,fma_test_000706,706,International,Attribution-NonCommercial-ShareAlike 3.0 International,http://creativecommons.org/licenses/by-nc-sa/3.0/,http://freemusicarchive.org/music/Fsforo/Macondo/Esto_Es_Califas,fma/fma_small/000/000706.mp3,4071bce735c802f936c1d49a4845f0507d3dd17c4524c6a10332ece04e72e738,44100,2,29.98857142857143,44100,2,5.0,15.0,10.0,True,-20.0,-7.516601363257073,-7.361545289588245,0.23759104311466217,0.2333873212337494,-22.74229271033831,-22.74755658261652,1.0,1.0,5294dcb7c36d00f55d0ea199b9ce57897135fdab721043951f6f6b72be189be8
pedalboard-fma-test-v0.1,fma_small,test,fma_test_000705,705,International,Attribution-NonCommercial-ShareAlike 3.0 International,http://creativecommons.org/licenses/by-nc-sa/3.0/,http://freemusicarchive.org/music/Fsforo/Macondo/Tio_Cocodrilo,fma/fma_small/000/000705.mp3,27f9c66c9b52d4deecaa3bfe4a59db5da4a2b274e8d50c695b7ce2017f9f47e1,44100,2,29.962448979591837,44100,2,5.0,15.0,10.0,True,-20.0,-7.629444288813768,-7.65235133179615,0.24069784581661224,0.241333469748497,-22.492710559161875,-22.46834271833897,1.0,1.0,57609b6bf0c0322539d4777b2cf406ceea9dfa5e3931bad04986e8bc5de49c93
pedalboard-fma-test-v0.1,fma_small,test,fma_test_038823,38823,International,Attribution-Share Alike 3.0 United States,http://creativecommons.org/licenses/by-sa/3.0/us/,http://freemusicarchive.org/music/Slinte/Cup_of_Tea/slainte_-_07_-_scullys_reel_mrs_mcleods_cooleys_reel,fma/fma_small/038/038823.mp3,b8509e3f4b77e2f5818fec72cd9a6003afa7e4f1f286c5622fe80de72e47cbbf,44100,2,29.988004535147393,44100,2,5.0,15.0,10.0,True,-20.0,-18.142412699623534,-19.35218796201966,0.4247708320617676,0.4591718912124634,-23.78306773069493,-23.565346288958445,1.0,1.0,5a20ac73f73a272dfa7ff65718cc0bdb9b11a44ca69da9ce510e045dd6997bb2
pedalboard-fma-test-v0.1,fma_small,test,fma_test_038819,38819,International,Attribution-Share Alike 3.0 United States,http://creativecommons.org/licenses/by-sa/3.0/us/,http://freemusicarchive.org/music/Slinte/Cup_of_Tea/slainte_-_03_-_the_butterfly_kid_on_the_mountain,fma/fma_small/038/038819.mp3,3a13af5e685046cc1c560911a3c8335c071b512abf6f8a76da3e188195df8eaa,44100,2,30.013990929705216,44100,2,5.0,15.0,10.0,True,-20.0,-15.489948521003573,-15.927154630272907,0.4018179774284363,0.4158366620540619,-23.316035456191347,-22.899431747492052,1.0,1.0,5aeae58885c9b6fad42d0f4e5ef2311fe3755f6a3bb71dcb359d022639b73adf
pedalboard-fma-test-v0.1,fma_small,test,fma_test_113274,113274,International,Attribution-NonCommercial 3.0 International,http://creativecommons.org/licenses/by-nc/3.0/,http://freemusicarchive.org/music/Rey_Nocivo/Creative_Commons_The_2015_Unofficial_Mixtape/16_Dados_con_el_Diablo,fma/fma_small/113/113274.mp3,0bd560d8ffc16f605bbf900531d80f85841446391463b32ac3c53405e7b3770e,44100,2,29.962448979591837,44100,2,5.0,15.0,10.0,True,-20.0,-6.373553786396118,-6.451901514599008,0.18516281247138977,0.18746019899845123,-22.99948214007574,-22.86691521304974,1.0,1.0,5d674d9705a7950200438bf9993142d84fffb2516eaa259e24e6dfcde4b76503
pedalboard-fma-test-v0.1,fma_small,test,fma_test_038827,38827,International,Attribution-Share Alike 3.0 United States,http://creativecommons.org/licenses/by-sa/3.0/us/,http://freemusicarchive.org/music/Slinte/Cup_of_Tea/slainte_-_11_-_the_crosses_of_annagh_the_humors_of_tulla_the_cup_of_tea,fma/fma_small/038/038827.mp3,354edfb3cb9895005b9958152ff2216ea0976d6e3f27375b9001bd085f8909cf,44100,2,30.013990929705216,44100,2,5.0,15.0,10.0,True,-20.0,-13.570254162972526,-15.085284491038745,0.47699376940727234,0.4465359151363373,-23.47150864276641,-22.910342333074066,1.0,1.0,631d837f03166c231f0d7b3ed45e6e19491fa776541f151bdd5a3797c4f4157c
pedalboard-fma-test-v0.1,fma_small,test,fma_test_142533,142533,International,Attribution-Noncommercial-Share Alike 3.0 United States,http://creativecommons.org/licenses/by-nc-sa/3.0/us/,http://freemusicarchive.org/music/Terratombats/Bestial/Terratombats_-_Bestial_-_01_Bestial,fma/fma_small/142/142533.mp3,cb64f0647b2fefc07eb704dfcf407e257e2c350ba9ea7b73f6ebdcfbb7bcd546,44100,2,29.962448979591837,44100,2,5.0,15.0,10.0,True,-20.0,-9.32633954759982,-9.100632430140424,0.2926287353038788,0.2851225733757019,-22.312578770128027,-21.843519485368375,1.0,1.0,646de4aff6d202054e2dd4eeb26c7aa111cd0ac7026a8332e981442703441dd7
pedalboard-fma-test-v0.1,fma_small,test,fma_test_113279,113279,International,Attribution-NonCommercial,http://creativecommons.org/licenses/by-nc/4.0/,http://freemusicarchive.org/music/Celestial_Aeon_Project/Creative_Commons_The_2015_Unofficial_Mixtape/21_Hope_for_Rebirth,fma/fma_small/113/113279.mp3,9dd6c81bedd853d63f886e0d9f509105be4fe662757f1ff05534bc6428072a35,44100,2,30.013990929705216,44100,2,5.0,15.0,10.0,True,-20.0,-17.00220898524984,-16.839430114158166,0.4592837393283844,0.44217199087142944,-22.53847655589274,-22.516885821892497,1.0,1.0,67e4da7f92de746a662f9cf7b8c52eefdf520a499831e15f4e093a2de8a3d027
pedalboard-fma-test-v0.1,fma_small,test,fma_test_053228,53228,Pop,Attribution-NonCommercial-ShareAlike 3.0 International,http://creativecommons.org/licenses/by-nc-sa/3.0/,http://freemusicarchive.org/music/Fruit_Flesh/Bad_Panda_97/Fruit_Flesh_-_Cater_Gator,fma/fma_small/053/053228.mp3,30df76d33e0d097313659c1f8e76a12c57603a2c580b3f57dcbf2ff32a1aefe3,44100,2,30.01469387755102,44100,2,5.0,15.0,10.0,True,-20.0,-13.47250605011268,-13.979201782064896,0.4395662844181061,0.420795202255249,-22.65668791032492,-22.67637895238132,1.0,1.0,047bb244736e9138adba3ea7657789d346b3a793f99e296cc4609bb15ae5773f
pedalboard-fma-test-v0.1,fma_small,test,fma_test_127180,127180,Pop,Attribution-NonCommercial,http://creativecommons.org/licenses/by-nc/4.0/,http://freemusicarchive.org/music/Wintermitts/Oceans/Wintermitts_-_Oceans_-_01_Le_Paradis,fma/fma_small/127/127180.mp3,aebed4333238c28c6693fafc8ab65a524662ca4def52c4e958537b33b2edc94d,44100,2,29.98857142857143,44100,2,5.0,15.0,10.0,True,-20.0,-8.935083898817714,-8.584489432059929,0.27607619762420654,0.26867327094078064,-21.84726587286856,-21.846459794928215,1.0,1.0,0a750c7bab7fd2f46d36cdc18b5eecbf0c465e02626c23f276d799e9939edf84
pedalboard-fma-test-v0.1,fma_small,test,fma_test_021997,21997,Pop,Public Domain,http://creativecommons.org/licenses/publicdomain/,http://freemusicarchive.org/music/Katapulto/Purity_and_Danger/5purity__danger,fma/fma_small/021/021997.mp3,9ba8ec31b6cba03140491ed72b8d06a4cc80965b40d80b0d020e03b65a860f11,44100,2,29.98857142857143,44100,2,5.0,15.0,10.0,True,-20.0,-9.494384884374705,-9.425757752207176,0.29109445214271545,0.2858986556529999,-22.089943227940417,-22.080193044061183,1.0,1.0,10053ebff13cd9e81cca465e63f1582328083343c1be449da98f73a5ba93b136
pedalboard-fma-test-v0.1,fma_small,test,fma_test_022000,22000,Pop,Public Domain,http://creativecommons.org/licenses/publicdomain/,http://freemusicarchive.org/music/Katapulto/Purity_and_Danger/2kolorowe_wody,fma/fma_small/022/022000.mp3,e9da61062b9118295eccd14f04ecc729774eec51f682ce648c0a85993557a19c,44100,2,29.98857142857143,44100,2,5.0,15.0,10.0,True,-20.0,-8.839958650235502,-8.095212917481147,0.27669283747673035,0.25395727157592773,-21.940795910427454,-22.21050536806134,1.0,1.0,130d83a39b98418fed1103573ab296ce9963bbf1c208a2ce430e5d24ce0c0dfe
pedalboard-fma-test-v0.1,fma_small,test,fma_test_108456,108456,Pop,Attribution-Noncommercial-Share Alike 3.0 United States,http://creativecommons.org/licenses/by-nc-sa/3.0/us/,http://freemusicarchive.org/music/Miracles_of_Modern_Science/MEEMS/Miracles_of_Modern_Science_-_MEEMS_-_01_Ahem,fma/fma_small/108/108456.mp3,edbb8fe26cc34b147c1d1dbc23b25b9b6077384f67d7bb76e2ea81a443c89d59,44100,2,29.962448979591837,44100,2,5.0,15.0,10.0,True,-20.0,-8.654889365975238,-8.032253521329904,0.2708597481250763,0.24873918294906616,-24.689159085453362,-22.110675366727428,1.0,1.0,1cb853d5047f14efa4ce6d33ef99103bba5e2a3ea216b2fdf01beff00e554cb6
pedalboard-fma-test-v0.1,fma_small,test,fma_test_127183,127183,Pop,Attribution-NonCommercial,http://creativecommons.org/licenses/by-nc/4.0/,http://freemusicarchive.org/music/Wintermitts/Oceans/Wintermitts_-_Oceans_-_04_Birds,fma/fma_small/127/127183.mp3,37f9b2c8e480a13d84a2b623c8631e84b4155b3a7ad1efb09e59a17e4708e9fa,44100,2,29.98857142857143,44100,2,5.0,15.0,10.0,True,-20.0,-7.759285530130174,-7.366486000926247,0.24355755746364594,0.23352012038230896,-22.688518945586456,-22.791403301560294,1.0,1.0,2bb03a590f52c8ce5f68f4e72d7804747ab9fa84d096bf63b0b8a02b8a008468
pedalboard-fma-test-v0.1,fma_small,test,fma_test_012518,12518,Pop,Attribution-NonCommercial-ShareAlike 3.0 International,http://creativecommons.org/licenses/by-nc-sa/3.0/,http://freemusicarchive.org/music/Pipo_Pegoraro/netBloc_Vol_14_Kills_999_of_Bacterium_Poppus_Radiolus/When_you_walk,fma/fma_small/012/012518.mp3,41b1299f345cc94863b0d809975f84f23619a62392948dcc2b128f63a532f7b1,44100,2,29.962448979591837,44100,2,5.0,15.0,10.0,True,-20.0,-16.88717966518214,-16.517627422355094,0.2961565852165222,0.2833440601825714,-20.848561320989305,-21.011869603327284,1.0,0.9800000190734863,2d667e07e6196496798d78a85ae7c0ab1ae338e574bcfb2e9b89bf83b9526fc6
pedalboard-fma-test-v0.1,fma_small,test,fma_test_108460,108460,Pop,Attribution-Noncommercial-Share Alike 3.0 United States,http://creativecommons.org/licenses/by-nc-sa/3.0/us/,http://freemusicarchive.org/music/Miracles_of_Modern_Science/MEEMS/Miracles_of_Modern_Science_-_MEEMS_-_05_The_Singularity,fma/fma_small/108/108460.mp3,579a6bcb672b03cea60e6d9141247ea5ad1805efe3aac6784ca2bfcc616e8795,44100,2,29.962448979591837,44100,2,5.0,15.0,10.0,True,-20.0,-8.947042444171421,-9.22157554064072,0.2801251709461212,0.2891204357147217,-22.264759589885593,-21.93354465473429,1.0,1.0,30ae8e19cece03584e2feb712998232e638fc1dfb0ca5fd992d5559f6c691626
pedalboard-fma-test-v0.1,fma_small,test,fma_test_108459,108459,Pop,Attribution-Noncommercial-Share Alike 3.0 United States,http://creativecommons.org/licenses/by-nc-sa/3.0/us/,http://freemusicarchive.org/music/Miracles_of_Modern_Science/MEEMS/Miracles_of_Modern_Science_-_MEEMS_-_04_Dont_You_See-,fma/fma_small/108/108459.mp3,e76b1df2df6f935a68d108c7793c441f07d84ae95e4148a734cb0a296fa7f143,44100,2,29.962448979591837,44100,2,5.0,15.0,10.0,True,-20.0,-8.62486718444571,-8.872584925237305,0.2689264416694641,0.270266056060791,-22.508362662370285,-22.463650936698606,1.0,1.0,348e2f0492d00f69e8bac2562928235ad3fcf121e713be43c38ddee2be92ccec
pedalboard-fma-test-v0.1,fma_small,test,fma_test_119592,119592,Pop,Attribution-NonCommercial,http://creativecommons.org/licenses/by-nc/4.0/,http://freemusicarchive.org/music/Pee-Bug/Witch_Pizza_Going_Sally/csr047_pee-bug_09_free,fma/fma_small/119/119592.mp3,7b9f2a3309acb82d01b1ec0eeb9d7269623ca37b43bb8ee18cf636ab9b12da34,44100,2,29.962448979591837,44100,2,5.0,15.0,10.0,True,-20.0,-20.329102525965684,-19.140165463958574,0.9197162985801697,0.8274460434913635,-21.56597930751625,-21.929326101969515,1.0,0.9800000190734863,384d9fcb213134c0774682e4fb0b5a0f7b109e6e2894a408c151addf50ddb2e1
pedalboard-fma-test-v0.1,fma_small,test,fma_test_119584,119584,Pop,Attribution-NonCommercial,http://creativecommons.org/licenses/by-nc/4.0/,http://freemusicarchive.org/music/Pee-Bug/Witch_Pizza_Going_Sally/csr047_pee-bug_01_dildo-saga,fma/fma_small/119/119584.mp3,6425c51cd175b3bb5d5939328fd3ccd1c5e5bf667f9b8cac27bd935a31ec0f8b,44100,2,29.98857142857143,44100,2,5.0,15.0,10.0,True,-20.0,-18.264439770144914,-17.747818023019125,0.6678385138511658,0.7518075704574585,-22.211302541818245,-22.22967616422972,1.0,1.0,3a688fbae25012547836a0a7803c338dead52ed0bae2bf067d2a82b05f08ff3a
pedalboard-fma-test-v0.1,fma_small,test,fma_test_067334,67334,Pop,Attribution-NonCommercial,http://creativecommons.org/licenses/by-nc/4.0/,http://freemusicarchive.org/music/Drama_for_Yamaha/Archipelago/06_spears,fma/fma_small/067/067334.mp3,07d0bd922cc11d0e7d28315bd39d146bb1e158f7a3d37bb4f5a28af2d4be9eee,44100,2,29.98857142857143,44100,2,5.0,15.0,10.0,True,-20.0,-9.321551707808585,-9.175132216959131,0.29246747493743896,0.28757864236831665,-22.291417796364552,-22.313365096246812,1.0,1.0,531fd736cbb9b5271a74f13427ac1beaf7423a0e9cc0a9f7bf36d0e6ed79dce6
pedalboard-fma-test-v0.1,fma_small,test,fma_test_016337,16337,Pop,Attribution-Noncommercial-Share Alike 3.0 United States,http://creativecommons.org/licenses/by-nc-sa/3.0/us/,http://freemusicarchive.org/music/Twizzle/Soda_Fountain/csr002-01-twizzle-fallingmp3,fma/fma_small/016/016337.mp3,0d69e49db9ff430e4a5fcd03a8b3c09c61606dfdef608f467cc07cbd24c87fe4,44100,2,29.962448979591837,44100,2,5.0,15.0,10.0,True,-20.0,-15.37662592816561,-13.291335016971297,0.37256747484207153,0.3992888331413269,-21.99242085513451,-22.06272260202472,1.0,1.0,584aa891b40f6d35c8258c9711d71afbb741d973764e935fe26252c3cc767d05
pedalboard-fma-test-v0.1,fma_small,test,fma_test_067336,67336,Pop,Attribution-NonCommercial,http://creativecommons.org/licenses/by-nc/4.0/,http://freemusicarchive.org/music/Drama_for_Yamaha/Archipelago/08_waterflies,fma/fma_small/067/067336.mp3,b43dcb0c3877866d6ee79e3d2c2646a5ae94a72e874841438fb5878220a97e95,44100,2,29.98857142857143,44100,2,5.0,15.0,10.0,True,-20.0,-7.362771235883682,-7.424088725225405,0.233420267701149,0.23507390916347504,-22.222158897180194,-22.245308479291594,1.0,1.0,5a68cf9a5c36248e7004570dce71e75c84fe17817702e8d1361811db54e96914
pedalboard-fma-test-v0.1,fma_small,test,fma_test_012387,12387,Pop,Attribution-Noncommercial-Share Alike 3.0 Germany,http://creativecommons.org/licenses/by-nc-sa/3.0/de/,http://freemusicarchive.org/music/Norton/netBloc_Vol_15_this_album_wont_eat_your_gas_money/Spherical_Hearts_Trondheim_Remix,fma/fma_small/012/012387.mp3,f023f798dd60d7e65c1508aebcf5b35ccb2e146da9bd7314079221f473fe5c65,44100,2,29.98857142857143,44100,2,5.0,15.0,10.0,True,-20.0,-19.92670193736936,-17.00563337322295,0.4030652642250061,0.2897879481315613,-22.113133041016837,-22.225138267907134,1.0,1.0,5bd22bddb45884e780b6ee2c05df31d6a2e735c59102b99461cc7501277f0402
pedalboard-fma-test-v0.1,fma_small,test,fma_test_120206,120206,Pop,Attribution-NonCommercial,http://creativecommons.org/licenses/by-nc/4.0/,http://freemusicarchive.org/music/Very_Proper_Dragonflies/Swingin_Singles/csr044_swingin-singles_side-b_14_very-proper-dragonflies_just-believe,fma/fma_small/120/120206.mp3,1da0a2adf304edc4dce8baab7291bc3cbba80cd88efcca9c19a8cf8dc0684ac9,44100,2,29.962448979591837,44100,2,5.0,15.0,10.0,True,-20.0,-14.939193553824587,-12.865167826448737,0.558418333530426,0.4369587004184723,-22.6826473274704,-21.934611135713254,1.0,1.0,5cbc548cdb1f08bd743092ef4f8c21bc4cea819ca262cf7715d0b97646c08dba
pedalboard-fma-test-v0.1,fma_small,test,fma_test_127189,127189,Pop,Attribution-NonCommercial,http://creativecommons.org/licenses/by-nc/4.0/,http://freemusicarchive.org/music/Wintermitts/Oceans/Wintermitts_-_Oceans_-_10_A_La_Frache,fma/fma_small/127/127189.mp3,8180ab6d9c5164088aa1daa21009a80ea1513711c95b1b0607b65bf3e3d4f269,44100,2,29.962448979591837,44100,2,5.0,15.0,10.0,True,-20.0,-14.167132593291639,-15.017839142853585,0.3793901205062866,0.36224067211151123,-22.327563301546792,-22.245687286079804,1.0,1.0,5d85547906586847c5742caf8fc9543f962bb28034bb78ca95ce13d552de9995
pedalboard-fma-test-v0.1,fma_small,test,fma_test_127186,127186,Pop,Attribution-NonCommercial,http://creativecommons.org/licenses/by-nc/4.0/,http://freemusicarchive.org/music/Wintermitts/Oceans/Wintermitts_-_Oceans_-_07_People_Of_The_Eternal_Sun,fma/fma_small/127/127186.mp3,ef53504e17a6828692fd2be7ed96d9250a44c14e6785cbb73faff6379d656a8d,44100,2,29.98857142857143,44100,2,5.0,15.0,10.0,True,-20.0,-8.989078414574443,-8.481883520060778,0.27899348735809326,0.26348480582237244,-22.13846247232338,-22.526167788227166,1.0,1.0,5e2710f2e313d7a5ab67889071770b05b490a24e4d12776d56d5ee76628572d4
pedalboard-fma-test-v0.1,fma_small,test,fma_test_056895,56895,Pop,Attribution-Noncommercial-Share Alike 3.0 United States,http://creativecommons.org/licenses/by-nc-sa/3.0/us/,http://freemusicarchive.org/music/Lame_Drivers/Cruisin_Classics_2003-2010/19_-_as_Puppen,fma/fma_small/056/056895.mp3,febf2f1ab3fa9d1314cfdad1d1ea981cd4dc5870582a13d512e153928d570550,44100,2,29.98857142857143,44100,2,5.0,15.0,10.0,True,-20.0,-13.472427979181013,-12.704697161892023,0.4697948694229126,0.4304932951927185,-21.585988113591746,-21.615944587640364,1.0,1.0,6017e5cb7a56c062c508000328691b836b4b675d1ca53cde485ccfec9a029732
pedalboard-fma-test-v0.1,fma_small,test,fma_test_012179,12179,Pop,Attribution-ShareAlike 3.0 International,http://creativecommons.org/licenses/by-sa/3.0/,http://freemusicarchive.org/music/Garmisch/netBloc_Vol_19_Doctorin_Ur_Tastz/U_Fine,fma/fma_small/012/012179.mp3,0a7f15af4450696f41aa84f024e18ebd74fa5bedce986aff49708b7aa43b51e4,44100,2,29.98857142857143,44100,2,5.0,15.0,10.0,True,-20.0,-20.454439267914974,-20.113175607532934,0.43082329630851746,0.4061072766780853,-20.998663037347406,-20.88233419658165,1.0,1.0,60d3c43a80a209dcc061ba302256dd340daee03bbaa344977d7a39955f1e94e8
pedalboard-fma-test-v0.1,fma_small,test,fma_test_016340,16340,Pop,Attribution-Noncommercial-Share Alike 3.0 United States,http://creativecommons.org/licenses/by-nc-sa/3.0/us/,http://freemusicarchive.org/music/Twizzle/Soda_Fountain/csr002-04-twizzle-barefoot-girl-pebble-roadmp3,fma/fma_small/016/016340.mp3,15f0fba56446652128af9a8868f89288008911ef319a7c38e206fb5852d826e4,44100,2,29.98857142857143,44100,2,5.0,15.0,10.0,True,-20.0,-14.690740113054849,-13.869142210247274,0.38212546706199646,0.41130971908569336,-21.625002119988416,-21.828661904504457,1.0,1.0,64749366e498e513704821fa7ae45c13886c449e7f5910eb94d4f360598fc5d8
pedalboard-fma-test-v0.1,fma_small,test,fma_test_012390,12390,Pop,Attribution-NonCommercial-ShareAlike 3.0 International,http://creativecommons.org/licenses/by-nc-sa/3.0/,http://freemusicarchive.org/music/Pipo_Pegoraro/netBloc_Vol_15_this_album_wont_eat_your_gas_money/Varal,fma/fma_small/012/012390.mp3,f641dfb44e8800f1d15b7ed6504327124d8fef8d95b09457b06b653cfb78711d,44100,2,29.98857142857143,44100,2,5.0,15.0,10.0,True,-20.0,-16.127138311882245,-18.624565476106167,0.3691185712814331,0.4974517822265625,-22.06876115985612,-21.712080254760806,1.0,1.0,6a4d93f2009facc448970ef1870623e7246867fd1e75f3c305625476e92bda68
pedalboard-fma-test-v0.1,fma_small,test,fma_test_127185,127185,Pop,Attribution-NonCommercial,http://creativecommons.org/licenses/by-nc/4.0/,http://freemusicarchive.org/music/Wintermitts/Oceans/Wintermitts_-_Oceans_-_06_Oceans_Apart,fma/fma_small/127/127185.mp3,314caf7d4dac35f14e758e723a6654e2e64a0b4e7361d241388222e37ac1d047,44100,2,29.962448979591837,44100,2,5.0,15.0,10.0,True,-20.0,-10.524657924745158,-10.341911322078229,0.3279379606246948,0.32124531269073486,-22.03919867224333,-22.05585347146281,1.0,1.0,6c1009c0925e134570098afd565c6ca130b4a4a2bcbd65da1c46550a966a830b
pedalboard-fma-test-v0.1,fma_small,test,fma_test_021998,21998,Pop,Public Domain,http://creativecommons.org/licenses/publicdomain/,http://freemusicarchive.org/music/Katapulto/Purity_and_Danger/4karaoke_megablast,fma/fma_small/021/021998.mp3,73b92ba45e03580a487dd522b694535ff13e8ce32bdf3f94ca93aaeeae59ad95,44100,2,29.98857142857143,44100,2,5.0,15.0,10.0,True,-20.0,-6.725960623519688,-7.580920698073069,0.2169192135334015,0.23935694992542267,-23.50267599823173,-23.526702042665338,1.0,0.9599999785423279,6c8e068f95b46512d25a93ff95a4ee2d8a36730638384188707c4a7b6d8490a9
pedalboard-fma-test-v0.1,fma_small,test,fma_test_086634,86634,Pop,Creative Commons Attribution,http://creativecommons.org/licenses/by/3.0/,http://freemusicarchive.org/music/David_Blair/Stay_In_Touch/David_Blair_-_We_Are_Canucks,fma/fma_small/086/086634.mp3,8d76dad9cf1237764836da55cc3fab862389bc1cdb8c185839ee4c6672843d5d,44100,2,29.962448979591837,44100,2,5.0,15.0,10.0,True,-20.0,-7.459631950389237,-7.3313095722007935,0.23603782057762146,0.23257631063461304,-23.483851600658546,-23.375023337946217,1.0,1.0,727b9648a461c11acc15e5cdfd73b28f1996677ea3fe47dc004c15e9d222aca5
pedalboard-fma-test-v0.1,fma_small,test,fma_test_016997,16997,Rock,Attribution-Noncommercial-Share Alike 3.0 United States,http://creativecommons.org/licenses/by-nc-sa/3.0/us/,http://freemusicarchive.org/music/Tusk_Lord/Christmas_2008/03_Third_Christmas_Songmp3_1579,fma/fma_small/016/016997.mp3,ebe19e86aa4105f292d7dc4c50197b9841b5c2b9575359eac74b94e8d1968ff1,44100,2,29.962448979591837,44100,2,5.0,15.0,10.0,True,-20.0,-13.672781320261633,-14.156001169546688,0.36943304538726807,0.3559548258781433,-22.303172027187387,-22.10912997944307,1.0,1.0,03d55d5fbf26242df894efec980f0511b1f72ba9b71a59b5836d6aa669a75be2
pedalboard-fma-test-v0.1,fma_small,test,fma_test_066539,66539,Rock,Attribution-Noncommercial-Share Alike 3.0 United States,http://creativecommons.org/licenses/by-nc-sa/3.0/us/,http://freemusicarchive.org/music/Waylon_Thornton/Baladora/Come_On_Down,fma/fma_small/066/066539.mp3,d8db01258976d771e14745d669acd3f55e0528e232e3042597ef86f1e12b86a3,44100,2,29.98857142857143,44100,2,5.0,15.0,10.0,True,-20.0,-3.603300847474432,-9.500844116109619,0.15141364932060242,0.2985672652721405,-23.108311794854046,-22.065309572282,1.0,1.0,0ac0a8fbbbeaeaba3287ce90ef2dba5d630327e257be2ae7475f7823b0d1ab4a
pedalboard-fma-test-v0.1,fma_small,test,fma_test_066717,66717,Rock,Attribution-NonCommercial,http://creativecommons.org/licenses/by-nc/4.0/,http://freemusicarchive.org/music/Young_Love/Helmets__Flags/05_love_on_the_run,fma/fma_small/066/066717.mp3,d3129e0584cf1775984cfcae02388756bbe949ac2cee9c5587abe8b00e806081,44100,2,29.962448979591837,44100,2,5.0,15.0,10.0,True,-20.0,-8.694974591059854,-9.235376407831426,0.271124929189682,0.28958016633987427,-21.595614771734127,-21.86340797301255,0.9900000095367432,1.0,102a18eaee156173a6887e33dd78da49ac2e80d89eae5e85208e0b6180628f45
pedalboard-fma-test-v0.1,fma_small,test,fma_test_023041,23041,Rock,Attribution-Noncommercial-Share Alike 3.0 Germany,http://creativecommons.org/licenses/by-nc-sa/3.0/de/,http://freemusicarchive.org/music/Stromble_Fix/netBloc_Volume_26_NETAUDIO/07_-_Stromble_Fix_-_Cold_Age,fma/fma_small/023/023041.mp3,3ae187e6a71908201c1873db5a830d28469a8a14a790b553753f65a6982617e2,44100,2,30.01469387755102,44100,2,5.0,15.0,10.0,True,-20.0,-20.96551896051646,-21.239706227116887,0.27931416034698486,0.2901095449924469,-22.983965078389037,-22.90566430201543,1.0,1.0,1508f67094c325e023ebda8b90cfdb8e90fb2a0ce0732b4216551fcb9644aaef
pedalboard-fma-test-v0.1,fma_small,test,fma_test_014734,14734,Rock,Attribution-Noncommercial-Share Alike 3.0 United States,http://creativecommons.org/licenses/by-nc-sa/3.0/us/,http://freemusicarchive.org/music/Throwing_Muses/Live_at_Primavera_Sound_Barcelona_52909/Shark,fma/fma_small/014/014734.mp3,2be82991f9617c151a239024d2a009fcbb4a14b8c593fcd45881e22af3816b4d,44100,2,29.98857142857143,44100,2,5.0,15.0,10.0,True,-20.0,-17.521133462417858,-16.83960631573705,0.649026095867157,0.5869957208633423,-21.579234993687486,-21.712291481313617,1.0,1.0,162a16d843c11428da127d220ef372027a809cf9ae009a532ad0729134018cb1
pedalboard-fma-test-v0.1,fma_small,test,fma_test_071371,71371,Rock,Attribution-Noncommercial-Share Alike 3.0 United States,http://creativecommons.org/licenses/by-nc-sa/3.0/us/,http://freemusicarchive.org/music/Black_Bones/Pirates_of_the_Coast/10_-_Black_Bones_-_Good_Times,fma/fma_small/071/071371.mp3,8a10721a5e396b2740af964689d3abcf68358793ce179598adf046db5f9cd42c,44100,2,29.988004535147393,44100,2,5.0,15.0,10.0,True,-20.0,-5.991159542777942,-5.944062238330514,0.19716264307498932,0.19824539124965668,-24.043931437576603,-24.12715979614116,1.0,1.0,21b57e613542be93652c431078782a52806424daee22887f404f15f34d0bf9f2
pedalboard-fma-test-v0.1,fma_small,test,fma_test_136054,136054,Rock,Attribution-NonCommercial-ShareAlike,http://creativecommons.org/licenses/by-nc-sa/4.0/,http://freemusicarchive.org/music/Sinapsi/Come_Realt/07_Vertigo,fma/fma_small/136/136054.mp3,b0c470b469c924e5302bc193e49e3de684ec0dabcc2e155433e85a7d94bb662d,44100,2,29.962448979591837,44100,2,5.0,15.0,10.0,True,-20.0,-6.7981304105733305,-9.303722200923081,0.21872907876968384,0.29186776280403137,-23.614100909619893,-23.130496945758004,1.0,1.0,25c85977ef101d38d8b82b374837020e7e025d107358259126c5bfdfd2862eef
pedalboard-fma-test-v0.1,fma_small,test,fma_test_016995,16995,Rock,Attribution-Noncommercial-Share Alike 3.0 United States,http://creativecommons.org/licenses/by-nc-sa/3.0/us/,http://freemusicarchive.org/music/Tusk_Lord/Christmas_2008/02_Second_Christmas_Songmp3,fma/fma_small/016/016995.mp3,a4909602b509f095975caf3136b444b4a06c24418cab8cf509b7f804b987bc65,44100,2,29.98857142857143,44100,2,5.0,15.0,10.0,True,-20.0,-17.505241212886304,-16.71120024824382,0.5685350298881531,0.4813922047615051,-21.46346934958325,-21.90678565715519,1.0,1.0,291961be4c69387bbe776b4f7ef4a0a60461fec80e86d1a221d31f4e62a2d211
pedalboard-fma-test-v0.1,fma_small,test,fma_test_066537,66537,Rock,Attribution-Noncommercial-Share Alike 3.0 United States,http://creativecommons.org/licenses/by-nc-sa/3.0/us/,http://freemusicarchive.org/music/Waylon_Thornton/Baladora/Cold_Spot,fma/fma_small/066/066537.mp3,9314f4f1f5f0e089a7041d392551612670cb5684bfbd608eb2e78204a93b6169,44100,2,29.98857142857143,44100,2,5.0,15.0,10.0,True,-20.0,0.19041170281395148,-0.1653015952161322,0.09783165901899338,0.10192132741212845,-23.435042118986686,-24.050913186016018,1.0,1.0,2979876a4b25422cc7821ca05f404cb0492f2522ecdb0e3ad87355690986d7a4
pedalboard-fma-test-v0.1,fma_small,test,fma_test_066538,66538,Rock,Attribution-Noncommercial-Share Alike 3.0 United States,http://creativecommons.org/licenses/by-nc-sa/3.0/us/,http://freemusicarchive.org/music/Waylon_Thornton/Baladora/Pass_The_Ring,fma/fma_small/066/066538.mp3,aabd15083cb0d5fcfe628569c9c216e3d83db2f171c0526f1696a31fcca0d93f,44100,2,29.962448979591837,44100,2,5.0,15.0,10.0,True,-20.0,0.7476968063811563,0.04176348206002589,0.09175191819667816,0.09952033311128616,-24.48934745674537,-24.011005273986257,1.0,1.0,2c20be5c6254f8f9f3867193cd4a7be5ee29506003f87a5ba87919a4277bcf95
pedalboard-fma-test-v0.1,fma_small,test,fma_test_014744,14744,Rock,Attribution-Noncommercial-Share Alike 3.0 United States,http://creativecommons.org/licenses/by-nc-sa/3.0/us/,http://freemusicarchive.org/music/Throwing_Muses/Live_at_Primavera_Sound_Barcelona_52909/Bea,fma/fma_small/014/014744.mp3,7bf08657616785b2778093571cf25d95579f7302e1b7f513c9244dc95bf51933,44100,2,29.98857142857143,44100,2,5.0,15.0,10.0,True,-20.0,-14.655351445167417,-14.327821599775822,0.5404649972915649,0.5082305073738098,-21.990517113122017,-22.223007295150644,1.0,1.0,2de4fd92157810b289d49e678082dc4ff4c60d16f1f9fcc834b79df0b1f0a618
pedalboard-fma-test-v0.1,fma_small,test,fma_test_124186,124186,Rock,Attribution-NonCommercial-ShareAlike,http://creativecommons.org/licenses/by-nc-sa/4.0/,http://freemusicarchive.org/music/Bloodgod/Pseudologia_Phantastica/Bloodgod_2013_Pseudologia-Phantastica_03_Bloodgod,fma/fma_small/124/124186.mp3,f3406c9105f41c7daa03a6f4238ae50e79f11754fb4bbfc39ba56926495a9bf7,44100,2,30.01469387755102,44100,2,5.0,15.0,10.0,True,-20.0,-8.412719124926895,-11.71573958499525,0.2634122371673584,0.3461560606956482,-22.41067541965821,-22.062909704735077,1.0,1.0,2e8a132ad4971c854dd17be7c51e26e562e80ccc3fc190b665a5b3c0edd3a88f
pedalboard-fma-test-v0.1,fma_small,test,fma_test_106877,106877,Rock,Attribution-Noncommercial-Share Alike 3.0 United States,http://creativecommons.org/licenses/by-nc-sa/3.0/us/,http://freemusicarchive.org/music/Westy_Reflector/Reflected_10x10/Westy_Reflector_-_Reflected-_10x10_-_08_Windfall,fma/fma_small/106/106877.mp3,f12a56c530c4572f42390f9d6d5b925b8025eddf86c09dd12804c0a407201363,44100,2,29.962448979591837,44100,2,5.0,15.0,10.0,True,-20.0,-13.519638993206689,-13.545463347032566,0.4327106177806854,0.4085964560508728,-22.85028871073832,-22.867356333602213,1.0,1.0,3c9e9808a85368be8bb5a595ac0399b2a687b901bf13e9143059a2e2a0cac210
pedalboard-fma-test-v0.1,fma_small,test,fma_test_086788,86788,Rock,Attribution-Noncommercial-Share Alike 3.0 Germany,http://creativecommons.org/licenses/by-nc-sa/3.0/de/,http://freemusicarchive.org/music/Die_Leere_im_Kern_Deiner_Hoffnung/C3SIX__The_C3S_Ignition_Mix/Wuerfel14-dLiKdH-09-Es_ist_nie_genug_1373,fma/fma_small/086/086788.mp3,89502959905d01af6396b7cca54343bc48d5829eefe5a4c5c3f5012fd3fcedc3,44100,2,29.98857142857143,44100,2,5.0,15.0,10.0,True,-20.0,-7.956234187174738,-7.75206466736641,0.24828343093395233,0.24402634799480438,-22.256699175911116,-22.4626171599652,1.0,1.0,3e068d0a268da47ff2c9dd644926fd7a3fdf07e0d73c82ad312fc6a58f3ad0f4
pedalboard-fma-test-v0.1,fma_small,test,fma_test_105141,105141,Rock,Attribution-NonCommercial-ShareAlike 3.0 International,http://creativecommons.org/licenses/by-nc-sa/3.0/,http://freemusicarchive.org/music/Waste_Disposal_Machine/Detritus/01_waste_disposal_machine_-_debris,fma/fma_small/105/105141.mp3,502c84c10d1d82ecdca5bd6a4187939e111817bd83d4446947f33e1dfecc57a6,44100,2,29.962448979591837,44100,2,5.0,15.0,10.0,True,-20.0,-6.943653759229476,-9.004333595423578,0.1994914710521698,0.2577580511569977,-23.523245013085756,-22.7975239636785,1.0,1.0,42beb222f9f19a5e839c510505d4870e975c550a8d76e5b0662bbcbc7cdbfd62
pedalboard-fma-test-v0.1,fma_small,test,fma_test_094101,94101,Rock,Attribution-NonCommercial-ShareAlike 3.0 International,http://creativecommons.org/licenses/by-nc-sa/3.0/,http://freemusicarchive.org/music/Westy_Reflector/Transient_Lines/westy_reflector_-_transient_lines_-_09_dreamy_solace_of_rivers_and_bridges_-_disquiet0088,fma/fma_small/094/094101.mp3,d312000c0d9859becb180f617da708c3cbcf36d511bde82f3f2e91f0b6c6ca75,44100,2,29.962448979591837,44100,2,5.0,15.0,10.0,True,-20.0,-20.345967859675,-20.303388393309667,0.34836405515670776,0.3455081582069397,-22.706595102693676,-22.695518937777116,1.0,1.0,43a0952271dddaa13913e0d6df9cea1518bec02934ab1c8dad4a6db3a865472e
pedalboard-fma-test-v0.1,fma_small,test,fma_test_004108,4108,Rock,Attribution-NonCommercial-ShareAlike 3.0 International,http://creativecommons.org/licenses/by-nc-sa/3.0/,http://freemusicarchive.org/music/Psychedelic_Horseshit/Live_at_WFMU_on_Brian_Turners_Show_on_12182007/New_Wave_Hippies,fma/fma_small/004/004108.mp3,2b20796ecf94c86adcd2d034d3e7e0255870cf116b7493d2c400297b902de216,44100,2,29.962448979591837,44100,2,5.0,15.0,10.0,True,-20.0,-14.835367425237212,-16.413812912626675,0.2076038271188736,0.23290030658245087,-24.035990206946913,-23.090561337736858,1.0,1.0,4679708151667ab46cb3592eb44ab4cdfd73583355f61eab375551e1f4424051
pedalboard-fma-test-v0.1,fma_small,test,fma_test_124394,124394,Rock,Attribution-ShareAlike,http://creativecommons.org/licenses/by-sa/4.0/,http://freemusicarchive.org/music/Radius_System/Escape__Restart/08-RadiusSystem-NotComingBack,fma/fma_small/124/124394.mp3,43985781abd29d717a7da4f4bf61e72e2e5b439008eea6bbddc81a7e14c3178c,44100,2,29.98857142857143,44100,2,5.0,15.0,10.0,True,-20.0,-9.369593871120292,-8.654496453834096,0.293759286403656,0.26917698979377747,-22.80257211223865,-22.828406336293092,1.0,1.0,4887c4b8941e49ab225689bc03db407b4b9c020a8870be08e1216fe6f34e56fe
pedalboard-fma-test-v0.1,fma_small,test,fma_test_124185,124185,Rock,Attribution-NonCommercial-ShareAlike,http://creativecommons.org/licenses/by-nc-sa/4.0/,http://freemusicarchive.org/music/Bloodgod/Pseudologia_Phantastica/Bloodgod_2013_Pseudologia-Phantastica_02_Wrecking-Ball-Surprise,fma/fma_small/124/124185.mp3,60807582fc6a267ea235958576d29eb96d79084a631cf5c3bd80ac1e74d12f16,44100,2,30.01469387755102,44100,2,5.0,15.0,10.0,True,-20.0,-7.579169550910352,-7.653384580722306,0.239308699965477,0.24136218428611755,-22.153940462275145,-22.137822603360924,1.0,1.0,4a8ffd2e31d44f3bf0b1860a7c41c28f099173751cc94c9b069e5c50987625b1
pedalboard-fma-test-v0.1,fma_small,test,fma_test_066534,66534,Rock,Attribution-Noncommercial-Share Alike 3.0 United States,http://creativecommons.org/licenses/by-nc-sa/3.0/us/,http://freemusicarchive.org/music/Waylon_Thornton/Baladora/Gator_Foot,fma/fma_small/066/066534.mp3,b8f9e0784a014bb09cebbb2d766a53d31f87f2864c8c49224aaa6aab102fa0f8,44100,2,29.98857142857143,44100,2,5.0,15.0,10.0,True,-20.0,-1.4265105972890852,-3.424020434819082,0.11784889549016953,0.14832045137882233,-23.60621553406255,-22.850241988780265,1.0,1.0,4e593b88fd57477160db840ea708d839714ba411278c12b60e9deb3999311ed2
pedalboard-fma-test-v0.1,fma_small,test,fma_test_014736,14736,Rock,Attribution-Noncommercial-Share Alike 3.0 United States,http://creativecommons.org/licenses/by-nc-sa/3.0/us/,http://freemusicarchive.org/music/Throwing_Muses/Live_at_Primavera_Sound_Barcelona_52909/Hazing,fma/fma_small/014/014736.mp3,2c7584bf7f2a7a647c5452dc7177415c27eab5b8e200cadc4535bc651019de69,44100,2,29.98857142857143,44100,2,5.0,15.0,10.0,True,-20.0,-16.317636688892772,-15.14183201430972,0.511602520942688,0.5715991854667664,-22.093298386698592,-22.263990249300278,1.0,1.0,4e5cc6af4069559358d601adeadc28bdb16d73f3c36db199309c17654324ce7c
pedalboard-fma-test-v0.1,fma_small,test,fma_test_014653,14653,Rock,Attribution-ShareAlike 3.0 International,http://creativecommons.org/licenses/by-sa/3.0/,http://freemusicarchive.org/music/Brad_Sucks/Out_Of_It/Bad_Sign,fma/fma_small/014/014653.mp3,e4cc191579d3308fd15be0919630b780a094ae3e7cb7ca840437ad0602dc0cd1,44100,2,29.962448979591837,44100,2,5.0,15.0,10.0,True,-20.0,-7.633833301473994,-7.537472860485065,0.24081951379776,0.23816263675689697,-22.17932613936614,-22.303587113588353,1.0,1.0,535f1ebdf9c158f857bbb211b8aa62d334f34de7d624f23f066cdfe13ec4847c
pedalboard-fma-test-v0.1,fma_small,test,fma_test_014738,14738,Rock,Attribution-Noncommercial-Share Alike 3.0 United States,http://creativecommons.org/licenses/by-nc-sa/3.0/us/,http://freemusicarchive.org/music/Throwing_Muses/Live_at_Primavera_Sound_Barcelona_52909/Devils_Roof,fma/fma_small/014/014738.mp3,b09c5a293d3d0213882d546450e923dcd0dc9c0bd45caca0a157b8b0655000c5,44100,2,29.962448979591837,44100,2,5.0,15.0,10.0,True,-20.0,-16.057977693574834,-15.470613661373697,0.630536675453186,0.5936502814292908,-22.084569441351892,-22.124433423443918,1.0,1.0,5481f65a865f6d6fd40eeb00be9ee6e569635a39bb6906f2d005dc06e95c7edb
pedalboard-fma-test-v0.1,fma_small,test,fma_test_014745,14745,Rock,Attribution-Noncommercial-Share Alike 3.0 United States,http://creativecommons.org/licenses/by-nc-sa/3.0/us/,http://freemusicarchive.org/music/Throwing_Muses/Live_at_Primavera_Sound_Barcelona_52909/Pearl,fma/fma_small/014/014745.mp3,058834f15f5b67b4419fff18aeaf20f55dfd847880460891a439ef55cad13d44,44100,2,29.962448979591837,44100,2,5.0,15.0,10.0,True,-20.0,-14.816657326417777,-14.244577665132518,0.550595760345459,0.5155002474784851,-21.819794970089493,-21.779373926127008,1.0,1.0,55696263d54d08af8c0051d59023bfb04dfa83abe4ddd511a3d80b1f0af1a8d4
pedalboard-fma-test-v0.1,fma_small,test,fma_test_132171,132171,Rock,Attribution-NonCommercial,http://creativecommons.org/licenses/by-nc/4.0/,http://freemusicarchive.org/music/Ulises_Lima/7_1696/Ulises_Lima_-_7-_-_03_Color_Blindness,fma/fma_small/132/132171.mp3,0c9aa63c2d0be63ae1d84c7b5e6936f2159f8505d44c4117a215d7c0864d1c61,44100,2,29.98857142857143,44100,2,5.0,15.0,10.0,True,-20.0,-8.131032056148667,-7.8309265362342035,0.25500670075416565,0.24634645879268646,-21.296833599963257,-21.250181152127865,1.0,1.0,56c876fd078998f6f9d4f6c9726a7cbcff5e30dcfc755f2383dd69bef497efd9
pedalboard-fma-test-v0.1,fma_small,test,fma_test_105144,105144,Rock,Attribution-NonCommercial-ShareAlike 3.0 International,http://creativecommons.org/licenses/by-nc-sa/3.0/,http://freemusicarchive.org/music/Waste_Disposal_Machine/Detritus/04_waste_disposal_machine_-_i_sing_the_body_electric__remixed_by_torsion,fma/fma_small/105/105144.mp3,64aeaf76cc59cb0abbc530f05c57e76c23dfac218ea8ec0a70a4cb3da429167f,44100,2,29.962448979591837,44100,2,5.0,15.0,10.0,True,-20.0,-12.538712597306613,-12.43786412227069,0.37127384543418884,0.37817850708961487,-21.349828834830404,-21.330102686529116,1.0,1.0,5cb4ec6b08e6090d0a9b23a922239b118db10b504b0b662f9a9cf87b5de74614
