encoder,topology,item_id,center_accepted,n1_origin,n1_ld,raw_center_ld,rejection_reason,full_pool_attempts,pool_rejections,unused_valid_renders
relativefx,known,fma_test_000705,True,head_center,0.2805769145488739,0.2805769145488739,,512,0,0
relativefx,known,fma_test_000706,True,head_center,0.13828495144844055,0.13828495144844055,,512,0,0
relativefx,known,fma_test_000707,True,head_center,1.2779371738433838,1.2779371738433838,,512,0,0
relativefx,known,fma_test_000708,True,head_center,0.49009010195732117,0.49009010195732117,,512,0,0
relativefx,known,fma_test_001069,True,head_center,0.1555778980255127,0.1555778980255127,,512,0,0
relativefx,known,fma_test_001249,True,head_center,0.32871192693710327,0.32871192693710327,,778,15,251
relativefx,known,fma_test_004108,True,head_center,1.1263020038604736,1.1263020038604736,,512,0,0
relativefx,known,fma_test_007378,True,head_center,1.1898467540740967,1.1898467540740967,,512,0,0
relativefx,known,fma_test_007379,True,head_center,1.0545679330825806,1.0545679330825806,,770,2,256
relativefx,known,fma_test_007381,True,head_center,1.409408450126648,1.409408450126648,,512,0,0
relativefx,known,fma_test_007383,True,head_center,0.11566728353500366,0.11566728353500366,,512,0,0
relativefx,known,fma_test_010382,True,head_center,0.32231926918029785,0.32231926918029785,,512,0,0
relativefx,known,fma_test_010383,True,head_center,0.3076976537704468,0.3076976537704468,,777,14,251
relativefx,known,fma_test_010384,True,head_center,0.21177786588668823,0.21177786588668823,,512,0,0
relativefx,known,fma_test_010387,True,head_center,0.9185323715209961,0.9185323715209961,,512,0,0
relativefx,known,fma_test_010388,True,head_center,1.306210994720459,1.306210994720459,,512,0,0
relativefx,known,fma_test_010438,True,head_center,0.7049104571342468,0.7049104571342468,,512,0,0
relativefx,known,fma_test_010440,True,head_center,1.0539164543151855,1.0539164543151855,,769,1,256
relativefx,known,fma_test_010441,True,head_center,1.3131968975067139,1.3131968975067139,,895,221,162
relativefx,known,fma_test_010443,True,head_center,1.4119404554367065,1.4119404554367065,,772,4,256
relativefx,known,fma_test_010444,True,head_center,0.5209802985191345,0.5209802985191345,,512,0,0
relativefx,known,fma_test_011019,True,head_center,0.6584504842758179,0.6584504842758179,,512,0,0
relativefx,known,fma_test_012046,True,head_center,0.10479768365621567,0.10479768365621567,,512,0,0
relativefx,known,fma_test_012051,True,head_center,0.4648002088069916,0.4648002088069916,,512,0,0
relativefx,known,fma_test_012059,True,head_center,0.38915157318115234,0.38915157318115234,,769,3,254
relativefx,known,fma_test_012060,True,head_center,1.0104663372039795,1.0104663372039795,,512,0,0
relativefx,known,fma_test_012064,True,head_center,0.7261786460876465,0.7261786460876465,,512,0,0
relativefx,known,fma_test_012065,True,head_center,0.4461674392223358,0.4461674392223358,,898,220,166
relativefx,known,fma_test_012179,True,head_center,0.796343207359314,0.796343207359314,,512,0,0
relativefx,known,fma_test_012387,True,head_center,0.8584266901016235,0.8584266901016235,,769,1,256
relativefx,known,fma_test_012390,False,head_centered,1.4041355848312378,,not separated: nonfinite or peak rejection,2257,1741,4
relativefx,known,fma_test_012481,True,head_center,2.1145246028900146,2.1145246028900146,,512,0,0
relativefx,known,fma_test_012482,True,head_center,1.3834326267242432,1.3834326267242432,,512,0,0
relativefx,known,fma_test_012489,True,head_center,1.0159103870391846,1.0159103870391846,,512,0,0
relativefx,known,fma_test_012518,True,head_center,1.416012167930603,1.416012167930603,,512,0,0
relativefx,known,fma_test_014653,True,head_center,0.841291606426239,0.841291606426239,,512,0,0
relativefx,known,fma_test_014690,True,head_center,1.291943073272705,1.291943073272705,,512,0,0
relativefx,known,fma_test_014734,True,head_center,1.3323743343353271,1.3323743343353271,,778,14,252
relativefx,known,fma_test_014736,True,head_center,0.9310377836227417,0.9310377836227417,,771,5,254
relativefx,known,fma_test_014738,True,head_center,0.24864733219146729,0.24864733219146729,,769,1,256
relativefx,known,fma_test_014744,True,head_center,0.4733087718486786,0.4733087718486786,,779,19,248
relativefx,known,fma_test_014745,True,head_center,1.98354172706604,1.98354172706604,,799,39,248
relativefx,known,fma_test_016337,True,head_center,1.1842278242111206,1.1842278242111206,,512,0,0
relativefx,known,fma_test_016340,True,head_center,0.5280312299728394,0.5280312299728394,,512,0,0
relativefx,known,fma_test_016995,True,head_center,0.38441556692123413,0.38441556692123413,,512,0,0
relativefx,known,fma_test_016997,True,head_center,1.131643295288086,1.131643295288086,,512,0,0
relativefx,known,fma_test_020296,False,head_centered,0.7988681793212891,,not separated: nonfinite or peak rejection,1323,699,112
relativefx,known,fma_test_021997,True,head_center,0.12481963634490967,0.12481963634490967,,512,0,0
relativefx,known,fma_test_021998,True,head_center,0.37614935636520386,0.37614935636520386,,512,0,0
relativefx,known,fma_test_022000,True,head_center,1.386159896850586,1.386159896850586,,512,0,0
relativefx,known,fma_test_023041,True,head_center,1.2898688316345215,1.2898688316345215,,512,0,0
relativefx,known,fma_test_026859,True,head_center,0.9909992218017578,0.9909992218017578,,772,5,255
relativefx,known,fma_test_026902,True,head_center,0.5569236278533936,0.5569236278533936,,844,113,219
relativefx,known,fma_test_026904,True,head_center,0.5018298029899597,0.5018298029899597,,512,0,0
relativefx,known,fma_test_026905,True,head_center,0.516362190246582,0.516362190246582,,512,0,0
relativefx,known,fma_test_035569,True,head_center,0.8224592208862305,0.8224592208862305,,512,0,0
relativefx,known,fma_test_036096,True,head_center,0.5396845936775208,0.5396845936775208,,512,0,0
relativefx,known,fma_test_036099,True,head_center,0.9587143659591675,0.9587143659591675,,512,0,0
relativefx,known,fma_test_036799,True,head_center,1.6778525114059448,1.6778525114059448,,512,0,0
relativefx,known,fma_test_038775,True,head_center,1.269883632659912,1.269883632659912,,512,0,0
relativefx,known,fma_test_038776,True,head_center,0.12741558253765106,0.12741558253765106,,512,0,0
relativefx,known,fma_test_038779,True,head_center,1.0349239110946655,1.0349239110946655,,769,1,256
relativefx,known,fma_test_038782,True,head_center,0.8596166372299194,0.8596166372299194,,512,0,0
relativefx,known,fma_test_038783,True,head_center,0.15152636170387268,0.15152636170387268,,512,0,0
relativefx,known,fma_test_038784,True,head_center,0.44275176525115967,0.44275176525115967,,769,1,256
relativefx,known,fma_test_038785,True,head_center,0.44337719678878784,0.44337719678878784,,512,0,0
relativefx,known,fma_test_038819,True,head_center,1.3747882843017578,1.3747882843017578,,512,0,0
relativefx,known,fma_test_038820,True,head_center,0.28648924827575684,0.28648924827575684,,769,1,256
relativefx,known,fma_test_038823,True,head_center,1.7897390127182007,1.7897390127182007,,769,2,255
relativefx,known,fma_test_038826,True,head_center,0.45572221279144287,0.45572221279144287,,512,0,0
relativefx,known,fma_test_038827,True,head_center,1.6356709003448486,1.6356709003448486,,512,0,0
relativefx,known,fma_test_038828,True,head_center,0.6684311628341675,0.6684311628341675,,512,0,0
relativefx,known,fma_test_038834,True,head_center,0.8836359977722168,0.8836359977722168,,512,0,0
relativefx,known,fma_test_039317,False,head_centered,1.7289459705352783,,not separated: nonfinite or peak rejection,1285,648,125
relativefx,known,fma_test_039318,True,head_center,1.3284533023834229,1.3284533023834229,,512,0,0
relativefx,known,fma_test_039605,True,head_center,1.1175639629364014,1.1175639629364014,,512,0,0
relativefx,known,fma_test_039607,True,head_center,1.282097339630127,1.282097339630127,,512,0,0
relativefx,known,fma_test_040236,True,head_center,0.22885935008525848,0.22885935008525848,,512,0,0
relativefx,known,fma_test_040240,True,head_center,0.7628769278526306,0.7628769278526306,,770,5,253
relativefx,known,fma_test_040242,True,head_center,1.206673264503479,1.206673264503479,,512,0,0
relativefx,known,fma_test_040244,True,head_center,0.4315023422241211,0.4315023422241211,,512,0,0
relativefx,known,fma_test_051301,True,head_center,0.9148383140563965,0.9148383140563965,,512,0,0
relativefx,known,fma_test_053228,True,head_center,0.42321667075157166,0.42321667075157166,,512,0,0
relativefx,known,fma_test_053586,True,head_center,0.16862551867961884,0.16862551867961884,,512,0,0
relativefx,known,fma_test_056895,True,head_center,0.2980808615684509,0.2980808615684509,,512,0,0
relativefx,known,fma_test_059581,True,head_center,0.7738184928894043,0.7738184928894043,,512,0,0
relativefx,known,fma_test_063064,True,head_center,1.3500964641571045,1.3500964641571045,,849,134,203
relativefx,known,fma_test_063149,True,head_center,1.2989263534545898,1.2989263534545898,,512,0,0
relativefx,known,fma_test_063161,True,head_center,1.5084235668182373,1.5084235668182373,,512,0,0
relativefx,known,fma_test_063250,True,head_center,1.4375314712524414,1.4375314712524414,,512,0,0
relativefx,known,fma_test_063257,True,head_center,0.6097016930580139,0.6097016930580139,,512,0,0
relativefx,known,fma_test_065779,True,head_center,0.8713595271110535,0.8713595271110535,,512,0,0
relativefx,known,fma_test_065780,True,head_center,0.6502623558044434,0.6502623558044434,,512,0,0
relativefx,known,fma_test_066534,True,head_center,0.29876410961151123,0.29876410961151123,,512,0,0
relativefx,known,fma_test_066537,True,head_center,0.3882165551185608,0.3882165551185608,,512,0,0
relativefx,known,fma_test_066538,True,head_center,0.7931260466575623,0.7931260466575623,,512,0,0
relativefx,known,fma_test_066539,True,head_center,1.504246711730957,1.504246711730957,,769,2,255
relativefx,known,fma_test_066717,True,head_center,0.3864571452140808,0.3864571452140808,,512,0,0
relativefx,known,fma_test_067334,True,head_center,1.451611876487732,1.451611876487732,,512,0,0
relativefx,known,fma_test_067336,True,head_center,0.4651659429073334,0.4651659429073334,,512,0,0
relativefx,known,fma_test_067457,True,head_center,1.2704545259475708,1.2704545259475708,,512,0,0
relativefx,known,fma_test_068537,True,head_center,0.6570720076560974,0.6570720076560974,,512,0,0
relativefx,known,fma_test_068582,True,head_center,0.6700789332389832,0.6700789332389832,,512,0,0
relativefx,known,fma_test_068895,True,head_center,0.9754934310913086,0.9754934310913086,,512,0,0
relativefx,known,fma_test_068899,True,head_center,1.1950548887252808,1.1950548887252808,,512,0,0
relativefx,known,fma_test_069222,True,head_center,0.9620610475540161,0.9620610475540161,,856,149,195
relativefx,known,fma_test_071371,True,head_center,0.3456851840019226,0.3456851840019226,,512,0,0
relativefx,known,fma_test_076363,False,head_centered,2.8580007553100586,,not separated: nonfinite or peak rejection,3955,3428,15
relativefx,known,fma_test_084057,True,head_center,0.5497989654541016,0.5497989654541016,,512,0,0
relativefx,known,fma_test_084736,True,head_center,1.5510945320129395,1.5510945320129395,,512,0,0
relativefx,known,fma_test_086037,True,head_center,0.256422758102417,0.256422758102417,,512,0,0
relativefx,known,fma_test_086038,True,head_center,0.19568565487861633,0.19568565487861633,,512,0,0
relativefx,known,fma_test_086039,True,head_center,0.36733731627464294,0.36733731627464294,,779,21,246
relativefx,known,fma_test_086040,True,head_center,0.9499673247337341,0.9499673247337341,,512,0,0
relativefx,known,fma_test_086256,True,head_center,0.9407143592834473,0.9407143592834473,,512,0,0
relativefx,known,fma_test_086634,True,head_center,2.193209409713745,2.193209409713745,,783,26,245
relativefx,known,fma_test_086788,True,head_center,0.6446560025215149,0.6446560025215149,,512,0,0
relativefx,known,fma_test_087069,True,head_center,1.6063296794891357,1.6063296794891357,,512,0,0
relativefx,known,fma_test_089445,True,head_center,0.010742786340415478,0.010742786340415478,,512,0,0
relativefx,known,fma_test_093521,True,head_center,1.0481016635894775,1.0481016635894775,,774,10,252
relativefx,known,fma_test_094101,True,head_center,1.2398618459701538,1.2398618459701538,,512,0,0
relativefx,known,fma_test_094803,True,head_center,0.2509462237358093,0.2509462237358093,,774,8,254
relativefx,known,fma_test_103518,True,head_center,0.2843981087207794,0.2843981087207794,,512,0,0
relativefx,known,fma_test_103519,True,head_center,0.3238755166530609,0.3238755166530609,,512,0,0
relativefx,known,fma_test_103520,True,head_center,0.35834383964538574,0.35834383964538574,,771,6,253
relativefx,known,fma_test_103521,True,head_center,1.220991611480713,1.220991611480713,,512,0,0
relativefx,known,fma_test_103522,True,head_center,0.48770222067832947,0.48770222067832947,,512,0,0
relativefx,known,fma_test_103523,True,head_center,0.3754274845123291,0.3754274845123291,,512,0,0
relativefx,known,fma_test_105141,True,head_center,1.174460768699646,1.174460768699646,,512,0,0
relativefx,known,fma_test_105144,True,head_center,0.31487804651260376,0.31487804651260376,,769,3,254
relativefx,known,fma_test_106629,True,head_center,1.3382333517074585,1.3382333517074585,,769,1,256
relativefx,known,fma_test_106877,True,head_center,0.9213309288024902,0.9213309288024902,,773,7,254
relativefx,known,fma_test_108456,True,head_center,1.0835449695587158,1.0835449695587158,,512,0,0
relativefx,known,fma_test_108459,True,head_center,0.2243344783782959,0.2243344783782959,,512,0,0
relativefx,known,fma_test_108460,True,head_center,0.3493232727050781,0.3493232727050781,,772,5,255
relativefx,known,fma_test_108524,True,head_center,0.8243617415428162,0.8243617415428162,,512,0,0
relativefx,known,fma_test_108525,True,head_center,0.4472441077232361,0.4472441077232361,,512,0,0
relativefx,known,fma_test_108532,True,head_center,1.0884552001953125,1.0884552001953125,,512,0,0
relativefx,known,fma_test_108533,True,head_center,0.37655091285705566,0.37655091285705566,,512,0,0
relativefx,known,fma_test_110204,True,head_center,0.6425380110740662,0.6425380110740662,,512,0,0
relativefx,known,fma_test_110209,True,head_center,1.2987966537475586,1.2987966537475586,,512,0,0
relativefx,known,fma_test_110756,True,head_center,0.11168470233678818,0.11168470233678818,,512,0,0
relativefx,known,fma_test_110764,True,head_center,1.3503284454345703,1.3503284454345703,,512,0,0
relativefx,known,fma_test_110765,True,head_center,1.1195682287216187,1.1195682287216187,,769,1,256
relativefx,known,fma_test_110771,True,head_center,0.8496050834655762,0.8496050834655762,,769,2,255
relativefx,known,fma_test_110774,True,head_center,1.4635908603668213,1.4635908603668213,,512,0,0
relativefx,known,fma_test_110775,True,head_center,1.6926201581954956,1.6926201581954956,,818,104,202
relativefx,known,fma_test_111216,True,head_center,1.1156058311462402,1.1156058311462402,,512,0,0
relativefx,known,fma_test_111994,True,head_center,1.1157736778259277,1.1157736778259277,,512,0,0
relativefx,known,fma_test_112000,True,head_center,0.748222827911377,0.748222827911377,,512,0,0
relativefx,known,fma_test_112001,True,head_center,0.6138434410095215,0.6138434410095215,,512,0,0
relativefx,known,fma_test_113274,True,head_center,1.5294828414916992,1.5294828414916992,,512,0,0
relativefx,known,fma_test_113275,True,head_center,1.4533157348632812,1.4533157348632812,,773,7,254
relativefx,known,fma_test_113279,True,head_center,0.5561414957046509,0.5561414957046509,,769,1,256
relativefx,known,fma_test_114212,True,head_center,0.44396400451660156,0.44396400451660156,,793,36,245
relativefx,known,fma_test_114222,True,head_center,0.30030035972595215,0.30030035972595215,,512,0,0
relativefx,known,fma_test_114223,True,head_center,0.682705283164978,0.682705283164978,,512,0,0
relativefx,known,fma_test_116388,True,head_center,1.412205457687378,1.412205457687378,,512,0,0
relativefx,known,fma_test_116389,True,head_center,0.6426942348480225,0.6426942348480225,,512,0,0
relativefx,known,fma_test_119584,True,head_center,0.25694510340690613,0.25694510340690613,,769,3,254
relativefx,known,fma_test_119592,True,head_center,1.6065948009490967,1.6065948009490967,,783,21,250
relativefx,known,fma_test_120206,True,head_center,0.7017624378204346,0.7017624378204346,,512,0,0
relativefx,known,fma_test_121998,True,head_center,0.6511924266815186,0.6511924266815186,,512,0,0
relativefx,known,fma_test_122106,True,head_center,0.3709305226802826,0.3709305226802826,,512,0,0
relativefx,known,fma_test_122155,True,head_center,0.644694447517395,0.644694447517395,,770,4,254
relativefx,known,fma_test_124185,True,head_center,0.6046205759048462,0.6046205759048462,,512,0,0
relativefx,known,fma_test_124186,True,head_center,0.6162664294242859,0.6162664294242859,,512,0,0
relativefx,known,fma_test_124394,True,head_center,1.2503994703292847,1.2503994703292847,,512,0,0
relativefx,known,fma_test_126507,True,head_center,0.8082506060600281,0.8082506060600281,,769,3,254
relativefx,known,fma_test_127180,True,head_center,0.3424379527568817,0.3424379527568817,,512,0,0
relativefx,known,fma_test_127183,True,head_center,0.8667959570884705,0.8667959570884705,,512,0,0
relativefx,known,fma_test_127185,True,head_center,1.6229877471923828,1.6229877471923828,,871,178,181
relativefx,known,fma_test_127186,True,head_center,1.3141725063323975,1.3141725063323975,,512,0,0
relativefx,known,fma_test_127189,True,head_center,1.8564714193344116,1.8564714193344116,,512,0,0
relativefx,known,fma_test_132117,True,head_center,0.727055549621582,0.727055549621582,,804,50,242
relativefx,known,fma_test_132171,True,head_center,0.1996910274028778,0.1996910274028778,,512,0,0
relativefx,known,fma_test_136054,True,head_center,1.3747196197509766,1.3747196197509766,,512,0,0
relativefx,known,fma_test_140609,True,head_center,0.41761311888694763,0.41761311888694763,,512,0,0
relativefx,known,fma_test_140620,True,head_center,1.1926052570343018,1.1926052570343018,,512,0,0
relativefx,known,fma_test_140621,True,head_center,0.2530207335948944,0.2530207335948944,,956,333,111
relativefx,known,fma_test_140626,True,head_center,1.6359281539916992,1.6359281539916992,,512,0,0
relativefx,known,fma_test_140922,True,head_center,0.2870205044746399,0.2870205044746399,,512,0,0
relativefx,known,fma_test_140924,True,head_center,0.2648473381996155,0.2648473381996155,,512,0,0
relativefx,known,fma_test_140934,True,head_center,0.6788713335990906,0.6788713335990906,,512,0,0
relativefx,known,fma_test_142533,True,head_center,0.47698545455932617,0.47698545455932617,,512,0,0
relativefx,known,fma_test_142534,True,head_center,0.2632891535758972,0.2632891535758972,,512,0,0
relativefx,known,fma_test_142537,True,head_center,0.13859425485134125,0.13859425485134125,,512,0,0
relativefx,known,fma_test_142539,True,head_center,0.1928989738225937,0.1928989738225937,,512,0,0
relativefx,known,fma_test_144212,True,head_center,0.2212795913219452,0.2212795913219452,,512,0,0
relativefx,known,fma_test_144213,True,head_center,0.22406870126724243,0.22406870126724243,,770,2,256
relativefx,known,fma_test_144214,True,head_center,0.7027443647384644,0.7027443647384644,,769,1,256
relativefx,known,fma_test_145747,True,head_center,0.7247519493103027,0.7247519493103027,,775,9,254
relativefx,known,fma_test_145750,True,head_center,0.7342476844787598,0.7342476844787598,,512,0,0
relativefx,known,fma_test_148028,True,head_center,1.1107170581817627,1.1107170581817627,,770,3,255
relativefx,known,fma_test_148032,True,head_center,0.6131351590156555,0.6131351590156555,,512,0,0
relativefx,known,fma_test_150288,True,head_center,0.16834333539009094,0.16834333539009094,,512,0,0
relativefx,known,fma_test_154306,True,head_center,1.2700200080871582,1.2700200080871582,,512,0,0
relativefx,known,fma_test_154307,True,head_center,1.760024070739746,1.760024070739746,,512,0,0
relativefx,known,fma_test_154308,True,head_center,1.6222176551818848,1.6222176551818848,,512,0,0
relativefx,known,fma_test_154309,True,head_center,0.09383058547973633,0.09383058547973633,,512,0,0
relativefx,unknown,fma_test_000705,True,head_center,0.28385376930236816,0.28385376930236816,,769,1,256
relativefx,unknown,fma_test_000706,True,head_center,0.47662413120269775,0.47662413120269775,,769,1,256
relativefx,unknown,fma_test_000707,True,head_center,1.2466726303100586,1.2466726303100586,,512,0,0
relativefx,unknown,fma_test_000708,True,head_center,0.4831664264202118,0.4831664264202118,,769,1,256
relativefx,unknown,fma_test_001069,True,head_center,0.14865149557590485,0.14865149557590485,,769,1,256
relativefx,unknown,fma_test_001249,True,head_center,0.32871192693710327,0.32871192693710327,,776,15,249
relativefx,unknown,fma_test_004108,True,head_center,1.3060929775238037,1.3060929775238037,,512,0,0
relativefx,unknown,fma_test_007378,True,head_center,1.316914439201355,1.316914439201355,,512,0,0
relativefx,unknown,fma_test_007379,True,head_center,0.9997061491012573,0.9997061491012573,,512,0,0
relativefx,unknown,fma_test_007381,True,head_center,1.7530359029769897,1.7530359029769897,,774,8,254
relativefx,unknown,fma_test_007383,True,head_center,0.1167549341917038,0.1167549341917038,,512,0,0
relativefx,unknown,fma_test_010382,True,head_center,0.29929518699645996,0.29929518699645996,,777,14,251
relativefx,unknown,fma_test_010383,True,head_center,0.4182779788970947,0.4182779788970947,,770,5,253
relativefx,unknown,fma_test_010384,True,head_center,0.26795241236686707,0.26795241236686707,,771,5,254
relativefx,unknown,fma_test_010387,True,head_center,1.020503282546997,1.020503282546997,,512,0,0
relativefx,unknown,fma_test_010388,True,head_center,1.2613580226898193,1.2613580226898193,,769,1,256
relativefx,unknown,fma_test_010438,True,head_center,0.7044123411178589,0.7044123411178589,,512,0,0
relativefx,unknown,fma_test_010440,True,head_center,1.1742935180664062,1.1742935180664062,,512,0,0
relativefx,unknown,fma_test_010441,True,head_center,1.2896897792816162,1.2896897792816162,,788,29,247
relativefx,unknown,fma_test_010443,True,head_center,1.545527696609497,1.545527696609497,,775,9,254
relativefx,unknown,fma_test_010444,True,head_center,0.5209802985191345,0.5209802985191345,,512,0,0
relativefx,unknown,fma_test_011019,True,head_center,0.7992727160453796,0.7992727160453796,,512,0,0
relativefx,unknown,fma_test_012046,True,head_center,0.11307551711797714,0.11307551711797714,,772,4,256
relativefx,unknown,fma_test_012051,True,head_center,0.45278650522232056,0.45278650522232056,,512,0,0
relativefx,unknown,fma_test_012059,True,head_center,1.0853782892227173,1.0853782892227173,,512,0,0
relativefx,unknown,fma_test_012060,True,head_center,1.0293010473251343,1.0293010473251343,,512,0,0
relativefx,unknown,fma_test_012064,True,head_center,0.4931911826133728,0.4931911826133728,,512,0,0
relativefx,unknown,fma_test_012065,True,head_center,1.3556432723999023,1.3556432723999023,,795,41,242
relativefx,unknown,fma_test_012179,True,head_center,0.8311512470245361,0.8311512470245361,,512,0,0
relativefx,unknown,fma_test_012387,True,head_center,0.7111512422561646,0.7111512422561646,,512,0,0
relativefx,unknown,fma_test_012390,True,head_center,0.6809489130973816,0.6809489130973816,,794,41,241
relativefx,unknown,fma_test_012481,True,head_center,2.073951005935669,2.073951005935669,,782,22,248
relativefx,unknown,fma_test_012482,True,head_center,1.7680915594100952,1.7680915594100952,,771,3,256
relativefx,unknown,fma_test_012489,True,head_center,0.9631571769714355,0.9631571769714355,,512,0,0
relativefx,unknown,fma_test_012518,True,head_center,1.6890802383422852,1.6890802383422852,,770,4,254
relativefx,unknown,fma_test_014653,True,head_center,0.841291606426239,0.841291606426239,,512,0,0
relativefx,unknown,fma_test_014690,True,head_center,1.4352329969406128,1.4352329969406128,,771,4,255
relativefx,unknown,fma_test_014734,True,head_center,1.513662576675415,1.513662576675415,,772,10,250
relativefx,unknown,fma_test_014736,True,head_center,0.31851816177368164,0.31851816177368164,,512,0,0
relativefx,unknown,fma_test_014738,True,head_center,1.104391098022461,1.104391098022461,,512,0,0
relativefx,unknown,fma_test_014744,True,head_center,1.0070090293884277,1.0070090293884277,,814,78,224
relativefx,unknown,fma_test_014745,True,head_center,0.8990464210510254,0.8990464210510254,,802,56,234
relativefx,unknown,fma_test_016337,True,head_center,1.404474139213562,1.404474139213562,,769,1,256
relativefx,unknown,fma_test_016340,True,head_center,1.1267814636230469,1.1267814636230469,,769,1,256
relativefx,unknown,fma_test_016995,True,head_center,1.069980502128601,1.069980502128601,,770,2,256
relativefx,unknown,fma_test_016997,True,head_center,1.137900710105896,1.137900710105896,,512,0,0
relativefx,unknown,fma_test_020296,True,head_center,0.414714515209198,0.414714515209198,,870,182,176
relativefx,unknown,fma_test_021997,True,head_center,0.12481963634490967,0.12481963634490967,,512,0,0
relativefx,unknown,fma_test_021998,True,head_center,1.123453974723816,1.123453974723816,,512,0,0
relativefx,unknown,fma_test_022000,True,head_center,1.3856209516525269,1.3856209516525269,,512,0,0
relativefx,unknown,fma_test_023041,True,head_center,1.4267947673797607,1.4267947673797607,,769,2,255
relativefx,unknown,fma_test_026859,True,head_center,0.8506190776824951,0.8506190776824951,,769,1,256
relativefx,unknown,fma_test_026902,True,head_center,1.1314094066619873,1.1314094066619873,,512,0,0
relativefx,unknown,fma_test_026904,True,head_center,1.160218596458435,1.160218596458435,,770,2,256
relativefx,unknown,fma_test_026905,True,head_center,0.24031022191047668,0.24031022191047668,,512,0,0
relativefx,unknown,fma_test_035569,True,head_center,0.4780782163143158,0.4780782163143158,,512,0,0
relativefx,unknown,fma_test_036096,True,head_center,0.552431583404541,0.552431583404541,,512,0,0
relativefx,unknown,fma_test_036099,True,head_center,0.9802951812744141,0.9802951812744141,,512,0,0
relativefx,unknown,fma_test_036799,True,head_center,1.6315782070159912,1.6315782070159912,,512,0,0
relativefx,unknown,fma_test_038775,True,head_center,1.31236732006073,1.31236732006073,,512,0,0
relativefx,unknown,fma_test_038776,True,head_center,0.08968238532543182,0.08968238532543182,,512,0,0
relativefx,unknown,fma_test_038779,True,head_center,1.036271572113037,1.036271572113037,,512,0,0
relativefx,unknown,fma_test_038782,True,head_center,0.841519832611084,0.841519832611084,,769,1,256
relativefx,unknown,fma_test_038783,True,head_center,0.23285019397735596,0.23285019397735596,,770,2,256
relativefx,unknown,fma_test_038784,True,head_center,0.4214808940887451,0.4214808940887451,,774,9,253
relativefx,unknown,fma_test_038785,True,head_center,0.4444769024848938,0.4444769024848938,,512,0,0
relativefx,unknown,fma_test_038819,True,head_center,1.3747882843017578,1.3747882843017578,,512,0,0
relativefx,unknown,fma_test_038820,True,head_center,0.28645238280296326,0.28645238280296326,,512,0,0
relativefx,unknown,fma_test_038823,True,head_center,1.835671305656433,1.835671305656433,,804,57,235
relativefx,unknown,fma_test_038826,True,head_center,0.9563371539115906,0.9563371539115906,,512,0,0
relativefx,unknown,fma_test_038827,True,head_center,1.744093656539917,1.744093656539917,,512,0,0
relativefx,unknown,fma_test_038828,True,head_center,0.5723204612731934,0.5723204612731934,,773,7,254
relativefx,unknown,fma_test_038834,True,head_center,0.9322859048843384,0.9322859048843384,,512,0,0
relativefx,unknown,fma_test_039317,True,head_center,2.5524520874023438,2.5524520874023438,,778,21,245
relativefx,unknown,fma_test_039318,True,head_center,1.7862575054168701,1.7862575054168701,,512,0,0
relativefx,unknown,fma_test_039605,True,head_center,1.1175639629364014,1.1175639629364014,,512,0,0
relativefx,unknown,fma_test_039607,True,head_center,1.1868979930877686,1.1868979930877686,,512,0,0
relativefx,unknown,fma_test_040236,True,head_center,0.3921646475791931,0.3921646475791931,,512,0,0
relativefx,unknown,fma_test_040240,True,head_center,0.7628769278526306,0.7628769278526306,,769,1,256
relativefx,unknown,fma_test_040242,True,head_center,1.2049956321716309,1.2049956321716309,,769,1,256
relativefx,unknown,fma_test_040244,True,head_center,0.9896296262741089,0.9896296262741089,,769,1,256
relativefx,unknown,fma_test_051301,True,head_center,0.8452610969543457,0.8452610969543457,,512,0,0
relativefx,unknown,fma_test_053228,True,head_center,0.42321667075157166,0.42321667075157166,,512,0,0
relativefx,unknown,fma_test_053586,True,head_center,0.1707995980978012,0.1707995980978012,,512,0,0
relativefx,unknown,fma_test_056895,True,head_center,1.114703893661499,1.114703893661499,,769,2,255
relativefx,unknown,fma_test_059581,True,head_center,0.6373330354690552,0.6373330354690552,,769,1,256
relativefx,unknown,fma_test_063064,False,head_centered,2.3662946224212646,,not separated: nonfinite or peak rejection,820,81,227
relativefx,unknown,fma_test_063149,True,head_center,1.3703017234802246,1.3703017234802246,,512,0,0
relativefx,unknown,fma_test_063161,True,head_center,1.6140210628509521,1.6140210628509521,,512,0,0
relativefx,unknown,fma_test_063250,True,head_center,1.5824360847473145,1.5824360847473145,,512,0,0
relativefx,unknown,fma_test_063257,True,head_center,0.61197829246521,0.61197829246521,,512,0,0
relativefx,unknown,fma_test_065779,True,head_center,1.4914106130599976,1.4914106130599976,,769,1,256
relativefx,unknown,fma_test_065780,True,head_center,1.1685616970062256,1.1685616970062256,,772,4,256
relativefx,unknown,fma_test_066534,True,head_center,0.29888835549354553,0.29888835549354553,,771,5,254
relativefx,unknown,fma_test_066537,True,head_center,0.3882165551185608,0.3882165551185608,,512,0,0
relativefx,unknown,fma_test_066538,True,head_center,0.5269286632537842,0.5269286632537842,,512,0,0
relativefx,unknown,fma_test_066539,True,head_center,1.6261743307113647,1.6261743307113647,,776,9,255
relativefx,unknown,fma_test_066717,True,head_center,0.3864571452140808,0.3864571452140808,,512,0,0
relativefx,unknown,fma_test_067334,True,head_center,1.4505794048309326,1.4505794048309326,,769,1,256
relativefx,unknown,fma_test_067336,True,head_center,0.7164816856384277,0.7164816856384277,,770,3,255
relativefx,unknown,fma_test_067457,True,head_center,1.1461904048919678,1.1461904048919678,,512,0,0
relativefx,unknown,fma_test_068537,True,head_center,0.6406093835830688,0.6406093835830688,,512,0,0
relativefx,unknown,fma_test_068582,True,head_center,1.342202067375183,1.342202067375183,,512,0,0
relativefx,unknown,fma_test_068895,True,head_center,0.505890429019928,0.505890429019928,,512,0,0
relativefx,unknown,fma_test_068899,True,head_center,1.2322030067443848,1.2322030067443848,,512,0,0
relativefx,unknown,fma_test_069222,True,head_center,0.790277361869812,0.790277361869812,,778,17,249
relativefx,unknown,fma_test_071371,True,head_center,0.47549712657928467,0.47549712657928467,,512,0,0
relativefx,unknown,fma_test_076363,True,head_center,2.33774995803833,2.33774995803833,,801,47,242
relativefx,unknown,fma_test_084057,True,head_center,1.3291727304458618,1.3291727304458618,,769,2,255
relativefx,unknown,fma_test_084736,True,head_center,1.5508451461791992,1.5508451461791992,,512,0,0
relativefx,unknown,fma_test_086037,True,head_center,0.256422758102417,0.256422758102417,,769,1,256
relativefx,unknown,fma_test_086038,True,head_center,0.14946846663951874,0.14946846663951874,,769,1,256
relativefx,unknown,fma_test_086039,True,head_center,1.0784735679626465,1.0784735679626465,,774,8,254
relativefx,unknown,fma_test_086040,True,head_center,0.8497697710990906,0.8497697710990906,,769,1,256
relativefx,unknown,fma_test_086256,True,head_center,0.9444388151168823,0.9444388151168823,,512,0,0
relativefx,unknown,fma_test_086634,True,head_center,1.131852626800537,1.131852626800537,,512,0,0
relativefx,unknown,fma_test_086788,True,head_center,1.3881680965423584,1.3881680965423584,,512,0,0
relativefx,unknown,fma_test_087069,True,head_center,1.792820692062378,1.792820692062378,,512,0,0
relativefx,unknown,fma_test_089445,True,head_center,0.08127330243587494,0.08127330243587494,,512,0,0
relativefx,unknown,fma_test_093521,True,head_center,1.393585205078125,1.393585205078125,,780,23,245
relativefx,unknown,fma_test_094101,True,head_center,0.9302083849906921,0.9302083849906921,,512,0,0
relativefx,unknown,fma_test_094803,True,head_center,0.2509462237358093,0.2509462237358093,,775,9,254
relativefx,unknown,fma_test_103518,True,head_center,0.4231131970882416,0.4231131970882416,,512,0,0
relativefx,unknown,fma_test_103519,True,head_center,1.3217971324920654,1.3217971324920654,,512,0,0
relativefx,unknown,fma_test_103520,True,head_center,0.35834360122680664,0.35834360122680664,,512,0,0
relativefx,unknown,fma_test_103521,True,head_center,1.4556621313095093,1.4556621313095093,,512,0,0
relativefx,unknown,fma_test_103522,True,head_center,0.4887179732322693,0.4887179732322693,,772,8,252
relativefx,unknown,fma_test_103523,True,head_center,0.3788228929042816,0.3788228929042816,,512,0,0
relativefx,unknown,fma_test_105141,True,head_center,1.0905954837799072,1.0905954837799072,,769,1,256
relativefx,unknown,fma_test_105144,True,head_center,0.41472071409225464,0.41472071409225464,,770,2,256
relativefx,unknown,fma_test_106629,True,head_center,2.3260498046875,2.3260498046875,,804,56,236
relativefx,unknown,fma_test_106877,True,head_center,0.5517781972885132,0.5517781972885132,,787,30,245
relativefx,unknown,fma_test_108456,True,head_center,0.5947818160057068,0.5947818160057068,,512,0,0
relativefx,unknown,fma_test_108459,True,head_center,1.0690677165985107,1.0690677165985107,,512,0,0
relativefx,unknown,fma_test_108460,True,head_center,1.0766072273254395,1.0766072273254395,,773,6,255
relativefx,unknown,fma_test_108524,True,head_center,1.2345199584960938,1.2345199584960938,,512,0,0
relativefx,unknown,fma_test_108525,True,head_center,1.1305620670318604,1.1305620670318604,,769,3,254
relativefx,unknown,fma_test_108532,True,head_center,0.8907374143600464,0.8907374143600464,,769,1,256
relativefx,unknown,fma_test_108533,True,head_center,0.492722749710083,0.492722749710083,,512,0,0
relativefx,unknown,fma_test_110204,True,head_center,0.695611834526062,0.695611834526062,,769,1,256
relativefx,unknown,fma_test_110209,True,head_center,1.596172571182251,1.596172571182251,,512,0,0
relativefx,unknown,fma_test_110756,True,head_center,0.1512332558631897,0.1512332558631897,,512,0,0
relativefx,unknown,fma_test_110764,True,head_center,1.2509254217147827,1.2509254217147827,,512,0,0
relativefx,unknown,fma_test_110765,True,head_center,1.779759168624878,1.779759168624878,,512,0,0
relativefx,unknown,fma_test_110771,True,head_center,1.6009325981140137,1.6009325981140137,,774,12,250
relativefx,unknown,fma_test_110774,True,head_center,1.1673120260238647,1.1673120260238647,,512,0,0
relativefx,unknown,fma_test_110775,True,head_center,1.7380635738372803,1.7380635738372803,,815,70,233
relativefx,unknown,fma_test_111216,True,head_center,1.5445935726165771,1.5445935726165771,,512,0,0
relativefx,unknown,fma_test_111994,True,head_center,1.1214978694915771,1.1214978694915771,,512,0,0
relativefx,unknown,fma_test_112000,True,head_center,0.509080171585083,0.509080171585083,,512,0,0
relativefx,unknown,fma_test_112001,True,head_center,0.6138434410095215,0.6138434410095215,,769,2,255
relativefx,unknown,fma_test_113274,True,head_center,1.1370033025741577,1.1370033025741577,,512,0,0
relativefx,unknown,fma_test_113275,True,head_center,1.5503737926483154,1.5503737926483154,,774,7,255
relativefx,unknown,fma_test_113279,True,head_center,0.37900882959365845,0.37900882959365845,,512,0,0
relativefx,unknown,fma_test_114212,True,head_center,1.1847128868103027,1.1847128868103027,,782,15,255
relativefx,unknown,fma_test_114222,True,head_center,0.431686133146286,0.431686133146286,,769,1,256
relativefx,unknown,fma_test_114223,True,head_center,0.6682106852531433,0.6682106852531433,,769,2,255
relativefx,unknown,fma_test_116388,True,head_center,1.593340277671814,1.593340277671814,,769,1,256
relativefx,unknown,fma_test_116389,True,head_center,0.7212324142456055,0.7212324142456055,,771,4,255
relativefx,unknown,fma_test_119584,True,head_center,0.25694510340690613,0.25694510340690613,,512,0,0
relativefx,unknown,fma_test_119592,True,head_center,0.416799396276474,0.416799396276474,,769,1,256
relativefx,unknown,fma_test_120206,True,head_center,0.7060484886169434,0.7060484886169434,,770,2,256
relativefx,unknown,fma_test_121998,True,head_center,0.6511924266815186,0.6511924266815186,,769,1,256
relativefx,unknown,fma_test_122106,True,head_center,0.47304749488830566,0.47304749488830566,,512,0,0
relativefx,unknown,fma_test_122155,True,head_center,0.9498583674430847,0.9498583674430847,,769,1,256
relativefx,unknown,fma_test_124185,True,head_center,0.6046205759048462,0.6046205759048462,,512,0,0
relativefx,unknown,fma_test_124186,True,head_center,0.6160313487052917,0.6160313487052917,,769,1,256
relativefx,unknown,fma_test_124394,True,head_center,1.2059240341186523,1.2059240341186523,,512,0,0
relativefx,unknown,fma_test_126507,True,head_center,0.39663469791412354,0.39663469791412354,,512,0,0
relativefx,unknown,fma_test_127180,True,head_center,0.42037472128868103,0.42037472128868103,,512,0,0
relativefx,unknown,fma_test_127183,True,head_center,1.0338796377182007,1.0338796377182007,,769,2,255
relativefx,unknown,fma_test_127185,True,head_center,1.4313571453094482,1.4313571453094482,,771,4,255
relativefx,unknown,fma_test_127186,True,head_center,1.4797523021697998,1.4797523021697998,,769,2,255
relativefx,unknown,fma_test_127189,True,head_center,2.0074918270111084,2.0074918270111084,,798,43,243
relativefx,unknown,fma_test_132117,True,head_center,1.3801593780517578,1.3801593780517578,,888,214,162
relativefx,unknown,fma_test_132171,True,head_center,0.1996910274028778,0.1996910274028778,,512,0,0
relativefx,unknown,fma_test_136054,True,head_center,1.3111534118652344,1.3111534118652344,,512,0,0
relativefx,unknown,fma_test_140609,True,head_center,0.39182591438293457,0.39182591438293457,,512,0,0
relativefx,unknown,fma_test_140620,True,head_center,0.676453709602356,0.676453709602356,,512,0,0
relativefx,unknown,fma_test_140621,True,head_center,0.250453919172287,0.250453919172287,,818,78,228
relativefx,unknown,fma_test_140626,True,head_center,1.6359281539916992,1.6359281539916992,,769,1,256
relativefx,unknown,fma_test_140922,True,head_center,0.2870205044746399,0.2870205044746399,,512,0,0
relativefx,unknown,fma_test_140924,True,head_center,0.502846360206604,0.502846360206604,,769,2,255
relativefx,unknown,fma_test_140934,True,head_center,1.0628259181976318,1.0628259181976318,,512,0,0
relativefx,unknown,fma_test_142533,True,head_center,0.4802275598049164,0.4802275598049164,,512,0,0
relativefx,unknown,fma_test_142534,True,head_center,1.1385393142700195,1.1385393142700195,,512,0,0
relativefx,unknown,fma_test_142537,True,head_center,1.1415592432022095,1.1415592432022095,,512,0,0
relativefx,unknown,fma_test_142539,True,head_center,1.152757167816162,1.152757167816162,,512,0,0
relativefx,unknown,fma_test_144212,True,head_center,0.8019464015960693,0.8019464015960693,,512,0,0
relativefx,unknown,fma_test_144213,True,head_center,0.2238745093345642,0.2238745093345642,,769,2,255
relativefx,unknown,fma_test_144214,True,head_center,1.178734540939331,1.178734540939331,,770,3,255
relativefx,unknown,fma_test_145747,True,head_center,0.7351047396659851,0.7351047396659851,,771,5,254
relativefx,unknown,fma_test_145750,True,head_center,0.750900149345398,0.750900149345398,,512,0,0
relativefx,unknown,fma_test_148028,True,head_center,1.0002846717834473,1.0002846717834473,,512,0,0
relativefx,unknown,fma_test_148032,True,head_center,1.275719404220581,1.275719404220581,,512,0,0
relativefx,unknown,fma_test_150288,True,head_center,0.16834333539009094,0.16834333539009094,,512,0,0
relativefx,unknown,fma_test_154306,True,head_center,1.491952657699585,1.491952657699585,,512,0,0
relativefx,unknown,fma_test_154307,True,head_center,2.0508008003234863,2.0508008003234863,,770,4,254
relativefx,unknown,fma_test_154308,True,head_center,1.552852988243103,1.552852988243103,,772,9,251
relativefx,unknown,fma_test_154309,True,head_center,0.17351917922496796,0.17351917922496796,,773,10,251
fxencoderpp,known,fma_test_000705,True,head_center,0.5418957471847534,0.5418957471847534,,512,0,0
fxencoderpp,known,fma_test_000706,True,head_center,0.3702872693538666,0.3702872693538666,,512,0,0
fxencoderpp,known,fma_test_000707,True,head_center,1.2103712558746338,1.2103712558746338,,512,0,0
fxencoderpp,known,fma_test_000708,True,head_center,0.27021437883377075,0.27021437883377075,,512,0,0
fxencoderpp,known,fma_test_001069,True,head_center,0.5640494227409363,0.5640494227409363,,512,0,0
fxencoderpp,known,fma_test_001249,True,head_center,0.9157480001449585,0.9157480001449585,,774,9,253
fxencoderpp,known,fma_test_004108,True,head_center,1.0703840255737305,1.0703840255737305,,512,0,0
fxencoderpp,known,fma_test_007378,True,head_center,1.3395030498504639,1.3395030498504639,,512,0,0
fxencoderpp,known,fma_test_007379,True,head_center,1.182625412940979,1.182625412940979,,512,0,0
fxencoderpp,known,fma_test_007381,True,head_center,1.4647372961044312,1.4647372961044312,,512,0,0
fxencoderpp,known,fma_test_007383,True,head_center,0.27378493547439575,0.27378493547439575,,512,0,0
fxencoderpp,known,fma_test_010382,True,head_center,0.3448103368282318,0.3448103368282318,,512,0,0
fxencoderpp,known,fma_test_010383,True,head_center,0.5997375249862671,0.5997375249862671,,773,7,254
fxencoderpp,known,fma_test_010384,True,head_center,0.5158385038375854,0.5158385038375854,,512,0,0
fxencoderpp,known,fma_test_010387,True,head_center,1.0765573978424072,1.0765573978424072,,512,0,0
fxencoderpp,known,fma_test_010388,True,head_center,1.462268352508545,1.462268352508545,,512,0,0
fxencoderpp,known,fma_test_010438,True,head_center,0.8228192329406738,0.8228192329406738,,512,0,0
fxencoderpp,known,fma_test_010440,True,head_center,1.1251804828643799,1.1251804828643799,,512,0,0
fxencoderpp,known,fma_test_010441,True,head_center,1.2323029041290283,1.2323029041290283,,808,75,221
fxencoderpp,known,fma_test_010443,True,head_center,1.7223026752471924,1.7223026752471924,,771,3,256
fxencoderpp,known,fma_test_010444,True,head_center,0.4686480462551117,0.4686480462551117,,512,0,0
fxencoderpp,known,fma_test_011019,True,head_center,0.8792728781700134,0.8792728781700134,,512,0,0
fxencoderpp,known,fma_test_012046,True,head_center,0.24655155837535858,0.24655155837535858,,512,0,0
fxencoderpp,known,fma_test_012051,True,head_center,0.8205363750457764,0.8205363750457764,,512,0,0
fxencoderpp,known,fma_test_012059,True,head_center,0.4008975625038147,0.4008975625038147,,770,4,254
fxencoderpp,known,fma_test_012060,True,head_center,1.0025620460510254,1.0025620460510254,,512,0,0
fxencoderpp,known,fma_test_012064,True,head_center,1.1962816715240479,1.1962816715240479,,512,0,0
fxencoderpp,known,fma_test_012065,False,head_centered,0.9609861373901367,,not separated: nonfinite or peak rejection,1795,1244,39
fxencoderpp,known,fma_test_012179,True,head_center,0.8873793482780457,0.8873793482780457,,512,0,0
fxencoderpp,known,fma_test_012387,True,head_center,1.0226539373397827,1.0226539373397827,,770,3,255
fxencoderpp,known,fma_test_012390,True,head_center,1.6312079429626465,1.6312079429626465,,850,123,215
fxencoderpp,known,fma_test_012481,True,head_center,2.4122467041015625,2.4122467041015625,,512,0,0
fxencoderpp,known,fma_test_012482,True,head_center,1.412035346031189,1.412035346031189,,512,0,0
fxencoderpp,known,fma_test_012489,True,head_center,0.9909808039665222,0.9909808039665222,,512,0,0
fxencoderpp,known,fma_test_012518,True,head_center,1.1348485946655273,1.1348485946655273,,512,0,0
fxencoderpp,known,fma_test_014653,True,head_center,1.3385827541351318,1.3385827541351318,,512,0,0
fxencoderpp,known,fma_test_014690,True,head_center,1.363595962524414,1.363595962524414,,512,0,0
fxencoderpp,known,fma_test_014734,True,head_center,1.399863600730896,1.399863600730896,,773,6,255
fxencoderpp,known,fma_test_014736,True,head_center,1.1578482389450073,1.1578482389450073,,769,2,255
fxencoderpp,known,fma_test_014738,True,head_center,0.2592778205871582,0.2592778205871582,,769,1,256
fxencoderpp,known,fma_test_014744,True,head_center,0.8314257860183716,0.8314257860183716,,772,6,254
fxencoderpp,known,fma_test_014745,True,head_center,0.5026850700378418,0.5026850700378418,,773,5,256
fxencoderpp,known,fma_test_016337,True,head_center,1.4142650365829468,1.4142650365829468,,769,2,255
fxencoderpp,known,fma_test_016340,True,head_center,0.8846738338470459,0.8846738338470459,,512,0,0
fxencoderpp,known,fma_test_016995,True,head_center,0.5465013980865479,0.5465013980865479,,512,0,0
fxencoderpp,known,fma_test_016997,True,head_center,1.2843971252441406,1.2843971252441406,,512,0,0
fxencoderpp,known,fma_test_020296,True,head_center,0.47499793767929077,0.47499793767929077,,835,127,196
fxencoderpp,known,fma_test_021997,True,head_center,0.31009599566459656,0.31009599566459656,,512,0,0
fxencoderpp,known,fma_test_021998,True,head_center,1.2844417095184326,1.2844417095184326,,512,0,0
fxencoderpp,known,fma_test_022000,True,head_center,1.4982446432113647,1.4982446432113647,,512,0,0
fxencoderpp,known,fma_test_023041,True,head_center,1.8440717458724976,1.8440717458724976,,512,0,0
fxencoderpp,known,fma_test_026859,True,head_center,1.5348033905029297,1.5348033905029297,,770,6,252
fxencoderpp,known,fma_test_026902,True,head_center,1.986981749534607,1.986981749534607,,877,186,179
fxencoderpp,known,fma_test_026904,True,head_center,1.6377522945404053,1.6377522945404053,,512,0,0
fxencoderpp,known,fma_test_026905,True,head_center,0.9282597303390503,0.9282597303390503,,512,0,0
fxencoderpp,known,fma_test_035569,True,head_center,0.8313075304031372,0.8313075304031372,,512,0,0
fxencoderpp,known,fma_test_036096,True,head_center,0.7060068845748901,0.7060068845748901,,512,0,0
fxencoderpp,known,fma_test_036099,True,head_center,1.8633207082748413,1.8633207082748413,,512,0,0
fxencoderpp,known,fma_test_036799,True,head_center,1.5601482391357422,1.5601482391357422,,512,0,0
fxencoderpp,known,fma_test_038775,True,head_center,1.296046495437622,1.296046495437622,,512,0,0
fxencoderpp,known,fma_test_038776,True,head_center,0.4047819972038269,0.4047819972038269,,512,0,0
fxencoderpp,known,fma_test_038779,True,head_center,1.044997215270996,1.044997215270996,,770,2,256
fxencoderpp,known,fma_test_038782,True,head_center,1.0546202659606934,1.0546202659606934,,512,0,0
fxencoderpp,known,fma_test_038783,True,head_center,0.6231932640075684,0.6231932640075684,,512,0,0
fxencoderpp,known,fma_test_038784,True,head_center,0.5429033041000366,0.5429033041000366,,512,0,0
fxencoderpp,known,fma_test_038785,True,head_center,0.5014199614524841,0.5014199614524841,,512,0,0
fxencoderpp,known,fma_test_038819,True,head_center,1.2896791696548462,1.2896791696548462,,512,0,0
fxencoderpp,known,fma_test_038820,True,head_center,1.137664794921875,1.137664794921875,,769,3,254
fxencoderpp,known,fma_test_038823,True,head_center,1.5311024188995361,1.5311024188995361,,769,2,255
fxencoderpp,known,fma_test_038826,True,head_center,0.6235737800598145,0.6235737800598145,,512,0,0
fxencoderpp,known,fma_test_038827,True,head_center,1.5156803131103516,1.5156803131103516,,512,0,0
fxencoderpp,known,fma_test_038828,True,head_center,0.48812925815582275,0.48812925815582275,,512,0,0
fxencoderpp,known,fma_test_038834,True,head_center,0.8144088983535767,0.8144088983535767,,512,0,0
fxencoderpp,known,fma_test_039317,True,head_center,1.5018870830535889,1.5018870830535889,,883,200,171
fxencoderpp,known,fma_test_039318,True,head_center,1.4861171245574951,1.4861171245574951,,512,0,0
fxencoderpp,known,fma_test_039605,True,head_center,1.127174973487854,1.127174973487854,,772,4,256
fxencoderpp,known,fma_test_039607,True,head_center,1.4582351446151733,1.4582351446151733,,512,0,0
fxencoderpp,known,fma_test_040236,True,head_center,0.8546186685562134,0.8546186685562134,,512,0,0
fxencoderpp,known,fma_test_040240,True,head_center,0.9337579607963562,0.9337579607963562,,770,5,253
fxencoderpp,known,fma_test_040242,True,head_center,1.2229307889938354,1.2229307889938354,,512,0,0
fxencoderpp,known,fma_test_040244,True,head_center,0.41721758246421814,0.41721758246421814,,512,0,0
fxencoderpp,known,fma_test_051301,True,head_center,0.9273583292961121,0.9273583292961121,,512,0,0
fxencoderpp,known,fma_test_053228,True,head_center,0.2754634916782379,0.2754634916782379,,512,0,0
fxencoderpp,known,fma_test_053586,True,head_center,0.3932686448097229,0.3932686448097229,,512,0,0
fxencoderpp,known,fma_test_056895,True,head_center,0.3118264675140381,0.3118264675140381,,512,0,0
fxencoderpp,known,fma_test_059581,True,head_center,0.9995521903038025,0.9995521903038025,,512,0,0
fxencoderpp,known,fma_test_063064,True,head_center,1.4097926616668701,1.4097926616668701,,848,136,200
fxencoderpp,known,fma_test_063149,True,head_center,1.3264042139053345,1.3264042139053345,,512,0,0
fxencoderpp,known,fma_test_063161,True,head_center,1.271638035774231,1.271638035774231,,512,0,0
fxencoderpp,known,fma_test_063250,True,head_center,1.4410908222198486,1.4410908222198486,,512,0,0
fxencoderpp,known,fma_test_063257,True,head_center,0.5734872221946716,0.5734872221946716,,512,0,0
fxencoderpp,known,fma_test_065779,True,head_center,0.6945832967758179,0.6945832967758179,,512,0,0
fxencoderpp,known,fma_test_065780,True,head_center,0.7053487300872803,0.7053487300872803,,512,0,0
fxencoderpp,known,fma_test_066534,True,head_center,0.5581960082054138,0.5581960082054138,,512,0,0
fxencoderpp,known,fma_test_066537,True,head_center,0.7089600563049316,0.7089600563049316,,512,0,0
fxencoderpp,known,fma_test_066538,True,head_center,0.5222364664077759,0.5222364664077759,,512,0,0
fxencoderpp,known,fma_test_066539,True,head_center,1.4469046592712402,1.4469046592712402,,770,3,255
fxencoderpp,known,fma_test_066717,True,head_center,0.683506190776825,0.683506190776825,,512,0,0
fxencoderpp,known,fma_test_067334,True,head_center,1.3397926092147827,1.3397926092147827,,512,0,0
fxencoderpp,known,fma_test_067336,True,head_center,0.5145424008369446,0.5145424008369446,,512,0,0
fxencoderpp,known,fma_test_067457,True,head_center,1.21901273727417,1.21901273727417,,512,0,0
fxencoderpp,known,fma_test_068537,True,head_center,1.1413049697875977,1.1413049697875977,,512,0,0
fxencoderpp,known,fma_test_068582,True,head_center,0.8588353991508484,0.8588353991508484,,512,0,0
fxencoderpp,known,fma_test_068895,True,head_center,1.7747563123703003,1.7747563123703003,,512,0,0
fxencoderpp,known,fma_test_068899,True,head_center,1.3256447315216064,1.3256447315216064,,512,0,0
fxencoderpp,known,fma_test_069222,True,head_center,1.2346922159194946,1.2346922159194946,,904,260,132
fxencoderpp,known,fma_test_071371,True,head_center,0.8061774969100952,0.8061774969100952,,512,0,0
fxencoderpp,known,fma_test_076363,False,head_centered,2.159125804901123,,not separated: nonfinite or peak rejection,3424,2875,37
fxencoderpp,known,fma_test_084057,True,head_center,0.5691943168640137,0.5691943168640137,,512,0,0
fxencoderpp,known,fma_test_084736,True,head_center,1.4600414037704468,1.4600414037704468,,512,0,0
fxencoderpp,known,fma_test_086037,True,head_center,0.25162452459335327,0.25162452459335327,,512,0,0
fxencoderpp,known,fma_test_086038,True,head_center,0.3270108103752136,0.3270108103752136,,512,0,0
fxencoderpp,known,fma_test_086039,True,head_center,0.39673012495040894,0.39673012495040894,,774,12,250
fxencoderpp,known,fma_test_086040,True,head_center,0.9216890335083008,0.9216890335083008,,512,0,0
fxencoderpp,known,fma_test_086256,True,head_center,0.8813125491142273,0.8813125491142273,,512,0,0
fxencoderpp,known,fma_test_086634,True,head_center,4.784694194793701,4.784694194793701,,802,54,236
fxencoderpp,known,fma_test_086788,True,head_center,0.6592740416526794,0.6592740416526794,,512,0,0
fxencoderpp,known,fma_test_087069,True,head_center,1.709808588027954,1.709808588027954,,512,0,0
fxencoderpp,known,fma_test_089445,True,head_center,0.12718379497528076,0.12718379497528076,,512,0,0
fxencoderpp,known,fma_test_093521,True,head_center,1.0446746349334717,1.0446746349334717,,769,1,256
fxencoderpp,known,fma_test_094101,True,head_center,1.1399980783462524,1.1399980783462524,,512,0,0
fxencoderpp,known,fma_test_094803,True,head_center,0.23332902789115906,0.23332902789115906,,775,9,254
fxencoderpp,known,fma_test_103518,True,head_center,0.5394576191902161,0.5394576191902161,,512,0,0
fxencoderpp,known,fma_test_103519,True,head_center,0.5570032000541687,0.5570032000541687,,512,0,0
fxencoderpp,known,fma_test_103520,True,head_center,0.4516984820365906,0.4516984820365906,,769,2,255
fxencoderpp,known,fma_test_103521,True,head_center,1.2752349376678467,1.2752349376678467,,512,0,0
fxencoderpp,known,fma_test_103522,True,head_center,0.6677700877189636,0.6677700877189636,,769,2,255
fxencoderpp,known,fma_test_103523,True,head_center,0.42772024869918823,0.42772024869918823,,512,0,0
fxencoderpp,known,fma_test_105141,True,head_center,1.308307409286499,1.308307409286499,,512,0,0
fxencoderpp,known,fma_test_105144,True,head_center,0.5337545871734619,0.5337545871734619,,769,2,255
fxencoderpp,known,fma_test_106629,True,head_center,1.520578145980835,1.520578145980835,,769,1,256
fxencoderpp,known,fma_test_106877,True,head_center,0.6370272636413574,0.6370272636413574,,772,6,254
fxencoderpp,known,fma_test_108456,True,head_center,1.301474928855896,1.301474928855896,,512,0,0
fxencoderpp,known,fma_test_108459,True,head_center,0.2773730754852295,0.2773730754852295,,512,0,0
fxencoderpp,known,fma_test_108460,True,head_center,0.6369766592979431,0.6369766592979431,,770,2,256
fxencoderpp,known,fma_test_108524,True,head_center,0.753567099571228,0.753567099571228,,512,0,0
fxencoderpp,known,fma_test_108525,True,head_center,0.7630809545516968,0.7630809545516968,,512,0,0
fxencoderpp,known,fma_test_108532,True,head_center,1.065161943435669,1.065161943435669,,512,0,0
fxencoderpp,known,fma_test_108533,True,head_center,0.5350589752197266,0.5350589752197266,,512,0,0
fxencoderpp,known,fma_test_110204,True,head_center,0.9708694219589233,0.9708694219589233,,512,0,0
fxencoderpp,known,fma_test_110209,True,head_center,1.2965620756149292,1.2965620756149292,,512,0,0
fxencoderpp,known,fma_test_110756,True,head_center,0.6102345585823059,0.6102345585823059,,512,0,0
fxencoderpp,known,fma_test_110764,True,head_center,1.4260940551757812,1.4260940551757812,,512,0,0
fxencoderpp,known,fma_test_110765,True,head_center,1.1718242168426514,1.1718242168426514,,512,0,0
fxencoderpp,known,fma_test_110771,True,head_center,0.894965648651123,0.894965648651123,,770,5,253
fxencoderpp,known,fma_test_110774,True,head_center,1.3200922012329102,1.3200922012329102,,512,0,0
fxencoderpp,known,fma_test_110775,True,head_center,1.7202188968658447,1.7202188968658447,,799,54,233
fxencoderpp,known,fma_test_111216,True,head_center,1.1547894477844238,1.1547894477844238,,512,0,0
fxencoderpp,known,fma_test_111994,True,head_center,1.151511549949646,1.151511549949646,,512,0,0
fxencoderpp,known,fma_test_112000,True,head_center,0.8592813014984131,0.8592813014984131,,512,0,0
fxencoderpp,known,fma_test_112001,True,head_center,0.3657033145427704,0.3657033145427704,,512,0,0
fxencoderpp,known,fma_test_113274,True,head_center,1.3123527765274048,1.3123527765274048,,512,0,0
fxencoderpp,known,fma_test_113275,True,head_center,1.4844846725463867,1.4844846725463867,,769,2,255
fxencoderpp,known,fma_test_113279,True,head_center,0.9525161981582642,0.9525161981582642,,512,0,0
fxencoderpp,known,fma_test_114212,True,head_center,0.7066728472709656,0.7066728472709656,,784,23,249
fxencoderpp,known,fma_test_114222,True,head_center,0.6785866618156433,0.6785866618156433,,512,0,0
fxencoderpp,known,fma_test_114223,True,head_center,0.6054918766021729,0.6054918766021729,,512,0,0
fxencoderpp,known,fma_test_116388,True,head_center,1.4176791906356812,1.4176791906356812,,512,0,0
fxencoderpp,known,fma_test_116389,True,head_center,0.6981242895126343,0.6981242895126343,,512,0,0
fxencoderpp,known,fma_test_119584,True,head_center,0.4428029954433441,0.4428029954433441,,770,4,254
fxencoderpp,known,fma_test_119592,True,head_center,1.6520681381225586,1.6520681381225586,,779,12,255
fxencoderpp,known,fma_test_120206,True,head_center,0.4873664379119873,0.4873664379119873,,512,0,0
fxencoderpp,known,fma_test_121998,True,head_center,0.8777793645858765,0.8777793645858765,,512,0,0
fxencoderpp,known,fma_test_122106,True,head_center,0.5884573459625244,0.5884573459625244,,512,0,0
fxencoderpp,known,fma_test_122155,True,head_center,0.8119871020317078,0.8119871020317078,,512,0,0
fxencoderpp,known,fma_test_124185,True,head_center,0.953383207321167,0.953383207321167,,512,0,0
fxencoderpp,known,fma_test_124186,True,head_center,1.2567033767700195,1.2567033767700195,,512,0,0
fxencoderpp,known,fma_test_124394,True,head_center,1.2315268516540527,1.2315268516540527,,512,0,0
fxencoderpp,known,fma_test_126507,True,head_center,0.8569692373275757,0.8569692373275757,,769,3,254
fxencoderpp,known,fma_test_127180,True,head_center,0.5892772078514099,0.5892772078514099,,512,0,0
fxencoderpp,known,fma_test_127183,True,head_center,1.0912175178527832,1.0912175178527832,,512,0,0
fxencoderpp,known,fma_test_127185,True,head_center,1.6282728910446167,1.6282728910446167,,854,152,190
fxencoderpp,known,fma_test_127186,True,head_center,1.2878940105438232,1.2878940105438232,,512,0,0
fxencoderpp,known,fma_test_127189,True,head_center,1.897079348564148,1.897079348564148,,512,0,0
fxencoderpp,known,fma_test_132117,True,head_center,0.6713544130325317,0.6713544130325317,,780,24,244
fxencoderpp,known,fma_test_132171,True,head_center,0.20294444262981415,0.20294444262981415,,512,0,0
fxencoderpp,known,fma_test_136054,True,head_center,1.6371307373046875,1.6371307373046875,,512,0,0
fxencoderpp,known,fma_test_140609,True,head_center,0.4462065100669861,0.4462065100669861,,512,0,0
fxencoderpp,known,fma_test_140620,True,head_center,1.5042699575424194,1.5042699575424194,,512,0,0
fxencoderpp,known,fma_test_140621,False,head_centered,2.184784412384033,,not separated: nonfinite or peak rejection,1422,907,3
fxencoderpp,known,fma_test_140626,True,head_center,1.518538475036621,1.518538475036621,,512,0,0
fxencoderpp,known,fma_test_140922,True,head_center,0.7243136167526245,0.7243136167526245,,512,0,0
fxencoderpp,known,fma_test_140924,True,head_center,0.27110058069229126,0.27110058069229126,,512,0,0
fxencoderpp,known,fma_test_140934,True,head_center,0.7425999641418457,0.7425999641418457,,512,0,0
fxencoderpp,known,fma_test_142533,True,head_center,0.4057442545890808,0.4057442545890808,,512,0,0
fxencoderpp,known,fma_test_142534,True,head_center,0.38510799407958984,0.38510799407958984,,512,0,0
fxencoderpp,known,fma_test_142537,True,head_center,0.7071215510368347,0.7071215510368347,,512,0,0
fxencoderpp,known,fma_test_142539,True,head_center,0.2525883615016937,0.2525883615016937,,512,0,0
fxencoderpp,known,fma_test_144212,True,head_center,1.2710137367248535,1.2710137367248535,,512,0,0
fxencoderpp,known,fma_test_144213,True,head_center,0.4677705764770508,0.4677705764770508,,512,0,0
fxencoderpp,known,fma_test_144214,True,head_center,0.8584142923355103,0.8584142923355103,,512,0,0
fxencoderpp,known,fma_test_145747,True,head_center,0.8943444490432739,0.8943444490432739,,771,3,256
fxencoderpp,known,fma_test_145750,True,head_center,0.7444599866867065,0.7444599866867065,,512,0,0
fxencoderpp,known,fma_test_148028,True,head_center,1.2530817985534668,1.2530817985534668,,512,0,0
fxencoderpp,known,fma_test_148032,True,head_center,0.7325648069381714,0.7325648069381714,,512,0,0
fxencoderpp,known,fma_test_150288,True,head_center,0.47176772356033325,0.47176772356033325,,512,0,0
fxencoderpp,known,fma_test_154306,True,head_center,1.5711314678192139,1.5711314678192139,,512,0,0
fxencoderpp,known,fma_test_154307,True,head_center,1.9869346618652344,1.9869346618652344,,512,0,0
fxencoderpp,known,fma_test_154308,True,head_center,1.2797547578811646,1.2797547578811646,,512,0,0
fxencoderpp,known,fma_test_154309,True,head_center,0.5730025172233582,0.5730025172233582,,512,0,0
fxencoderpp,unknown,fma_test_000705,True,head_center,0.5865399837493896,0.5865399837493896,,769,2,255
fxencoderpp,unknown,fma_test_000706,True,head_center,1.2922438383102417,1.2922438383102417,,769,1,256
fxencoderpp,unknown,fma_test_000707,True,head_center,1.1309126615524292,1.1309126615524292,,512,0,0
fxencoderpp,unknown,fma_test_000708,True,head_center,0.2900933623313904,0.2900933623313904,,512,0,0
fxencoderpp,unknown,fma_test_001069,True,head_center,0.9602149724960327,0.9602149724960327,,512,0,0
fxencoderpp,unknown,fma_test_001249,True,head_center,0.9157480001449585,0.9157480001449585,,777,11,254
fxencoderpp,unknown,fma_test_004108,True,head_center,1.525800108909607,1.525800108909607,,769,1,256
fxencoderpp,unknown,fma_test_007378,True,head_center,1.9810960292816162,1.9810960292816162,,512,0,0
fxencoderpp,unknown,fma_test_007379,True,head_center,1.4826178550720215,1.4826178550720215,,770,2,256
fxencoderpp,unknown,fma_test_007381,True,head_center,1.3550395965576172,1.3550395965576172,,769,1,256
fxencoderpp,unknown,fma_test_007383,True,head_center,0.21926777064800262,0.21926777064800262,,770,2,256
fxencoderpp,unknown,fma_test_010382,True,head_center,1.3419450521469116,1.3419450521469116,,512,0,0
fxencoderpp,unknown,fma_test_010383,True,head_center,0.5997375249862671,0.5997375249862671,,512,0,0
fxencoderpp,unknown,fma_test_010384,True,head_center,1.054166316986084,1.054166316986084,,512,0,0
fxencoderpp,unknown,fma_test_010387,True,head_center,1.1289291381835938,1.1289291381835938,,512,0,0
fxencoderpp,unknown,fma_test_010388,True,head_center,1.1391557455062866,1.1391557455062866,,512,0,0
fxencoderpp,unknown,fma_test_010438,True,head_center,1.5030181407928467,1.5030181407928467,,512,0,0
fxencoderpp,unknown,fma_test_010440,True,head_center,1.3596251010894775,1.3596251010894775,,512,0,0
fxencoderpp,unknown,fma_test_010441,True,head_center,2.112591505050659,2.112591505050659,,512,0,0
fxencoderpp,unknown,fma_test_010443,True,head_center,1.8337576389312744,1.8337576389312744,,769,1,256
fxencoderpp,unknown,fma_test_010444,True,head_center,1.4156087636947632,1.4156087636947632,,512,0,0
fxencoderpp,unknown,fma_test_011019,True,head_center,1.42572021484375,1.42572021484375,,769,1,256
fxencoderpp,unknown,fma_test_012046,True,head_center,1.256951093673706,1.256951093673706,,774,8,254
fxencoderpp,unknown,fma_test_012051,True,head_center,1.5707019567489624,1.5707019567489624,,512,0,0
fxencoderpp,unknown,fma_test_012059,True,head_center,1.115943193435669,1.115943193435669,,512,0,0
fxencoderpp,unknown,fma_test_012060,True,head_center,0.6055986881256104,0.6055986881256104,,769,2,255
fxencoderpp,unknown,fma_test_012064,True,head_center,1.4439115524291992,1.4439115524291992,,769,2,255
fxencoderpp,unknown,fma_test_012065,True,head_center,2.018531560897827,2.018531560897827,,772,8,252
fxencoderpp,unknown,fma_test_012179,True,head_center,0.8822986483573914,0.8822986483573914,,512,0,0
fxencoderpp,unknown,fma_test_012387,True,head_center,1.4119973182678223,1.4119973182678223,,512,0,0
fxencoderpp,unknown,fma_test_012390,True,head_center,1.3863158226013184,1.3863158226013184,,512,0,0
fxencoderpp,unknown,fma_test_012481,True,head_center,2.8988280296325684,2.8988280296325684,,769,1,256
fxencoderpp,unknown,fma_test_012482,True,head_center,1.4394397735595703,1.4394397735595703,,512,0,0
fxencoderpp,unknown,fma_test_012489,True,head_center,1.220249891281128,1.220249891281128,,512,0,0
fxencoderpp,unknown,fma_test_012518,True,head_center,0.7061273455619812,0.7061273455619812,,770,3,255
fxencoderpp,unknown,fma_test_014653,True,head_center,1.3385827541351318,1.3385827541351318,,512,0,0
fxencoderpp,unknown,fma_test_014690,True,head_center,1.4465644359588623,1.4465644359588623,,512,0,0
fxencoderpp,unknown,fma_test_014734,True,head_center,1.351043701171875,1.351043701171875,,512,0,0
fxencoderpp,unknown,fma_test_014736,True,head_center,1.5052387714385986,1.5052387714385986,,771,4,255
fxencoderpp,unknown,fma_test_014738,True,head_center,0.7295947074890137,0.7295947074890137,,769,1,256
fxencoderpp,unknown,fma_test_014744,True,head_center,2.119396686553955,2.119396686553955,,772,5,255
fxencoderpp,unknown,fma_test_014745,True,head_center,1.368013858795166,1.368013858795166,,772,4,256
fxencoderpp,unknown,fma_test_016337,True,head_center,1.4098185300827026,1.4098185300827026,,512,0,0
fxencoderpp,unknown,fma_test_016340,True,head_center,0.981705367565155,0.981705367565155,,512,0,0
fxencoderpp,unknown,fma_test_016995,True,head_center,1.2519164085388184,1.2519164085388184,,769,1,256
fxencoderpp,unknown,fma_test_016997,True,head_center,1.2972068786621094,1.2972068786621094,,769,1,256
fxencoderpp,unknown,fma_test_020296,True,head_center,1.2236216068267822,1.2236216068267822,,792,39,241
fxencoderpp,unknown,fma_test_021997,True,head_center,0.31009599566459656,0.31009599566459656,,512,0,0
fxencoderpp,unknown,fma_test_021998,True,head_center,1.378415822982788,1.378415822982788,,769,1,256
fxencoderpp,unknown,fma_test_022000,True,head_center,1.5543550252914429,1.5543550252914429,,512,0,0
fxencoderpp,unknown,fma_test_023041,True,head_center,2.067173957824707,2.067173957824707,,776,12,252
fxencoderpp,unknown,fma_test_026859,True,head_center,0.7989112138748169,0.7989112138748169,,512,0,0
fxencoderpp,unknown,fma_test_026902,True,head_center,1.1889652013778687,1.1889652013778687,,772,7,253
fxencoderpp,unknown,fma_test_026904,True,head_center,3.2448668479919434,3.2448668479919434,,512,0,0
fxencoderpp,unknown,fma_test_026905,True,head_center,1.201441764831543,1.201441764831543,,512,0,0
fxencoderpp,unknown,fma_test_035569,True,head_center,0.8611328601837158,0.8611328601837158,,512,0,0
fxencoderpp,unknown,fma_test_036096,True,head_center,1.0670392513275146,1.0670392513275146,,512,0,0
fxencoderpp,unknown,fma_test_036099,True,head_center,2.13401198387146,2.13401198387146,,512,0,0
fxencoderpp,unknown,fma_test_036799,True,head_center,1.7816572189331055,1.7816572189331055,,512,0,0
fxencoderpp,unknown,fma_test_038775,True,head_center,1.0735218524932861,1.0735218524932861,,512,0,0
fxencoderpp,unknown,fma_test_038776,True,head_center,0.6868029832839966,0.6868029832839966,,512,0,0
fxencoderpp,unknown,fma_test_038779,True,head_center,0.9223917722702026,0.9223917722702026,,770,2,256
fxencoderpp,unknown,fma_test_038782,True,head_center,0.9737450480461121,0.9737450480461121,,512,0,0
fxencoderpp,unknown,fma_test_038783,True,head_center,0.6147536039352417,0.6147536039352417,,769,1,256
fxencoderpp,unknown,fma_test_038784,True,head_center,0.9202627539634705,0.9202627539634705,,770,4,254
fxencoderpp,unknown,fma_test_038785,True,head_center,1.2995671033859253,1.2995671033859253,,512,0,0
fxencoderpp,unknown,fma_test_038819,True,head_center,1.2512426376342773,1.2512426376342773,,512,0,0
fxencoderpp,unknown,fma_test_038820,True,head_center,0.6583386659622192,0.6583386659622192,,512,0,0
fxencoderpp,unknown,fma_test_038823,True,head_center,1.8101251125335693,1.8101251125335693,,806,58,236
fxencoderpp,unknown,fma_test_038826,True,head_center,1.1626358032226562,1.1626358032226562,,512,0,0
fxencoderpp,unknown,fma_test_038827,True,head_center,1.7675466537475586,1.7675466537475586,,769,2,255
fxencoderpp,unknown,fma_test_038828,True,head_center,1.0556076765060425,1.0556076765060425,,770,3,255
fxencoderpp,unknown,fma_test_038834,True,head_center,1.0349674224853516,1.0349674224853516,,512,0,0
fxencoderpp,unknown,fma_test_039317,True,head_center,2.3151721954345703,2.3151721954345703,,771,4,255
fxencoderpp,unknown,fma_test_039318,True,head_center,1.4649146795272827,1.4649146795272827,,512,0,0
fxencoderpp,unknown,fma_test_039605,True,head_center,1.25608229637146,1.25608229637146,,512,0,0
fxencoderpp,unknown,fma_test_039607,True,head_center,1.7777783870697021,1.7777783870697021,,769,1,256
fxencoderpp,unknown,fma_test_040236,True,head_center,1.3161472082138062,1.3161472082138062,,512,0,0
fxencoderpp,unknown,fma_test_040240,True,head_center,1.488038420677185,1.488038420677185,,771,5,254
fxencoderpp,unknown,fma_test_040242,True,head_center,1.3275227546691895,1.3275227546691895,,769,1,256
fxencoderpp,unknown,fma_test_040244,True,head_center,0.8433316946029663,0.8433316946029663,,769,1,256
fxencoderpp,unknown,fma_test_051301,True,head_center,0.8729147911071777,0.8729147911071777,,512,0,0
fxencoderpp,unknown,fma_test_053228,True,head_center,0.7739415168762207,0.7739415168762207,,512,0,0
fxencoderpp,unknown,fma_test_053586,True,head_center,1.0860416889190674,1.0860416889190674,,512,0,0
fxencoderpp,unknown,fma_test_056895,True,head_center,1.050437569618225,1.050437569618225,,769,1,256
fxencoderpp,unknown,fma_test_059581,True,head_center,1.6902198791503906,1.6902198791503906,,512,0,0
fxencoderpp,unknown,fma_test_063064,True,head_center,2.4095678329467773,2.4095678329467773,,780,20,248
fxencoderpp,unknown,fma_test_063149,True,head_center,1.4756309986114502,1.4756309986114502,,512,0,0
fxencoderpp,unknown,fma_test_063161,True,head_center,1.3676939010620117,1.3676939010620117,,772,5,255
fxencoderpp,unknown,fma_test_063250,True,head_center,1.6678837537765503,1.6678837537765503,,769,1,256
fxencoderpp,unknown,fma_test_063257,True,head_center,0.5753037929534912,0.5753037929534912,,769,1,256
fxencoderpp,unknown,fma_test_065779,True,head_center,0.934190034866333,0.934190034866333,,770,3,255
fxencoderpp,unknown,fma_test_065780,True,head_center,1.1021240949630737,1.1021240949630737,,512,0,0
fxencoderpp,unknown,fma_test_066534,True,head_center,0.8892857432365417,0.8892857432365417,,512,0,0
fxencoderpp,unknown,fma_test_066537,True,head_center,0.7089600563049316,0.7089600563049316,,769,1,256
fxencoderpp,unknown,fma_test_066538,True,head_center,0.5423445105552673,0.5423445105552673,,769,1,256
fxencoderpp,unknown,fma_test_066539,True,head_center,1.7203359603881836,1.7203359603881836,,787,28,247
fxencoderpp,unknown,fma_test_066717,True,head_center,0.9795055389404297,0.9795055389404297,,800,47,241
fxencoderpp,unknown,fma_test_067334,True,head_center,1.5093064308166504,1.5093064308166504,,773,6,255
fxencoderpp,unknown,fma_test_067336,True,head_center,0.7136496305465698,0.7136496305465698,,512,0,0
fxencoderpp,unknown,fma_test_067457,True,head_center,1.0668129920959473,1.0668129920959473,,771,4,255
fxencoderpp,unknown,fma_test_068537,True,head_center,3.3493316173553467,3.3493316173553467,,512,0,0
fxencoderpp,unknown,fma_test_068582,True,head_center,1.3322542905807495,1.3322542905807495,,769,2,255
fxencoderpp,unknown,fma_test_068895,True,head_center,1.2408952713012695,1.2408952713012695,,771,3,256
fxencoderpp,unknown,fma_test_068899,True,head_center,0.7076019048690796,0.7076019048690796,,512,0,0
fxencoderpp,unknown,fma_test_069222,True,head_center,1.5067976713180542,1.5067976713180542,,769,5,252
fxencoderpp,unknown,fma_test_071371,True,head_center,1.3082290887832642,1.3082290887832642,,512,0,0
fxencoderpp,unknown,fma_test_076363,True,head_center,3.3368937969207764,3.3368937969207764,,819,85,222
fxencoderpp,unknown,fma_test_084057,True,head_center,1.331082820892334,1.331082820892334,,512,0,0
fxencoderpp,unknown,fma_test_084736,True,head_center,2.3238914012908936,2.3238914012908936,,512,0,0
fxencoderpp,unknown,fma_test_086037,True,head_center,0.25162452459335327,0.25162452459335327,,769,2,255
fxencoderpp,unknown,fma_test_086038,True,head_center,0.28844544291496277,0.28844544291496277,,512,0,0
fxencoderpp,unknown,fma_test_086039,True,head_center,1.0528782606124878,1.0528782606124878,,772,6,254
fxencoderpp,unknown,fma_test_086040,True,head_center,0.8468409776687622,0.8468409776687622,,769,2,255
fxencoderpp,unknown,fma_test_086256,True,head_center,1.1037652492523193,1.1037652492523193,,512,0,0
fxencoderpp,unknown,fma_test_086634,True,head_center,2.5368783473968506,2.5368783473968506,,512,0,0
fxencoderpp,unknown,fma_test_086788,True,head_center,1.6935498714447021,1.6935498714447021,,512,0,0
fxencoderpp,unknown,fma_test_087069,True,head_center,2.1804494857788086,2.1804494857788086,,512,0,0
fxencoderpp,unknown,fma_test_089445,True,head_center,1.6841981410980225,1.6841981410980225,,512,0,0
fxencoderpp,unknown,fma_test_093521,True,head_center,1.9568796157836914,1.9568796157836914,,512,0,0
fxencoderpp,unknown,fma_test_094101,True,head_center,0.9146567583084106,0.9146567583084106,,773,8,253
fxencoderpp,unknown,fma_test_094803,True,head_center,1.118780493736267,1.118780493736267,,794,42,240
fxencoderpp,unknown,fma_test_103518,True,head_center,0.5167145729064941,0.5167145729064941,,512,0,0
fxencoderpp,unknown,fma_test_103519,True,head_center,1.0380187034606934,1.0380187034606934,,512,0,0
fxencoderpp,unknown,fma_test_103520,True,head_center,1.239145040512085,1.239145040512085,,512,0,0
fxencoderpp,unknown,fma_test_103521,True,head_center,1.3914384841918945,1.3914384841918945,,512,0,0
fxencoderpp,unknown,fma_test_103522,True,head_center,0.6671146154403687,0.6671146154403687,,512,0,0
fxencoderpp,unknown,fma_test_103523,True,head_center,0.7812460660934448,0.7812460660934448,,512,0,0
fxencoderpp,unknown,fma_test_105141,True,head_center,1.308307409286499,1.308307409286499,,769,1,256
fxencoderpp,unknown,fma_test_105144,True,head_center,0.8485451936721802,0.8485451936721802,,770,2,256
fxencoderpp,unknown,fma_test_106629,True,head_center,2.399695873260498,2.399695873260498,,512,0,0
fxencoderpp,unknown,fma_test_106877,True,head_center,1.2374876737594604,1.2374876737594604,,512,0,0
fxencoderpp,unknown,fma_test_108456,True,head_center,0.7396062612533569,0.7396062612533569,,512,0,0
fxencoderpp,unknown,fma_test_108459,True,head_center,0.9656088352203369,0.9656088352203369,,772,4,256
fxencoderpp,unknown,fma_test_108460,True,head_center,1.2963248491287231,1.2963248491287231,,769,1,256
fxencoderpp,unknown,fma_test_108524,True,head_center,1.287070870399475,1.287070870399475,,512,0,0
fxencoderpp,unknown,fma_test_108525,True,head_center,1.4964995384216309,1.4964995384216309,,512,0,0
fxencoderpp,unknown,fma_test_108532,True,head_center,1.669857382774353,1.669857382774353,,512,0,0
fxencoderpp,unknown,fma_test_108533,True,head_center,1.005156397819519,1.005156397819519,,512,0,0
fxencoderpp,unknown,fma_test_110204,True,head_center,0.9546873569488525,0.9546873569488525,,769,1,256
fxencoderpp,unknown,fma_test_110209,True,head_center,2.399949789047241,2.399949789047241,,512,0,0
fxencoderpp,unknown,fma_test_110756,True,head_center,0.6121792197227478,0.6121792197227478,,512,0,0
fxencoderpp,unknown,fma_test_110764,True,head_center,1.2868131399154663,1.2868131399154663,,512,0,0
fxencoderpp,unknown,fma_test_110765,True,head_center,1.468496561050415,1.468496561050415,,769,1,256
fxencoderpp,unknown,fma_test_110771,True,head_center,1.9256091117858887,1.9256091117858887,,774,7,255
fxencoderpp,unknown,fma_test_110774,True,head_center,1.1437876224517822,1.1437876224517822,,512,0,0
fxencoderpp,unknown,fma_test_110775,True,head_center,2.547802448272705,2.547802448272705,,773,5,256
fxencoderpp,unknown,fma_test_111216,True,head_center,1.7950704097747803,1.7950704097747803,,769,3,254
fxencoderpp,unknown,fma_test_111994,True,head_center,1.1416362524032593,1.1416362524032593,,775,10,253
fxencoderpp,unknown,fma_test_112000,True,head_center,1.1835741996765137,1.1835741996765137,,512,0,0
fxencoderpp,unknown,fma_test_112001,True,head_center,0.9350979328155518,0.9350979328155518,,769,3,254
fxencoderpp,unknown,fma_test_113274,True,head_center,1.5130114555358887,1.5130114555358887,,769,1,256
fxencoderpp,unknown,fma_test_113275,True,head_center,1.6193866729736328,1.6193866729736328,,773,7,254
fxencoderpp,unknown,fma_test_113279,True,head_center,0.8167334794998169,0.8167334794998169,,770,3,255
fxencoderpp,unknown,fma_test_114212,True,head_center,1.873408317565918,1.873408317565918,,771,3,256
fxencoderpp,unknown,fma_test_114222,True,head_center,1.0207560062408447,1.0207560062408447,,512,0,0
fxencoderpp,unknown,fma_test_114223,True,head_center,0.6918594241142273,0.6918594241142273,,769,2,255
fxencoderpp,unknown,fma_test_116388,True,head_center,1.6589295864105225,1.6589295864105225,,771,5,254
fxencoderpp,unknown,fma_test_116389,True,head_center,1.1728386878967285,1.1728386878967285,,781,20,249
fxencoderpp,unknown,fma_test_119584,True,head_center,0.8837827444076538,0.8837827444076538,,769,2,255
fxencoderpp,unknown,fma_test_119592,True,head_center,0.4550514221191406,0.4550514221191406,,769,1,256
fxencoderpp,unknown,fma_test_120206,True,head_center,0.15905389189720154,0.15905389189720154,,769,1,256
fxencoderpp,unknown,fma_test_121998,True,head_center,0.9425302743911743,0.9425302743911743,,512,0,0
fxencoderpp,unknown,fma_test_122106,True,head_center,0.5912315845489502,0.5912315845489502,,769,1,256
fxencoderpp,unknown,fma_test_122155,True,head_center,1.4159774780273438,1.4159774780273438,,769,1,256
fxencoderpp,unknown,fma_test_124185,True,head_center,1.2910114526748657,1.2910114526748657,,512,0,0
fxencoderpp,unknown,fma_test_124186,True,head_center,1.5562547445297241,1.5562547445297241,,512,0,0
fxencoderpp,unknown,fma_test_124394,True,head_center,1.1994974613189697,1.1994974613189697,,770,2,256
fxencoderpp,unknown,fma_test_126507,True,head_center,1.286330223083496,1.286330223083496,,769,1,256
fxencoderpp,unknown,fma_test_127180,True,head_center,1.1885623931884766,1.1885623931884766,,769,2,255
fxencoderpp,unknown,fma_test_127183,True,head_center,0.7527827620506287,0.7527827620506287,,770,3,255
fxencoderpp,unknown,fma_test_127185,True,head_center,1.8748111724853516,1.8748111724853516,,769,1,256
fxencoderpp,unknown,fma_test_127186,True,head_center,1.2751749753952026,1.2751749753952026,,772,5,255
fxencoderpp,unknown,fma_test_127189,True,head_center,2.495138645172119,2.495138645172119,,772,5,255
fxencoderpp,unknown,fma_test_132117,True,head_center,1.9950402975082397,1.9950402975082397,,512,0,0
fxencoderpp,unknown,fma_test_132171,True,head_center,0.20294444262981415,0.20294444262981415,,512,0,0
fxencoderpp,unknown,fma_test_136054,True,head_center,2.725872755050659,2.725872755050659,,769,1,256
fxencoderpp,unknown,fma_test_140609,True,head_center,0.4904933571815491,0.4904933571815491,,512,0,0
fxencoderpp,unknown,fma_test_140620,True,head_center,1.7070472240447998,1.7070472240447998,,512,0,0
fxencoderpp,unknown,fma_test_140621,True,head_center,0.3043487071990967,0.3043487071990967,,813,75,226
fxencoderpp,unknown,fma_test_140626,True,head_center,1.3840346336364746,1.3840346336364746,,512,0,0
fxencoderpp,unknown,fma_test_140922,True,head_center,0.7412655353546143,0.7412655353546143,,769,3,254
fxencoderpp,unknown,fma_test_140924,True,head_center,0.541209876537323,0.541209876537323,,787,25,250
fxencoderpp,unknown,fma_test_140934,True,head_center,0.9911405444145203,0.9911405444145203,,512,0,0
fxencoderpp,unknown,fma_test_142533,True,head_center,0.9873849749565125,0.9873849749565125,,512,0,0
fxencoderpp,unknown,fma_test_142534,True,head_center,1.2364062070846558,1.2364062070846558,,769,1,256
fxencoderpp,unknown,fma_test_142537,True,head_center,0.6557265520095825,0.6557265520095825,,769,1,256
fxencoderpp,unknown,fma_test_142539,True,head_center,0.2621271014213562,0.2621271014213562,,769,1,256
fxencoderpp,unknown,fma_test_144212,True,head_center,1.091693639755249,1.091693639755249,,769,1,256
fxencoderpp,unknown,fma_test_144213,True,head_center,1.3442661762237549,1.3442661762237549,,769,1,256
fxencoderpp,unknown,fma_test_144214,True,head_center,0.9068341255187988,0.9068341255187988,,512,0,0
fxencoderpp,unknown,fma_test_145747,True,head_center,0.8712111711502075,0.8712111711502075,,774,10,252
fxencoderpp,unknown,fma_test_145750,True,head_center,1.4839242696762085,1.4839242696762085,,512,0,0
fxencoderpp,unknown,fma_test_148028,True,head_center,1.2530817985534668,1.2530817985534668,,512,0,0
fxencoderpp,unknown,fma_test_148032,True,head_center,1.9092841148376465,1.9092841148376465,,512,0,0
fxencoderpp,unknown,fma_test_150288,True,head_center,1.7004268169403076,1.7004268169403076,,512,0,0
fxencoderpp,unknown,fma_test_154306,True,head_center,2.0175235271453857,2.0175235271453857,,772,5,255
fxencoderpp,unknown,fma_test_154307,True,head_center,2.224691390991211,2.224691390991211,,770,2,256
fxencoderpp,unknown,fma_test_154308,True,head_center,2.1810555458068848,2.1810555458068848,,779,19,248
fxencoderpp,unknown,fma_test_154309,True,head_center,1.7946609258651733,1.7946609258651733,,769,2,255
afxrep,known,fma_test_000705,True,head_center,0.14447730779647827,0.14447730779647827,,512,0,0
afxrep,known,fma_test_000706,True,head_center,0.18616777658462524,0.18616777658462524,,512,0,0
afxrep,known,fma_test_000707,True,head_center,1.2999695539474487,1.2999695539474487,,512,0,0
afxrep,known,fma_test_000708,True,head_center,0.48403558135032654,0.48403558135032654,,512,0,0
afxrep,known,fma_test_001069,True,head_center,1.8830106258392334,1.8830106258392334,,512,0,0
afxrep,known,fma_test_001249,True,head_center,1.5927503108978271,1.5927503108978271,,769,1,256
afxrep,known,fma_test_004108,True,head_center,1.099149227142334,1.099149227142334,,512,0,0
afxrep,known,fma_test_007378,True,head_center,1.3180127143859863,1.3180127143859863,,512,0,0
afxrep,known,fma_test_007379,True,head_center,0.7923192381858826,0.7923192381858826,,512,0,0
afxrep,known,fma_test_007381,True,head_center,1.31655752658844,1.31655752658844,,512,0,0
afxrep,known,fma_test_007383,True,head_center,0.06693722307682037,0.06693722307682037,,512,0,0
afxrep,known,fma_test_010382,True,head_center,0.22590371966362,0.22590371966362,,512,0,0
afxrep,known,fma_test_010383,True,head_center,0.5517386198043823,0.5517386198043823,,777,14,251
afxrep,known,fma_test_010384,True,head_center,0.37280380725860596,0.37280380725860596,,512,0,0
afxrep,known,fma_test_010387,True,head_center,1.086281180381775,1.086281180381775,,512,0,0
afxrep,known,fma_test_010388,True,head_center,1.4858932495117188,1.4858932495117188,,512,0,0
afxrep,known,fma_test_010438,True,head_center,0.6955980658531189,0.6955980658531189,,512,0,0
afxrep,known,fma_test_010440,True,head_center,1.1249778270721436,1.1249778270721436,,512,0,0
afxrep,known,fma_test_010441,True,head_center,1.2685348987579346,1.2685348987579346,,808,77,219
afxrep,known,fma_test_010443,True,head_center,1.9769103527069092,1.9769103527069092,,770,2,256
afxrep,known,fma_test_010444,True,head_center,0.4927930235862732,0.4927930235862732,,512,0,0
afxrep,known,fma_test_011019,True,head_center,1.0449233055114746,1.0449233055114746,,512,0,0
afxrep,known,fma_test_012046,True,head_center,0.4244886040687561,0.4244886040687561,,512,0,0
afxrep,known,fma_test_012051,True,head_center,0.39601874351501465,0.39601874351501465,,512,0,0
afxrep,known,fma_test_012059,True,head_center,0.5777671337127686,0.5777671337127686,,772,7,253
afxrep,known,fma_test_012060,True,head_center,0.9970877170562744,0.9970877170562744,,512,0,0
afxrep,known,fma_test_012064,True,head_center,1.776599645614624,1.776599645614624,,769,1,256
afxrep,known,fma_test_012065,True,head_center,0.7628798484802246,0.7628798484802246,,812,68,232
afxrep,known,fma_test_012179,True,head_center,2.5944623947143555,2.5944623947143555,,512,0,0
afxrep,known,fma_test_012387,True,head_center,0.953670859336853,0.953670859336853,,769,2,255
afxrep,known,fma_test_012390,True,head_center,0.888768196105957,0.888768196105957,,835,96,227
afxrep,known,fma_test_012481,True,head_center,2.1147749423980713,2.1147749423980713,,512,0,0
afxrep,known,fma_test_012482,True,head_center,1.3344690799713135,1.3344690799713135,,512,0,0
afxrep,known,fma_test_012489,True,head_center,1.0207020044326782,1.0207020044326782,,512,0,0
afxrep,known,fma_test_012518,True,head_center,2.251556158065796,2.251556158065796,,512,0,0
afxrep,known,fma_test_014653,True,head_center,1.1778593063354492,1.1778593063354492,,512,0,0
afxrep,known,fma_test_014690,True,head_center,0.9700372219085693,0.9700372219085693,,512,0,0
afxrep,known,fma_test_014734,True,head_center,1.4019798040390015,1.4019798040390015,,771,5,254
afxrep,known,fma_test_014736,True,head_center,0.8435958623886108,0.8435958623886108,,512,0,0
afxrep,known,fma_test_014738,True,head_center,0.9283239245414734,0.9283239245414734,,769,1,256
afxrep,known,fma_test_014744,True,head_center,1.295385718345642,1.295385718345642,,770,3,255
afxrep,known,fma_test_014745,True,head_center,0.5739898085594177,0.5739898085594177,,772,4,256
afxrep,known,fma_test_016337,True,head_center,1.1043617725372314,1.1043617725372314,,512,0,0
afxrep,known,fma_test_016340,True,head_center,0.3737775981426239,0.3737775981426239,,512,0,0
afxrep,known,fma_test_016995,True,head_center,0.3847362697124481,0.3847362697124481,,512,0,0
afxrep,known,fma_test_016997,True,head_center,1.3276410102844238,1.3276410102844238,,512,0,0
afxrep,known,fma_test_020296,True,head_center,0.48615318536758423,0.48615318536758423,,853,159,182
afxrep,known,fma_test_021997,True,head_center,0.5912917852401733,0.5912917852401733,,512,0,0
afxrep,known,fma_test_021998,True,head_center,0.7963053584098816,0.7963053584098816,,512,0,0
afxrep,known,fma_test_022000,True,head_center,2.765288829803467,2.765288829803467,,512,0,0
afxrep,known,fma_test_023041,True,head_center,1.2934789657592773,1.2934789657592773,,512,0,0
afxrep,known,fma_test_026859,True,head_center,1.4546575546264648,1.4546575546264648,,773,8,253
afxrep,known,fma_test_026902,True,head_center,0.3005526065826416,0.3005526065826416,,807,55,240
afxrep,known,fma_test_026904,True,head_center,0.6605665683746338,0.6605665683746338,,512,0,0
afxrep,known,fma_test_026905,True,head_center,1.4870870113372803,1.4870870113372803,,512,0,0
afxrep,known,fma_test_035569,True,head_center,0.8305246829986572,0.8305246829986572,,512,0,0
afxrep,known,fma_test_036096,True,head_center,0.4019995629787445,0.4019995629787445,,512,0,0
afxrep,known,fma_test_036099,True,head_center,1.6853749752044678,1.6853749752044678,,512,0,0
afxrep,known,fma_test_036799,True,head_center,1.6518396139144897,1.6518396139144897,,512,0,0
afxrep,known,fma_test_038775,True,head_center,1.2909586429595947,1.2909586429595947,,512,0,0
afxrep,known,fma_test_038776,True,head_center,0.1667776107788086,0.1667776107788086,,512,0,0
afxrep,known,fma_test_038779,True,head_center,1.0303090810775757,1.0303090810775757,,512,0,0
afxrep,known,fma_test_038782,True,head_center,1.6649150848388672,1.6649150848388672,,512,0,0
afxrep,known,fma_test_038783,True,head_center,0.8168847560882568,0.8168847560882568,,512,0,0
afxrep,known,fma_test_038784,True,head_center,0.3913508355617523,0.3913508355617523,,512,0,0
afxrep,known,fma_test_038785,True,head_center,0.7578897476196289,0.7578897476196289,,512,0,0
afxrep,known,fma_test_038819,True,head_center,2.737269163131714,2.737269163131714,,512,0,0
afxrep,known,fma_test_038820,True,head_center,0.9968582987785339,0.9968582987785339,,770,4,254
afxrep,known,fma_test_038823,True,head_center,1.7545251846313477,1.7545251846313477,,769,1,256
afxrep,known,fma_test_038826,True,head_center,0.6316888332366943,0.6316888332366943,,769,1,256
afxrep,known,fma_test_038827,True,head_center,1.5260089635849,1.5260089635849,,512,0,0
afxrep,known,fma_test_038828,True,head_center,0.4378912150859833,0.4378912150859833,,512,0,0
afxrep,known,fma_test_038834,True,head_center,0.7527551054954529,0.7527551054954529,,512,0,0
afxrep,known,fma_test_039317,True,head_center,1.6073001623153687,1.6073001623153687,,896,228,156
afxrep,known,fma_test_039318,True,head_center,1.4959925413131714,1.4959925413131714,,512,0,0
afxrep,known,fma_test_039605,True,head_center,1.1926703453063965,1.1926703453063965,,772,4,256
afxrep,known,fma_test_039607,True,head_center,1.2060368061065674,1.2060368061065674,,512,0,0
afxrep,known,fma_test_040236,True,head_center,0.8496708869934082,0.8496708869934082,,512,0,0
afxrep,known,fma_test_040240,True,head_center,0.4878840148448944,0.4878840148448944,,777,17,248
afxrep,known,fma_test_040242,True,head_center,1.2783024311065674,1.2783024311065674,,512,0,0
afxrep,known,fma_test_040244,True,head_center,0.9280486106872559,0.9280486106872559,,512,0,0
afxrep,known,fma_test_051301,True,head_center,1.2961196899414062,1.2961196899414062,,512,0,0
afxrep,known,fma_test_053228,True,head_center,1.3153700828552246,1.3153700828552246,,512,0,0
afxrep,known,fma_test_053586,True,head_center,0.7150394320487976,0.7150394320487976,,512,0,0
afxrep,known,fma_test_056895,True,head_center,0.46162164211273193,0.46162164211273193,,512,0,0
afxrep,known,fma_test_059581,True,head_center,2.496612310409546,2.496612310409546,,512,0,0
afxrep,known,fma_test_063064,True,head_center,1.3597978353500366,1.3597978353500366,,807,62,233
afxrep,known,fma_test_063149,True,head_center,2.499433994293213,2.499433994293213,,512,0,0
afxrep,known,fma_test_063161,True,head_center,1.3986672163009644,1.3986672163009644,,512,0,0
afxrep,known,fma_test_063250,True,head_center,1.4898204803466797,1.4898204803466797,,512,0,0
afxrep,known,fma_test_063257,True,head_center,0.8180902004241943,0.8180902004241943,,512,0,0
afxrep,known,fma_test_065779,True,head_center,0.7610942721366882,0.7610942721366882,,769,1,256
afxrep,known,fma_test_065780,True,head_center,3.4676666259765625,3.4676666259765625,,512,0,0
afxrep,known,fma_test_066534,True,head_center,0.6474457383155823,0.6474457383155823,,512,0,0
afxrep,known,fma_test_066537,True,head_center,0.827886700630188,0.827886700630188,,512,0,0
afxrep,known,fma_test_066538,True,head_center,1.4966357946395874,1.4966357946395874,,512,0,0
afxrep,known,fma_test_066539,True,head_center,1.331252098083496,1.331252098083496,,773,6,255
afxrep,known,fma_test_066717,True,head_center,0.7365750074386597,0.7365750074386597,,512,0,0
afxrep,known,fma_test_067334,True,head_center,1.409523844718933,1.409523844718933,,512,0,0
afxrep,known,fma_test_067336,True,head_center,0.7268996238708496,0.7268996238708496,,512,0,0
afxrep,known,fma_test_067457,True,head_center,1.2148754596710205,1.2148754596710205,,512,0,0
afxrep,known,fma_test_068537,True,head_center,0.7393985986709595,0.7393985986709595,,512,0,0
afxrep,known,fma_test_068582,True,head_center,0.8777872920036316,0.8777872920036316,,512,0,0
afxrep,known,fma_test_068895,True,head_center,1.1011661291122437,1.1011661291122437,,512,0,0
afxrep,known,fma_test_068899,True,head_center,2.4535977840423584,2.4535977840423584,,512,0,0
afxrep,known,fma_test_069222,True,head_center,1.0999191999435425,1.0999191999435425,,885,210,163
afxrep,known,fma_test_071371,True,head_center,0.6963681578636169,0.6963681578636169,,512,0,0
afxrep,known,fma_test_076363,False,head_centered,2.60075044631958,,not separated: nonfinite or peak rejection,1330,726,92
afxrep,known,fma_test_084057,True,head_center,1.271467685699463,1.271467685699463,,512,0,0
afxrep,known,fma_test_084736,True,head_center,1.6168487071990967,1.6168487071990967,,512,0,0
afxrep,known,fma_test_086037,True,head_center,0.4003679156303406,0.4003679156303406,,512,0,0
afxrep,known,fma_test_086038,True,head_center,0.16917982697486877,0.16917982697486877,,512,0,0
afxrep,known,fma_test_086039,True,head_center,0.5037569403648376,0.5037569403648376,,770,6,252
afxrep,known,fma_test_086040,True,head_center,1.2251348495483398,1.2251348495483398,,512,0,0
afxrep,known,fma_test_086256,True,head_center,0.9771615862846375,0.9771615862846375,,512,0,0
afxrep,known,fma_test_086634,True,head_center,2.2091195583343506,2.2091195583343506,,783,27,244
afxrep,known,fma_test_086788,True,head_center,1.7452354431152344,1.7452354431152344,,512,0,0
afxrep,known,fma_test_087069,True,head_center,1.2044448852539062,1.2044448852539062,,512,0,0
afxrep,known,fma_test_089445,True,head_center,0.27953800559043884,0.27953800559043884,,512,0,0
afxrep,known,fma_test_093521,True,head_center,0.8665573000907898,0.8665573000907898,,770,3,255
afxrep,known,fma_test_094101,True,head_center,1.7078678607940674,1.7078678607940674,,512,0,0
afxrep,known,fma_test_094803,True,head_center,0.38492369651794434,0.38492369651794434,,771,3,256
afxrep,known,fma_test_103518,True,head_center,0.8822934031486511,0.8822934031486511,,512,0,0
afxrep,known,fma_test_103519,True,head_center,0.7627026438713074,0.7627026438713074,,512,0,0
afxrep,known,fma_test_103520,True,head_center,0.47000932693481445,0.47000932693481445,,512,0,0
afxrep,known,fma_test_103521,True,head_center,1.2941367626190186,1.2941367626190186,,512,0,0
afxrep,known,fma_test_103522,True,head_center,1.7920057773590088,1.7920057773590088,,770,4,254
afxrep,known,fma_test_103523,True,head_center,0.5091837644577026,0.5091837644577026,,512,0,0
afxrep,known,fma_test_105141,True,head_center,1.2499113082885742,1.2499113082885742,,512,0,0
afxrep,known,fma_test_105144,True,head_center,0.3375900387763977,0.3375900387763977,,512,0,0
afxrep,known,fma_test_106629,True,head_center,4.425622940063477,4.425622940063477,,769,1,256
afxrep,known,fma_test_106877,True,head_center,2.662808895111084,2.662808895111084,,773,10,251
afxrep,known,fma_test_108456,True,head_center,1.158595323562622,1.158595323562622,,512,0,0
afxrep,known,fma_test_108459,True,head_center,0.36687493324279785,0.36687493324279785,,512,0,0
afxrep,known,fma_test_108460,True,head_center,0.673403263092041,0.673403263092041,,772,4,256
afxrep,known,fma_test_108524,True,head_center,3.664785146713257,3.664785146713257,,512,0,0
afxrep,known,fma_test_108525,True,head_center,0.4012795388698578,0.4012795388698578,,769,1,256
afxrep,known,fma_test_108532,True,head_center,1.34868323802948,1.34868323802948,,512,0,0
afxrep,known,fma_test_108533,True,head_center,0.669843852519989,0.669843852519989,,512,0,0
afxrep,known,fma_test_110204,True,head_center,0.8746479749679565,0.8746479749679565,,512,0,0
afxrep,known,fma_test_110209,True,head_center,2.931581497192383,2.931581497192383,,769,1,256
afxrep,known,fma_test_110756,True,head_center,0.019192982465028763,0.019192982465028763,,512,0,0
afxrep,known,fma_test_110764,True,head_center,1.9788607358932495,1.9788607358932495,,512,0,0
afxrep,known,fma_test_110765,True,head_center,1.1851824522018433,1.1851824522018433,,512,0,0
afxrep,known,fma_test_110771,True,head_center,0.30444443225860596,0.30444443225860596,,770,3,255
afxrep,known,fma_test_110774,True,head_center,1.3283573389053345,1.3283573389053345,,512,0,0
afxrep,known,fma_test_110775,True,head_center,1.334110975265503,1.334110975265503,,804,63,229
afxrep,known,fma_test_111216,True,head_center,1.0758273601531982,1.0758273601531982,,512,0,0
afxrep,known,fma_test_111994,True,head_center,1.085815668106079,1.085815668106079,,512,0,0
afxrep,known,fma_test_112000,True,head_center,0.9497165083885193,0.9497165083885193,,512,0,0
afxrep,known,fma_test_112001,True,head_center,1.658969759941101,1.658969759941101,,512,0,0
afxrep,known,fma_test_113274,True,head_center,1.2825580835342407,1.2825580835342407,,512,0,0
afxrep,known,fma_test_113275,True,head_center,1.4609359502792358,1.4609359502792358,,772,5,255
afxrep,known,fma_test_113279,True,head_center,0.9334935545921326,0.9334935545921326,,512,0,0
afxrep,known,fma_test_114212,True,head_center,0.4737710952758789,0.4737710952758789,,775,14,249
afxrep,known,fma_test_114222,True,head_center,0.6848875880241394,0.6848875880241394,,512,0,0
afxrep,known,fma_test_114223,True,head_center,0.701061487197876,0.701061487197876,,512,0,0
afxrep,known,fma_test_116388,True,head_center,1.4353421926498413,1.4353421926498413,,512,0,0
afxrep,known,fma_test_116389,True,head_center,0.7257983088493347,0.7257983088493347,,512,0,0
afxrep,known,fma_test_119584,True,head_center,0.38552677631378174,0.38552677631378174,,770,5,253
afxrep,known,fma_test_119592,True,head_center,1.6507819890975952,1.6507819890975952,,779,12,255
afxrep,known,fma_test_120206,True,head_center,0.4932226538658142,0.4932226538658142,,512,0,0
afxrep,known,fma_test_121998,True,head_center,0.8980221748352051,0.8980221748352051,,512,0,0
afxrep,known,fma_test_122106,True,head_center,0.5260279178619385,0.5260279178619385,,512,0,0
afxrep,known,fma_test_122155,True,head_center,0.7968892455101013,0.7968892455101013,,770,2,256
afxrep,known,fma_test_124185,True,head_center,0.7548937797546387,0.7548937797546387,,512,0,0
afxrep,known,fma_test_124186,True,head_center,0.7308739423751831,0.7308739423751831,,512,0,0
afxrep,known,fma_test_124394,True,head_center,1.3111361265182495,1.3111361265182495,,512,0,0
afxrep,known,fma_test_126507,True,head_center,0.9887269735336304,0.9887269735336304,,769,3,254
afxrep,known,fma_test_127180,True,head_center,0.7174175977706909,0.7174175977706909,,512,0,0
afxrep,known,fma_test_127183,True,head_center,1.0431084632873535,1.0431084632873535,,512,0,0
afxrep,known,fma_test_127185,True,head_center,0.9614554643630981,0.9614554643630981,,799,60,227
afxrep,known,fma_test_127186,True,head_center,2.054866313934326,2.054866313934326,,512,0,0
afxrep,known,fma_test_127189,True,head_center,2.35697340965271,2.35697340965271,,512,0,0
afxrep,known,fma_test_132117,True,head_center,1.5333188772201538,1.5333188772201538,,772,8,252
afxrep,known,fma_test_132171,True,head_center,0.1470663845539093,0.1470663845539093,,512,0,0
afxrep,known,fma_test_136054,True,head_center,2.036576747894287,2.036576747894287,,512,0,0
afxrep,known,fma_test_140609,True,head_center,2.1199538707733154,2.1199538707733154,,512,0,0
afxrep,known,fma_test_140620,True,head_center,1.1856894493103027,1.1856894493103027,,512,0,0
afxrep,known,fma_test_140621,True,head_center,0.9771757125854492,0.9771757125854492,,851,139,200
afxrep,known,fma_test_140626,True,head_center,1.4642646312713623,1.4642646312713623,,512,0,0
afxrep,known,fma_test_140922,True,head_center,0.8183772563934326,0.8183772563934326,,512,0,0
afxrep,known,fma_test_140924,True,head_center,1.403954029083252,1.403954029083252,,512,0,0
afxrep,known,fma_test_140934,True,head_center,0.7550187110900879,0.7550187110900879,,512,0,0
afxrep,known,fma_test_142533,True,head_center,0.5630303025245667,0.5630303025245667,,512,0,0
afxrep,known,fma_test_142534,True,head_center,1.9940519332885742,1.9940519332885742,,512,0,0
afxrep,known,fma_test_142537,True,head_center,0.4692503809928894,0.4692503809928894,,512,0,0
afxrep,known,fma_test_142539,True,head_center,0.6588298082351685,0.6588298082351685,,512,0,0
afxrep,known,fma_test_144212,True,head_center,0.21241126954555511,0.21241126954555511,,512,0,0
afxrep,known,fma_test_144213,True,head_center,0.23097240924835205,0.23097240924835205,,770,3,255
afxrep,known,fma_test_144214,True,head_center,0.71537846326828,0.71537846326828,,512,0,0
afxrep,known,fma_test_145747,True,head_center,0.9375157356262207,0.9375157356262207,,771,3,256
afxrep,known,fma_test_145750,True,head_center,0.6839374303817749,0.6839374303817749,,512,0,0
afxrep,known,fma_test_148028,True,head_center,1.209871530532837,1.209871530532837,,512,0,0
afxrep,known,fma_test_148032,True,head_center,0.6269513964653015,0.6269513964653015,,512,0,0
afxrep,known,fma_test_150288,True,head_center,0.20451556146144867,0.20451556146144867,,512,0,0
afxrep,known,fma_test_154306,True,head_center,3.2347543239593506,3.2347543239593506,,512,0,0
afxrep,known,fma_test_154307,True,head_center,2.721008777618408,2.721008777618408,,512,0,0
afxrep,known,fma_test_154308,True,head_center,1.5158681869506836,1.5158681869506836,,512,0,0
afxrep,known,fma_test_154309,True,head_center,0.8329553008079529,0.8329553008079529,,512,0,0
afxrep,unknown,fma_test_000705,True,head_center,0.17782120406627655,0.17782120406627655,,769,1,256
afxrep,unknown,fma_test_000706,True,head_center,0.4587423801422119,0.4587423801422119,,512,0,0
afxrep,unknown,fma_test_000707,True,head_center,1.2109086513519287,1.2109086513519287,,512,0,0
afxrep,unknown,fma_test_000708,True,head_center,0.48474937677383423,0.48474937677383423,,512,0,0
afxrep,unknown,fma_test_001069,True,head_center,1.8319377899169922,1.8319377899169922,,769,1,256
afxrep,unknown,fma_test_001249,True,head_center,1.9657812118530273,1.9657812118530273,,787,29,246
afxrep,unknown,fma_test_004108,True,head_center,1.1535671949386597,1.1535671949386597,,512,0,0
afxrep,unknown,fma_test_007378,True,head_center,1.3128596544265747,1.3128596544265747,,769,1,256
afxrep,unknown,fma_test_007379,True,head_center,1.065297245979309,1.065297245979309,,770,2,256
afxrep,unknown,fma_test_007381,True,head_center,1.3473014831542969,1.3473014831542969,,769,4,253
afxrep,unknown,fma_test_007383,True,head_center,0.061236850917339325,0.061236850917339325,,512,0,0
afxrep,unknown,fma_test_010382,True,head_center,0.9541137218475342,0.9541137218475342,,769,2,255
afxrep,unknown,fma_test_010383,True,head_center,0.5517386198043823,0.5517386198043823,,771,3,256
afxrep,unknown,fma_test_010384,True,head_center,1.2004706859588623,1.2004706859588623,,769,1,256
afxrep,unknown,fma_test_010387,True,head_center,0.9931577444076538,0.9931577444076538,,512,0,0
afxrep,unknown,fma_test_010388,True,head_center,0.7616905570030212,0.7616905570030212,,512,0,0
afxrep,unknown,fma_test_010438,True,head_center,0.8027356863021851,0.8027356863021851,,769,1,256
afxrep,unknown,fma_test_010440,True,head_center,1.4003503322601318,1.4003503322601318,,770,4,254
afxrep,unknown,fma_test_010441,True,head_center,1.8200138807296753,1.8200138807296753,,769,1,256
afxrep,unknown,fma_test_010443,True,head_center,1.8936070203781128,1.8936070203781128,,512,0,0
afxrep,unknown,fma_test_010444,True,head_center,0.4927930235862732,0.4927930235862732,,769,1,256
afxrep,unknown,fma_test_011019,True,head_center,1.9467662572860718,1.9467662572860718,,769,1,256
afxrep,unknown,fma_test_012046,True,head_center,1.6463463306427002,1.6463463306427002,,773,7,254
afxrep,unknown,fma_test_012051,True,head_center,1.0719468593597412,1.0719468593597412,,512,0,0
afxrep,unknown,fma_test_012059,True,head_center,0.5380425453186035,0.5380425453186035,,512,0,0
afxrep,unknown,fma_test_012060,True,head_center,0.6256273984909058,0.6256273984909058,,769,1,256
afxrep,unknown,fma_test_012064,True,head_center,1.8292932510375977,1.8292932510375977,,771,4,255
afxrep,unknown,fma_test_012065,True,head_center,2.0012338161468506,2.0012338161468506,,512,0,0
afxrep,unknown,fma_test_012179,True,head_center,3.6858057975769043,3.6858057975769043,,769,2,255
afxrep,unknown,fma_test_012387,True,head_center,0.543366551399231,0.543366551399231,,769,1,256
afxrep,unknown,fma_test_012390,True,head_center,0.7936531901359558,0.7936531901359558,,770,3,255
afxrep,unknown,fma_test_012481,True,head_center,2.4514901638031006,2.4514901638031006,,512,0,0
afxrep,unknown,fma_test_012482,True,head_center,1.4889943599700928,1.4889943599700928,,769,1,256
afxrep,unknown,fma_test_012489,True,head_center,1.2506155967712402,1.2506155967712402,,512,0,0
afxrep,unknown,fma_test_012518,True,head_center,3.5677852630615234,3.5677852630615234,,777,9,256
afxrep,unknown,fma_test_014653,True,head_center,1.1778593063354492,1.1778593063354492,,512,0,0
afxrep,unknown,fma_test_014690,True,head_center,0.9700372219085693,0.9700372219085693,,769,2,255
afxrep,unknown,fma_test_014734,True,head_center,1.620154619216919,1.620154619216919,,512,0,0
afxrep,unknown,fma_test_014736,True,head_center,0.3978942036628723,0.3978942036628723,,512,0,0
afxrep,unknown,fma_test_014738,True,head_center,1.8356223106384277,1.8356223106384277,,769,1,256
afxrep,unknown,fma_test_014744,True,head_center,2.342339515686035,2.342339515686035,,772,6,254
afxrep,unknown,fma_test_014745,True,head_center,1.4844856262207031,1.4844856262207031,,512,0,0
afxrep,unknown,fma_test_016337,True,head_center,1.5669968128204346,1.5669968128204346,,772,4,256
afxrep,unknown,fma_test_016340,True,head_center,0.3640371561050415,0.3640371561050415,,512,0,0
afxrep,unknown,fma_test_016995,True,head_center,0.3845425546169281,0.3845425546169281,,769,1,256
afxrep,unknown,fma_test_016997,True,head_center,1.3550386428833008,1.3550386428833008,,512,0,0
afxrep,unknown,fma_test_020296,False,head_centered,1.2634124755859375,,not separated: nonfinite or peak rejection,823,96,215
afxrep,unknown,fma_test_021997,True,head_center,0.5863867998123169,0.5863867998123169,,801,47,242
afxrep,unknown,fma_test_021998,True,head_center,0.8848839998245239,0.8848839998245239,,772,4,256
afxrep,unknown,fma_test_022000,True,head_center,2.728302001953125,2.728302001953125,,789,32,245
afxrep,unknown,fma_test_023041,True,head_center,1.399214267730713,1.399214267730713,,769,1,256
afxrep,unknown,fma_test_026859,True,head_center,1.3723682165145874,1.3723682165145874,,769,2,255
afxrep,unknown,fma_test_026902,True,head_center,1.1673274040222168,1.1673274040222168,,512,0,0
afxrep,unknown,fma_test_026904,True,head_center,0.6641868948936462,0.6641868948936462,,769,3,254
afxrep,unknown,fma_test_026905,True,head_center,1.490892767906189,1.490892767906189,,512,0,0
afxrep,unknown,fma_test_035569,True,head_center,1.049450397491455,1.049450397491455,,512,0,0
afxrep,unknown,fma_test_036096,True,head_center,0.4429353177547455,0.4429353177547455,,512,0,0
afxrep,unknown,fma_test_036099,True,head_center,2.8060851097106934,2.8060851097106934,,769,1,256
afxrep,unknown,fma_test_036799,True,head_center,3.5449671745300293,3.5449671745300293,,512,0,0
afxrep,unknown,fma_test_038775,True,head_center,1.3221652507781982,1.3221652507781982,,512,0,0
afxrep,unknown,fma_test_038776,True,head_center,0.11669757217168808,0.11669757217168808,,512,0,0
afxrep,unknown,fma_test_038779,True,head_center,1.0303090810775757,1.0303090810775757,,512,0,0
afxrep,unknown,fma_test_038782,True,head_center,2.869540214538574,2.869540214538574,,770,3,255
afxrep,unknown,fma_test_038783,True,head_center,0.8717452883720398,0.8717452883720398,,512,0,0
afxrep,unknown,fma_test_038784,True,head_center,0.9279705286026001,0.9279705286026001,,770,3,255
afxrep,unknown,fma_test_038785,True,head_center,1.2590551376342773,1.2590551376342773,,512,0,0
afxrep,unknown,fma_test_038819,True,head_center,3.066683530807495,3.066683530807495,,512,0,0
afxrep,unknown,fma_test_038820,True,head_center,1.3952760696411133,1.3952760696411133,,770,2,256
afxrep,unknown,fma_test_038823,True,head_center,1.851236343383789,1.851236343383789,,770,2,256
afxrep,unknown,fma_test_038826,True,head_center,1.0470645427703857,1.0470645427703857,,770,4,254
afxrep,unknown,fma_test_038827,True,head_center,1.9200220108032227,1.9200220108032227,,769,1,256
afxrep,unknown,fma_test_038828,True,head_center,0.5161042213439941,0.5161042213439941,,512,0,0
afxrep,unknown,fma_test_038834,True,head_center,0.8992829322814941,0.8992829322814941,,771,3,256
afxrep,unknown,fma_test_039317,True,head_center,2.846734046936035,2.846734046936035,,769,1,256
afxrep,unknown,fma_test_039318,True,head_center,1.7033398151397705,1.7033398151397705,,512,0,0
afxrep,unknown,fma_test_039605,True,head_center,1.1926703453063965,1.1926703453063965,,771,4,255
afxrep,unknown,fma_test_039607,True,head_center,1.2237728834152222,1.2237728834152222,,769,4,253
afxrep,unknown,fma_test_040236,True,head_center,0.8496708869934082,0.8496708869934082,,512,0,0
afxrep,unknown,fma_test_040240,True,head_center,0.4878840148448944,0.4878840148448944,,771,5,254
afxrep,unknown,fma_test_040242,True,head_center,1.264748454093933,1.264748454093933,,770,2,256
afxrep,unknown,fma_test_040244,True,head_center,0.8619644045829773,0.8619644045829773,,512,0,0
afxrep,unknown,fma_test_051301,True,head_center,1.3188337087631226,1.3188337087631226,,512,0,0
afxrep,unknown,fma_test_053228,True,head_center,1.4053568840026855,1.4053568840026855,,512,0,0
afxrep,unknown,fma_test_053586,True,head_center,0.8628005385398865,0.8628005385398865,,512,0,0
afxrep,unknown,fma_test_056895,True,head_center,0.9506286978721619,0.9506286978721619,,769,1,256
afxrep,unknown,fma_test_059581,True,head_center,3.618781566619873,3.618781566619873,,770,2,256
afxrep,unknown,fma_test_063064,True,head_center,2.233889579772949,2.233889579772949,,771,3,256
afxrep,unknown,fma_test_063149,True,head_center,3.1271896362304688,3.1271896362304688,,512,0,0
afxrep,unknown,fma_test_063161,True,head_center,1.3320173025131226,1.3320173025131226,,770,2,256
afxrep,unknown,fma_test_063250,True,head_center,1.4898204803466797,1.4898204803466797,,512,0,0
afxrep,unknown,fma_test_063257,True,head_center,0.8169645667076111,0.8169645667076111,,778,13,253
afxrep,unknown,fma_test_065779,True,head_center,0.759656548500061,0.759656548500061,,770,4,254
afxrep,unknown,fma_test_065780,True,head_center,3.7499818801879883,3.7499818801879883,,787,28,247
afxrep,unknown,fma_test_066534,True,head_center,0.8411937952041626,0.8411937952041626,,796,47,237
afxrep,unknown,fma_test_066537,True,head_center,0.827886700630188,0.827886700630188,,512,0,0
afxrep,unknown,fma_test_066538,True,head_center,1.013411045074463,1.013411045074463,,813,72,229
afxrep,unknown,fma_test_066539,True,head_center,1.5104749202728271,1.5104749202728271,,771,5,254
afxrep,unknown,fma_test_066717,True,head_center,1.0667027235031128,1.0667027235031128,,769,1,256
afxrep,unknown,fma_test_067334,True,head_center,1.3844971656799316,1.3844971656799316,,512,0,0
afxrep,unknown,fma_test_067336,True,head_center,0.599158763885498,0.599158763885498,,512,0,0
afxrep,unknown,fma_test_067457,True,head_center,1.2848436832427979,1.2848436832427979,,512,0,0
afxrep,unknown,fma_test_068537,True,head_center,2.3489513397216797,2.3489513397216797,,769,3,254
afxrep,unknown,fma_test_068582,True,head_center,0.8809188604354858,0.8809188604354858,,773,12,249
afxrep,unknown,fma_test_068895,True,head_center,0.6048499941825867,0.6048499941825867,,512,0,0
afxrep,unknown,fma_test_068899,True,head_center,3.1144442558288574,3.1144442558288574,,780,13,255
afxrep,unknown,fma_test_069222,True,head_center,1.3147997856140137,1.3147997856140137,,772,6,254
afxrep,unknown,fma_test_071371,True,head_center,0.812658429145813,0.812658429145813,,512,0,0
afxrep,unknown,fma_test_076363,True,head_center,3.4616270065307617,3.4616270065307617,,769,1,256
afxrep,unknown,fma_test_084057,True,head_center,1.2691707611083984,1.2691707611083984,,771,5,254
afxrep,unknown,fma_test_084736,True,head_center,1.588361144065857,1.588361144065857,,770,3,255
afxrep,unknown,fma_test_086037,True,head_center,0.4003679156303406,0.4003679156303406,,770,2,256
afxrep,unknown,fma_test_086038,True,head_center,0.6513320803642273,0.6513320803642273,,512,0,0
afxrep,unknown,fma_test_086039,True,head_center,0.5037569403648376,0.5037569403648376,,770,3,255
afxrep,unknown,fma_test_086040,True,head_center,1.2261229753494263,1.2261229753494263,,512,0,0
afxrep,unknown,fma_test_086256,True,head_center,0.9690157771110535,0.9690157771110535,,512,0,0
afxrep,unknown,fma_test_086634,True,head_center,1.4708051681518555,1.4708051681518555,,512,0,0
afxrep,unknown,fma_test_086788,True,head_center,2.0846681594848633,2.0846681594848633,,772,6,254
afxrep,unknown,fma_test_087069,True,head_center,1.0791211128234863,1.0791211128234863,,769,2,255
afxrep,unknown,fma_test_089445,True,head_center,0.9316978454589844,0.9316978454589844,,512,0,0
afxrep,unknown,fma_test_093521,True,head_center,1.5851268768310547,1.5851268768310547,,769,1,256
afxrep,unknown,fma_test_094101,True,head_center,1.3478044271469116,1.3478044271469116,,512,0,0
afxrep,unknown,fma_test_094803,True,head_center,1.2659481763839722,1.2659481763839722,,770,3,255
afxrep,unknown,fma_test_103518,True,head_center,0.9838335514068604,0.9838335514068604,,512,0,0
afxrep,unknown,fma_test_103519,True,head_center,0.7627026438713074,0.7627026438713074,,512,0,0
afxrep,unknown,fma_test_103520,True,head_center,1.2706854343414307,1.2706854343414307,,769,1,256
afxrep,unknown,fma_test_103521,True,head_center,1.2942860126495361,1.2942860126495361,,512,0,0
afxrep,unknown,fma_test_103522,True,head_center,1.3665460348129272,1.3665460348129272,,770,3,255
afxrep,unknown,fma_test_103523,True,head_center,0.5411492586135864,0.5411492586135864,,512,0,0
afxrep,unknown,fma_test_105141,True,head_center,1.5280059576034546,1.5280059576034546,,512,0,0
afxrep,unknown,fma_test_105144,True,head_center,1.4840073585510254,1.4840073585510254,,769,2,255
afxrep,unknown,fma_test_106629,True,head_center,10.470396041870117,10.470396041870117,,776,10,254
afxrep,unknown,fma_test_106877,True,head_center,2.130983829498291,2.130983829498291,,512,0,0
afxrep,unknown,fma_test_108456,True,head_center,0.5702196359634399,0.5702196359634399,,771,3,256
afxrep,unknown,fma_test_108459,True,head_center,0.3564438223838806,0.3564438223838806,,512,0,0
afxrep,unknown,fma_test_108460,True,head_center,0.8466510772705078,0.8466510772705078,,772,6,254
afxrep,unknown,fma_test_108524,True,head_center,4.364640235900879,4.364640235900879,,770,2,256
afxrep,unknown,fma_test_108525,True,head_center,0.4364355206489563,0.4364355206489563,,770,3,255
afxrep,unknown,fma_test_108532,True,head_center,1.5211642980575562,1.5211642980575562,,769,2,255
afxrep,unknown,fma_test_108533,True,head_center,0.5590622425079346,0.5590622425079346,,512,0,0
afxrep,unknown,fma_test_110204,True,head_center,0.8746479749679565,0.8746479749679565,,512,0,0
afxrep,unknown,fma_test_110209,True,head_center,5.6834611892700195,5.6834611892700195,,769,2,255
afxrep,unknown,fma_test_110756,True,head_center,0.036312445998191833,0.036312445998191833,,769,1,256
afxrep,unknown,fma_test_110764,True,head_center,2.0809426307678223,2.0809426307678223,,769,1,256
afxrep,unknown,fma_test_110765,True,head_center,1.1813254356384277,1.1813254356384277,,769,2,255
afxrep,unknown,fma_test_110771,True,head_center,1.6068427562713623,1.6068427562713623,,826,95,219
afxrep,unknown,fma_test_110774,True,head_center,1.3278851509094238,1.3278851509094238,,512,0,0
afxrep,unknown,fma_test_110775,True,head_center,2.565378427505493,2.565378427505493,,769,1,256
afxrep,unknown,fma_test_111216,True,head_center,1.1414164304733276,1.1414164304733276,,772,4,256
afxrep,unknown,fma_test_111994,True,head_center,1.454374074935913,1.454374074935913,,780,17,251
afxrep,unknown,fma_test_112000,True,head_center,0.5065826177597046,0.5065826177597046,,789,26,251
afxrep,unknown,fma_test_112001,True,head_center,1.1763020753860474,1.1763020753860474,,797,43,242
afxrep,unknown,fma_test_113274,True,head_center,1.468618392944336,1.468618392944336,,512,0,0
afxrep,unknown,fma_test_113275,True,head_center,1.8134620189666748,1.8134620189666748,,769,1,256
afxrep,unknown,fma_test_113279,True,head_center,0.4041785001754761,0.4041785001754761,,512,0,0
afxrep,unknown,fma_test_114212,True,head_center,0.4737710952758789,0.4737710952758789,,772,5,255
afxrep,unknown,fma_test_114222,True,head_center,0.9510234594345093,0.9510234594345093,,773,5,256
afxrep,unknown,fma_test_114223,True,head_center,0.6905948519706726,0.6905948519706726,,512,0,0
afxrep,unknown,fma_test_116388,True,head_center,1.4355177879333496,1.4355177879333496,,769,2,255
afxrep,unknown,fma_test_116389,True,head_center,0.7258281707763672,0.7258281707763672,,771,4,255
afxrep,unknown,fma_test_119584,True,head_center,0.3891258239746094,0.3891258239746094,,512,0,0
afxrep,unknown,fma_test_119592,True,head_center,1.6507819890975952,1.6507819890975952,,780,12,256
afxrep,unknown,fma_test_120206,True,head_center,0.9894539713859558,0.9894539713859558,,512,0,0
afxrep,unknown,fma_test_121998,True,head_center,0.9635958671569824,0.9635958671569824,,512,0,0
afxrep,unknown,fma_test_122106,True,head_center,0.4795686602592468,0.4795686602592468,,512,0,0
afxrep,unknown,fma_test_122155,True,head_center,2.536118507385254,2.536118507385254,,773,6,255
afxrep,unknown,fma_test_124185,True,head_center,0.8017677068710327,0.8017677068710327,,512,0,0
afxrep,unknown,fma_test_124186,True,head_center,0.7279561758041382,0.7279561758041382,,512,0,0
afxrep,unknown,fma_test_124394,True,head_center,1.2307145595550537,1.2307145595550537,,512,0,0
afxrep,unknown,fma_test_126507,True,head_center,0.833221435546875,0.833221435546875,,512,0,0
afxrep,unknown,fma_test_127180,True,head_center,0.7521495223045349,0.7521495223045349,,769,1,256
afxrep,unknown,fma_test_127183,True,head_center,1.2413761615753174,1.2413761615753174,,769,1,256
afxrep,unknown,fma_test_127185,True,head_center,1.9839990139007568,1.9839990139007568,,512,0,0
afxrep,unknown,fma_test_127186,True,head_center,2.2004294395446777,2.2004294395446777,,769,3,254
afxrep,unknown,fma_test_127189,True,head_center,3.2357184886932373,3.2357184886932373,,512,0,0
afxrep,unknown,fma_test_132117,True,head_center,2.389364242553711,2.389364242553711,,772,6,254
afxrep,unknown,fma_test_132171,True,head_center,0.1470663845539093,0.1470663845539093,,512,0,0
afxrep,unknown,fma_test_136054,True,head_center,2.4078004360198975,2.4078004360198975,,512,0,0
afxrep,unknown,fma_test_140609,True,head_center,3.02524733543396,3.02524733543396,,770,3,255
afxrep,unknown,fma_test_140620,True,head_center,1.8617455959320068,1.8617455959320068,,770,3,255
afxrep,unknown,fma_test_140621,True,head_center,2.7758421897888184,2.7758421897888184,,770,4,254
afxrep,unknown,fma_test_140626,True,head_center,1.7936561107635498,1.7936561107635498,,771,3,256
afxrep,unknown,fma_test_140922,True,head_center,0.8495053648948669,0.8495053648948669,,512,0,0
afxrep,unknown,fma_test_140924,True,head_center,1.9540170431137085,1.9540170431137085,,773,8,253
afxrep,unknown,fma_test_140934,True,head_center,1.1780638694763184,1.1780638694763184,,769,1,256
afxrep,unknown,fma_test_142533,True,head_center,0.5630303025245667,0.5630303025245667,,770,3,255
afxrep,unknown,fma_test_142534,True,head_center,1.9835927486419678,1.9835927486419678,,512,0,0
afxrep,unknown,fma_test_142537,True,head_center,0.4643510580062866,0.4643510580062866,,512,0,0
afxrep,unknown,fma_test_142539,True,head_center,0.6382519602775574,0.6382519602775574,,771,4,255
afxrep,unknown,fma_test_144212,True,head_center,0.7471277713775635,0.7471277713775635,,512,0,0
afxrep,unknown,fma_test_144213,True,head_center,0.2678868770599365,0.2678868770599365,,770,2,256
afxrep,unknown,fma_test_144214,True,head_center,0.7594977617263794,0.7594977617263794,,769,2,255
afxrep,unknown,fma_test_145747,True,head_center,0.9162905216217041,0.9162905216217041,,784,25,247
afxrep,unknown,fma_test_145750,True,head_center,1.2157397270202637,1.2157397270202637,,512,0,0
afxrep,unknown,fma_test_148028,True,head_center,1.209871530532837,1.209871530532837,,770,2,256
afxrep,unknown,fma_test_148032,True,head_center,0.6269513964653015,0.6269513964653015,,512,0,0
afxrep,unknown,fma_test_150288,True,head_center,0.20451556146144867,0.20451556146144867,,512,0,0
afxrep,unknown,fma_test_154306,True,head_center,5.508170127868652,5.508170127868652,,778,13,253
afxrep,unknown,fma_test_154307,True,head_center,3.711240768432617,3.711240768432617,,771,3,256
afxrep,unknown,fma_test_154308,True,head_center,1.6269805431365967,1.6269805431365967,,774,9,253
afxrep,unknown,fma_test_154309,True,head_center,1.5884358882904053,1.5884358882904053,,775,8,255
