id,song,stem,condition,domain,ld,ld_loudness_matched,absolute_lufs_difference,absolute_crest_difference_db,centered_envelope_rmse_db,centered_band_rmse_db,max_stage_clipped_fraction
history_000_bass,Timboz - Pony,bass,identity,input,0.0,0.0,0.0,0.0,0.0,0.0,0.0
history_000_bass,Timboz - Pony,bass,identity,normalized,0.0,0.0,0.0,0.0,0.0,0.0,0.0
history_000_bass,Timboz - Pony,bass,gain_minus6,input,1.1287338733673096,4.7390822146553546e-05,6.000000490005313,1.5965187216693266e-07,8.387144063783663e-09,7.033954261714825e-06,0.0
history_000_bass,Timboz - Pony,bass,gain_minus6,normalized,0.04864378273487091,0.048645030707120895,8.997369751284623e-05,9.004601926676514e-05,3.836944849203296e-05,0.0010140208760276437,0.0
history_000_bass,Timboz - Pony,bass,gain_plus6,input,1.6686242818832397,5.5406322644557804e-05,5.999999799605256,4.806171567395268e-07,8.494955509527615e-09,1.206313208967913e-05,0.0
history_000_bass,Timboz - Pony,bass,gain_plus6,normalized,0.175810307264328,0.17556051909923553,0.003496780122951293,0.00012792330791100426,9.309342735406905e-05,0.0005769809940829873,0.0
history_000_bass,Timboz - Pony,bass,eq_minus6,input,0.10444377362728119,0.10134035348892212,0.20028912769490503,0.3884683886289011,0.08487361621019436,1.6714274883270264,0.0
history_000_bass,Timboz - Pony,bass,eq_minus6,normalized,1.542627215385437,1.548330545425415,0.12569697385981726,0.4441066279297452,0.25506473706087546,0.08902519196271896,0.0
history_000_bass,Timboz - Pony,bass,eq_plus6,input,0.11062368005514145,0.10671387612819672,0.2110737384043091,0.9737768944784975,0.09097086930646027,1.7604788541793823,0.0
history_000_bass,Timboz - Pony,bass,eq_plus6,normalized,0.38762399554252625,0.3875899314880371,0.004155558857004138,0.09471307880889412,0.0648745143306114,0.008792273700237274,0.0
history_000_bass,Timboz - Pony,bass,comp_ratio2,input,0.817313551902771,0.2159465253353119,4.329214058181748,0.8620336041770464,0.7992551713344971,0.3474620580673218,0.0
history_000_bass,Timboz - Pony,bass,comp_ratio2,normalized,0.5737440586090088,0.569858729839325,0.09853890187786973,1.5876106459750048,0.8282940895375553,0.5144200921058655,0.0
history_000_bass,Timboz - Pony,bass,comp_ratio4,input,1.138918399810791,0.3217480480670929,6.4091995541218765,1.3010216801101322,1.1939077300333276,0.5457254648208618,0.0
history_000_bass,Timboz - Pony,bass,comp_ratio4,normalized,0.6591216325759888,0.64841628074646,0.2621558169656417,2.4075789160033985,1.1626744703967722,0.6753110289573669,0.0
history_000_bass,Timboz - Pony,bass,identity_repeat,input,0.0,0.0,0.0,0.0,0.0,0.0,0.0
history_000_bass,Timboz - Pony,bass,identity_repeat,normalized,0.0,0.0,0.0,0.0,0.0,0.0,0.0
history_000_drums,Cristina Vane - So Easy,drums,identity,input,0.0,0.0,0.0,0.0,0.0,0.0,0.0
history_000_drums,Cristina Vane - So Easy,drums,identity,normalized,0.0,0.0,0.0,0.0,0.0,0.0,0.0
history_000_drums,Cristina Vane - So Easy,drums,gain_minus6,input,1.1598836183547974,9.02081865206128e-06,6.000000509984645,1.7501026938759878e-07,1.3093903355517666e-08,5.909703759243712e-06,0.0
history_000_drums,Cristina Vane - So Easy,drums,gain_minus6,normalized,0.00843370147049427,0.008438104763627052,1.180669293887604e-05,2.281801244663484e-05,0.00011474772873929092,1.4969952644605655e-05,0.0
history_000_drums,Cristina Vane - So Easy,drums,gain_plus6,input,1.6755735874176025,9.953007975127548e-06,5.999999758346306,2.58077443859861e-07,9.654839312745217e-09,0.0,0.0
history_000_drums,Cristina Vane - So Easy,drums,gain_plus6,normalized,0.009826293215155602,0.009830242954194546,7.52004152104746e-06,1.1228283142372675e-05,0.00013431053167278228,9.650505489844363e-06,0.0
history_000_drums,Cristina Vane - So Easy,drums,eq_minus6,input,0.12272346019744873,0.13678306341171265,0.3616154109957179,0.13600599368965938,0.3796048277232143,1.65717351436615,0.0
history_000_drums,Cristina Vane - So Easy,drums,eq_minus6,normalized,0.20882610976696014,0.20879921317100525,0.0029308658974755986,0.8340596619207226,0.06952684460664173,0.02363070659339428,0.0
history_000_drums,Cristina Vane - So Easy,drums,eq_plus6,input,0.15038582682609558,0.17496292293071747,0.5570275825640323,0.11673854305180065,0.5430514283763929,1.7321399450302124,0.0
history_000_drums,Cristina Vane - So Easy,drums,eq_plus6,normalized,0.17249171435832977,0.17244677245616913,0.0021309034494905177,0.565597527129345,0.059945812470080635,0.010894868522882462,0.0
history_000_drums,Cristina Vane - So Easy,drums,comp_ratio2,input,0.8844418525695801,0.7934616804122925,6.037780381769082,1.7036904400198498,3.0370727646220548,1.7760791778564453,0.0
history_000_drums,Cristina Vane - So Easy,drums,comp_ratio2,normalized,1.7861974239349365,1.761453628540039,0.7795336409872391,1.8893082204029064,3.3619849011667995,1.5674968957901,0.0
history_000_drums,Cristina Vane - So Easy,drums,comp_ratio4,input,1.1591517925262451,1.1297720670700073,8.061098024398632,3.237991777557257,4.521340945649539,2.5863020420074463,0.0
history_000_drums,Cristina Vane - So Easy,drums,comp_ratio4,normalized,1.89980149269104,1.8773963451385498,0.9131423422796558,2.192025394804684,4.758162067614743,1.9053189754486084,0.0
history_000_drums,Cristina Vane - So Easy,drums,identity_repeat,input,0.0,0.0,0.0,0.0,0.0,0.0,0.0
history_000_drums,Cristina Vane - So Easy,drums,identity_repeat,normalized,0.0,0.0,0.0,0.0,0.0,0.0,0.0
history_000_vocals,Tom McKenzie - Directions,vocals,identity,input,0.0,0.0,0.0,0.0,0.0,0.0,0.0
history_000_vocals,Tom McKenzie - Directions,vocals,identity,normalized,0.0,0.0,0.0,0.0,0.0,0.0,0.0
history_000_vocals,Tom McKenzie - Directions,vocals,gain_minus6,input,1.1662161350250244,9.986036275222432e-06,6.000000501626577,2.2632354301777013e-07,7.481131620836304e-08,5.117953151057009e-06,0.0
history_000_vocals,Tom McKenzie - Directions,vocals,gain_minus6,normalized,0.005884528160095215,0.005889277905225754,2.442829671878144e-06,2.3727872431322794e-06,0.00015603191092519963,1.7729111277731135e-05,0.0
history_000_vocals,Tom McKenzie - Directions,vocals,gain_plus6,input,1.678209662437439,1.0721682883740868e-05,5.999999784591985,1.6406638891908187e-07,3.924369565050882e-08,3.814697265625e-06,0.0
history_000_vocals,Tom McKenzie - Directions,vocals,gain_plus6,normalized,0.005046614445745945,0.005051489919424057,1.947385754874631e-06,2.2090021829512807e-06,9.483744228536668e-05,1.9895027435268275e-05,0.0
history_000_vocals,Tom McKenzie - Directions,vocals,eq_minus6,input,0.3155122995376587,0.37138843536376953,1.8794713004965367,0.31792667991066637,1.0403383063193414,1.4791663885116577,0.0
history_000_vocals,Tom McKenzie - Directions,vocals,eq_minus6,normalized,0.22436124086380005,0.22442536056041718,0.005327164172470589,0.9246916304650483,0.05620189365559302,0.006173056084662676,0.0
history_000_vocals,Tom McKenzie - Directions,vocals,eq_plus6,input,0.46067771315574646,0.4442245364189148,2.5570669730242344,1.458601358449009,1.1767998948224174,1.52611243724823,0.0
history_000_vocals,Tom McKenzie - Directions,vocals,eq_plus6,normalized,0.23364955186843872,0.23260244727134705,0.03929806311659334,0.4735524267286628,0.14830700929513083,0.05585034191608429,0.0
history_000_vocals,Tom McKenzie - Directions,vocals,comp_ratio2,input,0.6408830881118774,0.6000980138778687,4.755574472772167,1.4428954880627245,2.2307505592546284,0.977253258228302,0.0
history_000_vocals,Tom McKenzie - Directions,vocals,comp_ratio2,normalized,0.5491470098495483,0.5673771500587463,0.2762387503131194,1.7909836406265747,1.5043355156970324,0.11652271449565887,0.0
history_000_vocals,Tom McKenzie - Directions,vocals,comp_ratio4,input,0.8771066665649414,0.9140769839286804,6.9634574666135265,1.883408812280564,3.337410321876261,1.5138896703720093,0.0
history_000_vocals,Tom McKenzie - Directions,vocals,comp_ratio4,normalized,0.7754093408584595,0.7879550457000732,0.1622916768331777,1.8745930643429638,2.2760046056443253,0.2089846134185791,0.0
history_000_vocals,Tom McKenzie - Directions,vocals,identity_repeat,input,0.0,0.0,0.0,0.0,0.0,0.0,0.0
history_000_vocals,Tom McKenzie - Directions,vocals,identity_repeat,normalized,0.0,0.0,0.0,0.0,0.0,0.0,0.0
history_000_other,Bobby Nobody - Stitch Up,other,identity,input,0.0,0.0,0.0,0.0,0.0,0.0,0.0
history_000_other,Bobby Nobody - Stitch Up,other,identity,normalized,0.0,0.0,0.0,0.0,0.0,0.0,0.0
history_000_other,Bobby Nobody - Stitch Up,other,gain_minus6,input,1.1446342468261719,5.551460708375089e-05,6.000000467594628,3.040008280663642e-07,8.443599533984296e-09,4.178791641606949e-06,0.0
history_000_other,Bobby Nobody - Stitch Up,other,gain_minus6,normalized,0.010079894214868546,0.01008566003292799,9.103592724102327e-07,7.088649311981499e-08,2.6628048979629238e-05,1.0923630725301336e-05,0.0
history_000_other,Bobby Nobody - Stitch Up,other,gain_plus6,input,1.6726961135864258,6.395115633495152e-05,5.999999799010741,1.841192798224256e-08,8.573904369206958e-09,3.814697265625e-06,0.0
history_000_other,Bobby Nobody - Stitch Up,other,gain_plus6,normalized,0.009342903271317482,0.009342903271317482,3.4678048876912726e-07,5.55666556323331e-07,2.68951013262634e-05,1.0377098988101352e-05,0.0
history_000_other,Bobby Nobody - Stitch Up,other,eq_minus6,input,0.25441640615463257,0.29965436458587646,1.2295701577913434,0.204813350327818,0.357366396034669,1.6896634101867676,0.0
history_000_other,Bobby Nobody - Stitch Up,other,eq_minus6,normalized,0.1395026445388794,0.1383320689201355,0.04366152790590405,0.07123140925410176,0.041402283127873474,0.027680261060595512,0.0
history_000_other,Bobby Nobody - Stitch Up,other,eq_plus6,input,0.3834225833415985,0.40502065420150757,1.88285318503765,0.20010536971668458,0.48757271772825406,1.7761726379394531,0.0
history_000_other,Bobby Nobody - Stitch Up,other,eq_plus6,normalized,0.15442609786987305,0.14904551208019257,0.11949550548662202,0.4228156548191411,0.07224688318286987,0.03838424012064934,0.0
history_000_other,Bobby Nobody - Stitch Up,other,comp_ratio2,input,1.0500426292419434,0.1943657398223877,5.552272580093781,1.8256941913841054,0.8250797535265266,0.216501846909523,0.0
history_000_other,Bobby Nobody - Stitch Up,other,comp_ratio2,normalized,0.5883812308311462,0.291728675365448,2.377438739235828,1.071719801184683,0.9747155712462298,0.7403311729431152,0.0
history_000_other,Bobby Nobody - Stitch Up,other,comp_ratio4,input,1.4580028057098389,0.2899525761604309,8.261234617451834,2.202837000702388,1.2316172816282824,0.3235424757003784,0.0
history_000_other,Bobby Nobody - Stitch Up,other,comp_ratio4,normalized,0.7524914145469666,0.3669540584087372,3.2204262465736555,1.2776337681917038,1.2787395796943855,0.977741539478302,0.0
history_000_other,Bobby Nobody - Stitch Up,other,identity_repeat,input,0.0,0.0,0.0,0.0,0.0,0.0,0.0
history_000_other,Bobby Nobody - Stitch Up,other,identity_repeat,normalized,0.0,0.0,0.0,0.0,0.0,0.0,0.0
history_001_bass,Raft Monk - Tiring,bass,identity,input,0.0,0.0,0.0,0.0,0.0,0.0,0.0
history_001_bass,Raft Monk - Tiring,bass,identity,normalized,0.0,0.0,0.0,0.0,0.0,0.0,0.0
history_001_bass,Raft Monk - Tiring,bass,gain_minus6,input,1.0948691368103027,0.00010562106035649776,6.000000514544347,1.490420409311355e-07,7.810460932730986e-09,3.4119689189537894e-06,0.0
history_001_bass,Raft Monk - Tiring,bass,gain_minus6,normalized,0.027450159192085266,0.02748364955186844,1.5406106612658732e-06,1.6047809410224545e-06,3.42838892301326e-05,2.6263298423145898e-05,0.0
history_001_bass,Raft Monk - Tiring,bass,gain_plus6,input,1.6573853492736816,0.00012489757500588894,5.999999783440636,1.010013530589049e-07,7.755412121989943e-09,4.178791641606949e-06,0.0
history_001_bass,Raft Monk - Tiring,bass,gain_plus6,normalized,0.039703961461782455,0.03972547501325607,4.467593793577862e-06,4.610263662385705e-06,3.318603461592576e-05,0.00014563952572643757,0.0
history_001_bass,Raft Monk - Tiring,bass,eq_minus6,input,0.11447185277938843,0.1121220588684082,0.17226433368207594,0.15928994862336765,0.06580188180618876,1.6829071044921875,0.0
history_001_bass,Raft Monk - Tiring,bass,eq_minus6,normalized,0.3622448444366455,0.3622506856918335,0.0056431464811872445,0.04537525279673105,0.05691425731409382,0.009396892972290516,0.0
history_001_bass,Raft Monk - Tiring,bass,eq_plus6,input,0.1305442899465561,0.12843400239944458,0.22234122069219353,0.25975266540091013,0.09578761007964995,1.7726001739501953,0.0
history_001_bass,Raft Monk - Tiring,bass,eq_plus6,normalized,0.3629489839076996,0.36313962936401367,0.028129911276028707,0.06326152062289836,0.09509479767252685,0.016330482438206673,0.0
history_001_bass,Raft Monk - Tiring,bass,comp_ratio2,input,0.7506169080734253,0.20382671058177948,4.066862504305941,1.3961241339184163,0.976819202285717,0.28744858503341675,0.0
history_001_bass,Raft Monk - Tiring,bass,comp_ratio2,normalized,1.4981601238250732,1.5041112899780273,0.15125501167101518,1.4107125532561966,0.9705414620513767,0.837181031703949,0.0
history_001_bass,Raft Monk - Tiring,bass,comp_ratio4,input,1.0468460321426392,0.30836600065231323,6.01661697411971,0.8523386468000602,1.46543636103392,0.4378661513328552,0.0
history_001_bass,Raft Monk - Tiring,bass,comp_ratio4,normalized,1.5082148313522339,1.5183422565460205,0.25813794585615213,1.0821152636437539,1.2488829845455618,0.938531756401062,0.0
history_001_drums,Moosmusic - Big Dummy Shake,drums,identity,input,0.0,0.0,0.0,0.0,0.0,0.0,0.0
history_001_drums,Moosmusic - Big Dummy Shake,drums,identity,normalized,0.0,0.0,0.0,0.0,0.0,0.0,0.0
history_001_drums,Moosmusic - Big Dummy Shake,drums,gain_minus6,input,1.1242753267288208,1.9182427422492765e-05,6.000000478358036,3.179764895833159e-07,0.880100013544019,0.0,0.0
history_001_drums,Moosmusic - Big Dummy Shake,drums,gain_minus6,normalized,0.020417144522070885,0.02042010799050331,9.162354778879944e-06,9.617512752413404e-06,0.005277242212280948,2.269664764753543e-05,0.0
history_001_drums,Moosmusic - Big Dummy Shake,drums,gain_plus6,input,1.651221513748169,2.1936692064628005e-05,5.999999772642415,4.214103075383946e-07,0.8800999477199288,4.825252744922182e-06,0.0
history_001_drums,Moosmusic - Big Dummy Shake,drums,gain_plus6,normalized,0.02121276780962944,0.02121453545987606,4.739648943541397e-06,5.736959579394352e-06,0.001875015517469227,9.027221494761761e-06,0.0
history_001_drums,Moosmusic - Big Dummy Shake,drums,eq_minus6,input,0.13738691806793213,0.1425095796585083,0.3104099533012281,0.3562114487843253,5.029588948491081,1.7901835441589355,0.0
history_001_drums,Moosmusic - Big Dummy Shake,drums,eq_minus6,normalized,0.2259000539779663,0.24487122893333435,0.2843315319568873,0.1518890135347739,0.2638630650826589,0.10351619869470596,0.0
history_001_drums,Moosmusic - Big Dummy Shake,drums,eq_plus6,input,0.18106165528297424,0.18971388041973114,0.5011159389936921,2.179709729492288,5.042061770337045,1.8071287870407104,0.0
history_001_drums,Moosmusic - Big Dummy Shake,drums,eq_plus6,normalized,0.22709593176841736,0.24655577540397644,0.2912281355833173,1.1398913149783816,0.2721288041764751,0.11122268438339233,0.0
history_001_drums,Moosmusic - Big Dummy Shake,drums,comp_ratio2,input,0.5936963558197021,0.49643993377685547,3.3178770340145824,4.022216777461097,1.9709428368552318,0.9085491299629211,0.0
history_001_drums,Moosmusic - Big Dummy Shake,drums,comp_ratio2,normalized,1.618875503540039,1.6431574821472168,0.5484711879336501,5.541694725867952,3.9891528308078983,1.9943889379501343,0.0
history_001_drums,Moosmusic - Big Dummy Shake,drums,comp_ratio4,input,0.8086347579956055,0.7253189086914062,4.643322367947633,5.7254648299265725,2.929516733386848,1.3553601503372192,0.0
history_001_drums,Moosmusic - Big Dummy Shake,drums,comp_ratio4,normalized,1.6341378688812256,1.6573238372802734,0.5225761130728799,6.782565670069193,4.5397477884798265,2.006114959716797,0.0
history_001_vocals,Raft Monk - Tiring,vocals,identity,input,0.0,0.0,0.0,0.0,0.0,0.0,0.0
history_001_vocals,Raft Monk - Tiring,vocals,identity,normalized,0.0,0.0,0.0,0.0,0.0,0.0,0.0
history_001_vocals,Raft Monk - Tiring,vocals,gain_minus6,input,1.1805684566497803,1.1533005817909725e-05,6.000000469071921,1.3229588802232684e-07,9.083221365318399e-09,9.027221494761761e-06,0.0
history_001_vocals,Raft Monk - Tiring,vocals,gain_minus6,normalized,0.002449997700750828,0.0024597516749054193,6.499512430480081e-07,9.068774105003286e-07,2.8884227735829337e-05,3.4119689189537894e-06,0.0
history_001_vocals,Raft Monk - Tiring,vocals,gain_plus6,input,1.68324613571167,1.3325781765161082e-05,5.999999770283917,3.7519157558563165e-08,8.778792063721222e-09,8.001776222954504e-06,0.0
history_001_vocals,Raft Monk - Tiring,vocals,gain_plus6,normalized,0.0016793356044217944,0.0016894558211788535,9.406078476104085e-07,8.28393226015578e-07,2.9431027524469425e-05,4.825252744922182e-06,0.0
history_001_vocals,Raft Monk - Tiring,vocals,eq_minus6,input,0.3088974058628082,0.3639628291130066,1.9782487208459791,0.9254665819037271,0.6491413814557049,1.553468108177185,0.0
history_001_vocals,Raft Monk - Tiring,vocals,eq_minus6,normalized,0.1549476981163025,0.1545792669057846,0.024476405960559333,1.1614802520855498,0.05374796359216725,0.017688268795609474,0.0
history_001_vocals,Raft Monk - Tiring,vocals,eq_plus6,input,0.46290022134780884,0.45185112953186035,2.5452554020257168,0.7789544536385051,0.8724978168460832,1.6428743600845337,0.0
history_001_vocals,Raft Monk - Tiring,vocals,eq_plus6,normalized,1.6182129383087158,1.6252021789550781,0.16305817328511552,0.41855877110098305,1.9538507368165947,0.6296272873878479,0.0
history_001_vocals,Raft Monk - Tiring,vocals,comp_ratio2,input,0.7728866338729858,0.2521522641181946,4.074413926136618,1.5351689661542522,1.3895935898170262,1.275416612625122,0.0
history_001_vocals,Raft Monk - Tiring,vocals,comp_ratio2,normalized,0.376041978597641,0.37761569023132324,0.30970998028052676,1.6518874567113997,1.4300582417911294,0.2563570439815521,0.0
history_001_vocals,Raft Monk - Tiring,vocals,comp_ratio4,input,1.09385085105896,0.38181769847869873,6.017791785950081,1.9848188968362486,2.074416465628833,1.9492095708847046,0.0
history_001_vocals,Raft Monk - Tiring,vocals,comp_ratio4,normalized,0.5567461252212524,0.5631978511810303,0.41836457007899597,2.019167086813507,2.1170549819139874,0.3294050693511963,0.0
history_001_other,Georgia Wonder - Siren,other,identity,input,0.0,0.0,0.0,0.0,0.0,0.0,0.0
history_001_other,Georgia Wonder - Siren,other,identity,normalized,0.0,0.0,0.0,0.0,0.0,0.0,0.0
history_001_other,Georgia Wonder - Siren,other,gain_minus6,input,1.1236529350280762,1.274577334697824e-05,6.000000467981515,2.2477735228676465e-08,9.257213331138862e-09,3.4119689189537894e-06,0.0
history_001_other,Georgia Wonder - Siren,other,gain_minus6,normalized,0.004323313012719154,0.004339942708611488,1.1393314025553991e-06,6.09316565203244e-07,3.8038018527627306e-05,8.357583283213899e-06,0.0
history_001_other,Georgia Wonder - Siren,other,gain_plus6,input,1.659021258354187,1.4014081898494624e-05,5.999999781347814,3.7142321218652796e-08,8.785937873026267e-09,0.0,0.0
history_001_other,Georgia Wonder - Siren,other,gain_plus6,normalized,0.005212033167481422,0.005212033167481422,4.5238154910975936e-07,6.603862630072399e-07,4.5498714378377915e-05,4.8493191570742056e-05,0.0
history_001_other,Georgia Wonder - Siren,other,eq_minus6,input,0.32497215270996094,0.3874243199825287,2.090105384531398,0.9411086514240878,0.3801857811764078,1.5001788139343262,0.0
history_001_other,Georgia Wonder - Siren,other,eq_minus6,normalized,0.333432137966156,0.33337241411209106,0.014569763579928008,0.12649402025244072,0.04692206292138503,0.018407383933663368,0.0
history_001_other,Georgia Wonder - Siren,other,eq_plus6,input,0.4916834831237793,0.4598158597946167,2.7511779663790463,0.19107304787881674,0.43573902680613286,1.5725057125091553,0.0
history_001_other,Georgia Wonder - Siren,other,eq_plus6,normalized,0.33815428614616394,0.33844515681266785,0.018249163222563425,0.36116629196049743,0.05109545463285676,0.023199569433927536,0.0
history_001_other,Georgia Wonder - Siren,other,comp_ratio2,input,0.33568620681762695,0.21353471279144287,1.619272189871694,2.234579379605229,0.8517824305944615,0.19094271957874298,0.0
history_001_other,Georgia Wonder - Siren,other,comp_ratio2,normalized,0.7468550205230713,0.4141380488872528,2.406619507879917,1.5885484940693892,0.9531147180608559,0.1466870903968811,0.0
history_001_other,Georgia Wonder - Siren,other,comp_ratio4,input,0.4819866120815277,0.31695792078971863,2.3472268143215445,3.3082527276041525,1.2671691221327879,0.28495022654533386,0.0
history_001_other,Georgia Wonder - Siren,other,comp_ratio4,normalized,1.9275643825531006,1.6252086162567139,3.32564577831846,3.020648711487322,1.93333455693774,1.1379985809326172,0.0
history_002_bass,We Fell From The Sky - Not You,bass,identity,input,0.0,0.0,0.0,0.0,0.0,0.0,0.0
history_002_bass,We Fell From The Sky - Not You,bass,identity,normalized,0.0,0.0,0.0,0.0,0.0,0.0,0.0
history_002_bass,We Fell From The Sky - Not You,bass,gain_minus6,input,1.109752893447876,4.169382373220287e-05,6.000000524477283,2.7886573050750485e-07,3.0487992786476237e-07,5.117953151057009e-06,0.0
history_002_bass,We Fell From The Sky - Not You,bass,gain_minus6,normalized,0.024012655019760132,0.024044491350650787,1.0781659405267874e-06,5.955386903622184e-07,0.0003980524926329143,0.00011605711188167334,0.0
history_002_bass,We Fell From The Sky - Not You,bass,gain_plus6,input,1.663543701171875,4.769766383105889e-05,5.99999979441975,1.8047871463977572e-07,1.43134320967256e-07,5.394796517066425e-06,0.0
history_002_bass,We Fell From The Sky - Not You,bass,gain_plus6,normalized,0.01252826303243637,0.012567485682666302,7.236515386921383e-07,7.975438229834708e-07,0.00036552285049795143,4.346077184891328e-05,0.0
history_002_bass,We Fell From The Sky - Not You,bass,eq_minus6,input,0.11236470937728882,0.11087852716445923,0.20765689205005344,0.0012146912460337944,0.18472059450938294,1.61850905418396,0.0
history_002_bass,We Fell From The Sky - Not You,bass,eq_minus6,normalized,0.4221190810203552,0.4219279885292053,0.0260722101640809,0.029640804800608933,0.10774750186828042,0.013418180868029594,0.0
history_002_bass,We Fell From The Sky - Not You,bass,eq_plus6,input,0.12248837947845459,0.12048697471618652,0.2336264840003821,0.027568478717059364,0.22692795073389435,1.7144120931625366,0.0
history_002_bass,We Fell From The Sky - Not You,bass,eq_plus6,normalized,0.4123142659664154,0.4123067557811737,0.0007061533164218758,0.036678784922619556,0.08539736567996252,0.012301306240260601,0.0
history_002_bass,We Fell From The Sky - Not You,bass,comp_ratio2,input,0.8554457426071167,0.442308247089386,5.4539932214002,1.863314734850885,2.222781164440892,1.340192437171936,0.0
history_002_bass,We Fell From The Sky - Not You,bass,comp_ratio2,normalized,1.582165241241455,1.5977157354354858,0.8574096095719881,0.9628311285390136,2.3649663950931634,2.260179042816162,0.0
history_002_bass,We Fell From The Sky - Not You,bass,comp_ratio4,input,1.152207374572754,0.6574020385742188,7.908028355153032,0.8373879700941593,3.293853502322125,2.005403518676758,0.0
history_002_bass,We Fell From The Sky - Not You,bass,comp_ratio4,normalized,1.611119270324707,1.634493350982666,1.2764651039389925,1.8861266826843437,2.91217455034767,2.553577184677124,0.0
history_002_drums,PR - Oh No,drums,identity,input,0.0,0.0,0.0,0.0,0.0,0.0,0.0
history_002_drums,PR - Oh No,drums,identity,normalized,0.0,0.0,0.0,0.0,0.0,0.0,0.0
history_002_drums,PR - Oh No,drums,gain_minus6,input,1.1819877624511719,1.165510548162274e-05,6.0000004868326435,3.068301239750326e-07,1.1082176459149695e-08,6.151014531496912e-06,0.0
history_002_drums,PR - Oh No,drums,gain_minus6,normalized,0.006898609455674887,0.006916343234479427,5.558686737572316e-07,2.0757332919174587e-07,0.00043500228167385436,1.8997039660462178e-05,0.0
history_002_drums,PR - Oh No,drums,gain_plus6,input,1.6835535764694214,1.3963503079139628e-05,5.999999788597627,2.017712219526402e-08,9.512214246335242e-09,2.954851879621856e-06,0.0
history_002_drums,PR - Oh No,drums,gain_plus6,normalized,0.013787789270281792,0.01379682682454586,2.578442739320508e-06,1.60852776076581e-06,0.00035826737005725134,1.4872427527734544e-05,0.0
history_002_drums,PR - Oh No,drums,eq_minus6,input,0.1562628298997879,0.172512024641037,0.4402846502048412,1.2156364424728459,0.8670292143054774,1.6544153690338135,0.0
history_002_drums,PR - Oh No,drums,eq_minus6,normalized,0.18131141364574432,0.18131035566329956,0.0001427194913077301,0.05826561903329619,0.06737722910370476,0.009111491963267326,0.0
history_002_drums,PR - Oh No,drums,eq_plus6,input,0.21482592821121216,0.24521981179714203,0.7988250665679715,1.7003550670426115,1.079258419907086,1.7273993492126465,0.0
history_002_drums,PR - Oh No,drums,eq_plus6,normalized,0.18115770816802979,0.1811583936214447,0.00011642279804391364,0.032588530808265403,0.0645682654908955,0.009254715405404568,0.0
history_002_drums,PR - Oh No,drums,comp_ratio2,input,0.7496587634086609,0.5529070496559143,4.2712162107532485,0.7131606609903685,2.431252398013389,1.3944718837738037,0.0
history_002_drums,PR - Oh No,drums,comp_ratio2,normalized,0.660963237285614,0.6459319591522217,0.20131864538470268,1.396170720201905,2.528238542563774,1.4966044425964355,0.0
history_002_drums,PR - Oh No,drums,comp_ratio4,input,1.0220885276794434,0.8141696453094482,5.916153041557923,2.499800032841055,3.640781528013853,2.0914671421051025,0.0
history_002_drums,PR - Oh No,drums,comp_ratio4,normalized,0.8376450538635254,0.815182089805603,0.2724643627386669,2.2913939620772226,3.2446251948943394,1.6142559051513672,0.0
history_002_vocals,Sambasevam Shanmugam - Kaathaadi,vocals,identity,input,0.0,0.0,0.0,0.0,0.0,0.0,0.0
history_002_vocals,Sambasevam Shanmugam - Kaathaadi,vocals,identity,normalized,0.0,0.0,0.0,0.0,0.0,0.0,0.0
history_002_vocals,Sambasevam Shanmugam - Kaathaadi,vocals,gain_minus6,input,1.1050448417663574,2.052433046628721e-05,6.000000507911896,3.2337525546211054e-07,1.0956281959452646e-08,5.909703759243712e-06,0.0
history_002_vocals,Sambasevam Shanmugam - Kaathaadi,vocals,gain_minus6,normalized,0.013857288286089897,0.013870202004909515,3.581191698742714e-06,3.800847281354436e-06,0.0001302612764172863,1.3214498721936252e-05,0.0
history_002_vocals,Sambasevam Shanmugam - Kaathaadi,vocals,gain_plus6,input,1.6452717781066895,2.3287850126507692e-05,5.999999805176266,2.2150331879799978e-07,8.799414787548697e-09,5.909703759243712e-06,0.0
history_002_vocals,Sambasevam Shanmugam - Kaathaadi,vocals,gain_plus6,normalized,0.012217435985803604,0.012229032814502716,5.575574633098768e-07,7.350040434062066e-07,0.0001380027446000697,1.2302029062993824e-05,0.0
history_002_vocals,Sambasevam Shanmugam - Kaathaadi,vocals,eq_minus6,input,0.354703426361084,0.4231954514980316,2.2406516844660658,1.0614481572232624,1.0761561997216185,1.5972143411636353,0.0
history_002_vocals,Sambasevam Shanmugam - Kaathaadi,vocals,eq_minus6,normalized,1.5462932586669922,1.551805853843689,0.11921679513004335,0.28250244835129834,1.1788621894015598,0.11672791093587875,0.0
history_002_vocals,Sambasevam Shanmugam - Kaathaadi,vocals,eq_plus6,input,0.5651364922523499,0.5083472728729248,3.1274984513875346,1.485591696919128,1.243944766684731,1.6808208227157593,0.0
history_002_vocals,Sambasevam Shanmugam - Kaathaadi,vocals,eq_plus6,normalized,0.23587480187416077,0.23589009046554565,0.0014690836896740223,0.34037900960136724,0.04154569340477356,0.003704419359564781,0.0
history_002_vocals,Sambasevam Shanmugam - Kaathaadi,vocals,comp_ratio2,input,0.6313478350639343,0.35743969678878784,3.6622771837603487,2.2929552859256948,1.784801512241835,1.3283096551895142,0.0
history_002_vocals,Sambasevam Shanmugam - Kaathaadi,vocals,comp_ratio2,normalized,0.4786164164543152,0.45450329780578613,0.5470611909047953,0.7771755185188631,1.5957976126914433,0.6692625284194946,0.0
history_002_vocals,Sambasevam Shanmugam - Kaathaadi,vocals,comp_ratio4,input,0.8828573226928711,0.5348891615867615,5.278260523731799,2.309553285757472,2.673826745703418,1.990837574005127,0.0
history_002_vocals,Sambasevam Shanmugam - Kaathaadi,vocals,comp_ratio4,normalized,0.6357544660568237,0.6039989590644836,0.719652649429996,0.5800507956710454,2.397346514424124,0.9705096483230591,0.0
history_002_other,Enda Reilly - Cur An Long Ag Seol,other,identity,input,0.0,0.0,0.0,0.0,0.0,0.0,0.0
history_002_other,Enda Reilly - Cur An Long Ag Seol,other,identity,normalized,0.0,0.0,0.0,0.0,0.0,0.0,0.0
history_002_other,Enda Reilly - Cur An Long Ag Seol,other,gain_minus6,input,1.1614562273025513,1.2074449841747992e-05,6.000000481005149,3.082320887415335e-07,9.326739189397779e-09,8.357583283213899e-06,0.0
history_002_other,Enda Reilly - Cur An Long Ag Seol,other,gain_minus6,normalized,0.020989984273910522,0.020989984273910522,1.1186331150270235e-07,3.002053645673186e-07,4.832415279560584e-05,0.00012216564209666103,0.0
history_002_other,Enda Reilly - Cur An Long Ag Seol,other,gain_plus6,input,1.6713875532150269,1.3594661140814424e-05,5.999999781067668,2.0120562993497515e-08,8.789081647471796e-09,4.178791641606949e-06,0.0
history_002_other,Enda Reilly - Cur An Long Ag Seol,other,gain_plus6,normalized,0.01841777376830578,0.018436649814248085,9.203084943010253e-07,7.5290802925565e-07,4.921733379378758e-05,7.428382377838716e-05,0.0
history_002_other,Enda Reilly - Cur An Long Ag Seol,other,eq_minus6,input,0.2869487404823303,0.34511908888816833,1.5755892953432138,1.1738140980612712,0.5341338302732066,1.7290898561477661,0.0
history_002_other,Enda Reilly - Cur An Long Ag Seol,other,eq_minus6,normalized,0.2944793701171875,0.29441648721694946,0.00844300680316934,0.15164975665339853,0.04233178575122906,0.016175080090761185,0.0
history_002_other,Enda Reilly - Cur An Long Ag Seol,other,eq_plus6,input,0.44300755858421326,0.4562976062297821,2.322334869061198,0.8400473498500354,0.7290878079644353,1.8051663637161255,0.0
history_002_other,Enda Reilly - Cur An Long Ag Seol,other,eq_plus6,normalized,0.292777955532074,0.2927558422088623,0.00408236676088336,0.1795651020281781,0.041075416333958004,0.014848866499960423,0.0
history_002_other,Enda Reilly - Cur An Long Ag Seol,other,comp_ratio2,input,1.0158768892288208,0.3643244206905365,5.579076232127793,4.154117544684002,1.3493674093671937,0.5618661642074585,0.0
history_002_other,Enda Reilly - Cur An Long Ag Seol,other,comp_ratio2,normalized,0.5878468155860901,0.6082481145858765,0.8766654034189472,4.152547452952398,1.3963154072936481,1.208971619606018,0.0
history_002_other,Enda Reilly - Cur An Long Ag Seol,other,comp_ratio4,input,1.4080299139022827,0.5246307253837585,8.131510692626367,3.545881995748978,2.0032368593708405,0.7642822861671448,0.0
history_002_other,Enda Reilly - Cur An Long Ag Seol,other,comp_ratio4,normalized,1.7544920444488525,1.8077272176742554,1.2532389323522644,3.9411263674708046,2.0303937761658455,1.6867783069610596,0.0
history_003_bass,Girls Under Glass - We Feel Alright,bass,identity,input,0.0,0.0,0.0,0.0,0.0,0.0,0.0
history_003_bass,Girls Under Glass - We Feel Alright,bass,identity,normalized,0.0,0.0,0.0,0.0,0.0,0.0,0.0
history_003_bass,Girls Under Glass - We Feel Alright,bass,gain_minus6,input,1.0720484256744385,7.646789163118228e-05,6.000000514789612,3.0125663030844407e-07,1.2542555091411115e-08,3.814697265625e-06,0.0
history_003_bass,Girls Under Glass - We Feel Alright,bass,gain_minus6,normalized,0.017335407435894012,0.01737254671752453,2.941214866325481e-06,3.20681755994201e-06,3.26242046231637e-05,7.552715396741405e-05,0.0
history_003_bass,Girls Under Glass - We Feel Alright,bass,gain_plus6,input,1.641996145248413,8.955419616540894e-05,5.999999774728643,1.8720324845844516e-08,8.570368679285897e-09,4.825252744922182e-06,0.0
history_003_bass,Girls Under Glass - We Feel Alright,bass,gain_plus6,normalized,0.024294644594192505,0.0243286844342947,2.6817867464501433e-06,3.1965626376972978e-06,5.23590425524192e-05,0.0003497226571198553,0.0
history_003_bass,Girls Under Glass - We Feel Alright,bass,eq_minus6,input,0.14902204275131226,0.15610969066619873,0.3954327104521198,0.28297279716348456,0.230072170550828,1.5911304950714111,0.0
history_003_bass,Girls Under Glass - We Feel Alright,bass,eq_minus6,normalized,0.38048359751701355,0.38046979904174805,0.0018949371885668143,0.012485755101842244,0.14503339705850762,0.004144563805311918,0.0
history_003_bass,Girls Under Glass - We Feel Alright,bass,eq_plus6,input,0.19268175959587097,0.20461809635162354,0.643812999187336,3.3193776574200715,0.3322269527960779,1.6708747148513794,0.0
history_003_bass,Girls Under Glass - We Feel Alright,bass,eq_plus6,normalized,0.38386857509613037,0.3839348256587982,0.003790571633949469,0.11397395592519288,0.1633033126260427,0.013405785895884037,0.0
history_003_bass,Girls Under Glass - We Feel Alright,bass,comp_ratio2,input,0.6932815909385681,0.3688439726829529,3.997998044598802,2.1223798195991623,1.633068595632613,0.6661104559898376,0.0
history_003_bass,Girls Under Glass - We Feel Alright,bass,comp_ratio2,normalized,1.5506089925765991,1.5597188472747803,0.1945418723353356,0.480047036744665,2.59492185106053,1.4294863939285278,0.0
history_003_bass,Girls Under Glass - We Feel Alright,bass,comp_ratio4,input,0.95273756980896,0.5454766154289246,5.763394484170362,3.452198071561419,2.4390251246681123,1.0191810131072998,0.0
history_003_bass,Girls Under Glass - We Feel Alright,bass,comp_ratio4,normalized,1.5871790647506714,1.5929994583129883,0.11710514379166881,0.5843524106232074,3.3188617430293963,1.791927695274353,0.0
history_003_drums,Signe Jakobsen - What Have You Done To Me,drums,identity,input,0.0,0.0,0.0,0.0,0.0,0.0,0.0
history_003_drums,Signe Jakobsen - What Have You Done To Me,drums,identity,normalized,0.0,0.0,0.0,0.0,0.0,0.0,0.0
history_003_drums,Signe Jakobsen - What Have You Done To Me,drums,gain_minus6,input,1.1755039691925049,6.575269708264386e-06,6.000000481207437,3.326709681061857e-07,1.3757240573594771e-08,7.033954261714825e-06,0.0
history_003_drums,Signe Jakobsen - What Have You Done To Me,drums,gain_minus6,normalized,0.009093969129025936,0.009098608046770096,2.9169577402399227e-06,4.162591700662688e-06,0.00010677376220791469,7.033954261714825e-06,0.0
history_003_drums,Signe Jakobsen - What Have You Done To Me,drums,gain_plus6,input,1.6820590496063232,7.0850019255885854e-06,5.999999813277526,4.978147671863553e-08,8.85061351931479e-09,5.909703759243712e-06,0.0
history_003_drums,Signe Jakobsen - What Have You Done To Me,drums,gain_plus6,normalized,0.0025789723731577396,0.0025849193334579468,3.0193029871838917e-06,3.571921446621218e-06,5.867300354105012e-05,5.117953151057009e-06,0.0
history_003_drums,Signe Jakobsen - What Have You Done To Me,drums,eq_minus6,input,0.14831513166427612,0.16240501403808594,0.4489306169875782,0.23862735315680084,0.42001174798095253,1.6467171907424927,0.0
history_003_drums,Signe Jakobsen - What Have You Done To Me,drums,eq_minus6,normalized,0.18411549925804138,0.18411539494991302,0.000850057407333793,0.06519726458680708,0.057943889870626916,0.007082796189934015,0.0
history_003_drums,Signe Jakobsen - What Have You Done To Me,drums,eq_plus6,input,0.19175413250923157,0.21324613690376282,0.6874874225145255,1.569375413677406,0.6529422095895068,1.7197306156158447,0.0
history_003_drums,Signe Jakobsen - What Have You Done To Me,drums,eq_plus6,normalized,0.18449321389198303,0.1844816505908966,0.001072451745393721,0.006642184696197262,0.05419889982849868,0.00745610985904932,0.0
history_003_drums,Signe Jakobsen - What Have You Done To Me,drums,comp_ratio2,input,0.9686609506607056,0.7838146090507507,6.499318275013394,1.2369621112419154,3.024802451064589,0.9881971478462219,0.0
history_003_drums,Signe Jakobsen - What Have You Done To Me,drums,comp_ratio2,normalized,0.7957362532615662,0.7937976121902466,0.28426296493871206,3.5368900569595034,3.2314077901003224,0.884982705116272,0.0
history_003_drums,Signe Jakobsen - What Have You Done To Me,drums,comp_ratio4,input,1.2831604480743408,1.1176934242248535,8.978769569420216,2.306254548023496,4.4993102213530145,1.3306117057800293,0.0
history_003_drums,Signe Jakobsen - What Have You Done To Me,drums,comp_ratio4,normalized,1.0624363422393799,1.0535310506820679,0.5515545131667636,4.328057367558149,4.657960575528222,1.0676647424697876,0.0
history_003_vocals,Nerve 9 - Pray For The Rain,vocals,identity,input,0.0,0.0,0.0,0.0,0.0,0.0,0.0
history_003_vocals,Nerve 9 - Pray For The Rain,vocals,identity,normalized,0.0,0.0,0.0,0.0,0.0,0.0,0.0
history_003_vocals,Nerve 9 - Pray For The Rain,vocals,gain_minus6,input,1.179736852645874,8.781982614891604e-06,6.000000485506295,1.51877806331413e-07,5.201320679683281e-08,5.909703759243712e-06,0.0
history_003_vocals,Nerve 9 - Pray For The Rain,vocals,gain_minus6,normalized,0.011252391152083874,0.01125742681324482,2.7483773905601083e-06,3.127181813056268e-06,8.17541030195068e-05,1.406790852342965e-05,0.0
history_003_vocals,Nerve 9 - Pray For The Rain,vocals,gain_plus6,input,1.6832401752471924,9.716844942886382e-06,5.999999780456406,2.153814193661674e-07,2.2229075089532882e-08,5.117953151057009e-06,0.0
history_003_vocals,Nerve 9 - Pray For The Rain,vocals,gain_plus6,normalized,0.011976515874266624,0.011981315910816193,3.7157062351411696e-06,2.7773460118396542e-06,8.921750555057957e-05,1.7729111277731135e-05,0.0
history_003_vocals,Nerve 9 - Pray For The Rain,vocals,eq_minus6,input,0.4257240891456604,0.5362539291381836,2.9974044605613166,0.5336322747617963,1.2503963493295325,1.772017478942871,0.0
history_003_vocals,Nerve 9 - Pray For The Rain,vocals,eq_minus6,normalized,0.17367510497570038,0.17365404963493347,0.0021458252581396664,0.016332277011262164,0.03846204425929911,0.004547908902168274,0.0
history_003_vocals,Nerve 9 - Pray For The Rain,vocals,eq_plus6,input,0.7187225818634033,0.6157257556915283,3.9259365882793347,0.02422135535278791,1.398302744732209,1.8420854806900024,0.0
history_003_vocals,Nerve 9 - Pray For The Rain,vocals,eq_plus6,normalized,0.19230268895626068,0.19238822162151337,0.006394809115946032,0.06303659536914807,0.037330871402739364,0.0033905238378793,0.0
history_003_vocals,Nerve 9 - Pray For The Rain,vocals,comp_ratio2,input,0.4951817989349365,0.3137219250202179,2.7387396209426917,0.9381864490354666,1.3792819389172652,0.9779636859893799,0.0
history_003_vocals,Nerve 9 - Pray For The Rain,vocals,comp_ratio2,normalized,0.5722057819366455,0.3781799077987671,1.5972318192935084,1.2207376366625233,1.123300455907103,0.399431437253952,0.0
history_003_vocals,Nerve 9 - Pray For The Rain,vocals,comp_ratio4,input,0.7008311152458191,0.4607583284378052,3.930354548808271,0.4313853866836084,2.0683338538666187,1.5433013439178467,0.0
history_003_vocals,Nerve 9 - Pray For The Rain,vocals,comp_ratio4,normalized,1.8946449756622314,1.7421247959136963,2.1062665437958614,0.44007283338091696,1.7445526794463957,0.5214575529098511,0.0
history_003_other,Secretariat - Borderline,other,identity,input,0.0,0.0,0.0,0.0,0.0,0.0,0.0
history_003_other,Secretariat - Borderline,other,identity,normalized,0.0,0.0,0.0,0.0,0.0,0.0,0.0
history_003_other,Secretariat - Borderline,other,gain_minus6,input,1.1730557680130005,1.1451382306404412e-05,6.000000490468057,2.8339449187342325e-07,8.329917807653432e-09,1.2992391020816285e-05,0.0
history_003_other,Secretariat - Borderline,other,gain_minus6,normalized,0.007804603315889835,0.007821405306458473,3.55357123282829e-07,1.4408171722379848e-07,3.773025658408311e-05,9.027221494761761e-06,0.0
history_003_other,Secretariat - Borderline,other,gain_plus6,input,1.6808980703353882,1.298879215028137e-05,5.999999773995459,2.695774519168026e-07,8.333305316555552e-09,5.909703759243712e-06,0.0
history_003_other,Secretariat - Borderline,other,gain_plus6,normalized,0.00617392361164093,0.00617392361164093,2.5689791272043294e-07,2.2199817806267674e-07,2.6492114168131854e-05,1.9301010979688726e-05,0.0
history_003_other,Secretariat - Borderline,other,eq_minus6,input,0.23830090463161469,0.2747330069541931,1.1265116804628832,1.2211647674696593,0.3209658818462035,1.720194935798645,0.0
history_003_other,Secretariat - Borderline,other,eq_minus6,normalized,0.25242722034454346,0.24723079800605774,0.10319273047880984,0.7383134440101315,0.044117671333993316,0.012129289098083973,0.0
history_003_other,Secretariat - Borderline,other,eq_plus6,input,0.35172927379608154,0.37665292620658875,1.7044007990115162,0.48752565506231704,0.5009564950855266,1.7808780670166016,0.0
history_003_other,Secretariat - Borderline,other,eq_plus6,normalized,0.25809210538864136,0.25135141611099243,0.15901399660440774,0.1327977532878215,0.05876608382257953,0.009131883271038532,0.0
history_003_other,Secretariat - Borderline,other,comp_ratio2,input,0.6823932528495789,0.3496110141277313,3.632613375557039,2.2433430718754614,1.5609011485459492,0.20567820966243744,0.0
history_003_other,Secretariat - Borderline,other,comp_ratio2,normalized,1.6594741344451904,1.5783772468566895,1.2854246754507308,3.3246581184868376,1.76779856279113,0.6585953831672668,0.0
history_003_other,Secretariat - Borderline,other,comp_ratio4,input,0.9586500525474548,0.521338701248169,5.251592205776998,3.1913116920302826,2.3283345415410452,0.32039573788642883,0.0
history_003_other,Secretariat - Borderline,other,comp_ratio4,normalized,1.6813061237335205,1.5752711296081543,1.5224544848198356,4.364521278913042,2.460322166782,0.9848091006278992,0.0
history_004_bass,Zeno - Signs,bass,identity,input,0.0,0.0,0.0,0.0,0.0,0.0,0.0
history_004_bass,Zeno - Signs,bass,identity,normalized,0.0,0.0,0.0,0.0,0.0,0.0,0.0
history_004_bass,Zeno - Signs,bass,gain_minus6,input,1.0522894859313965,8.56540136737749e-05,6.00000052361921,1.0982515874502496e-07,7.738491608449446e-09,5.117953151057009e-06,0.0
history_004_bass,Zeno - Signs,bass,gain_minus6,normalized,0.01319863647222519,0.01319863647222519,6.223954329698245e-08,4.235678510156049e-07,3.0039588313670805e-05,5.512204734259285e-05,0.0
history_004_bass,Zeno - Signs,bass,gain_plus6,input,1.6410932540893555,0.00010013355495175347,5.999999787051106,1.7176743583036114e-07,7.65969198021458e-09,8.001776222954504e-06,0.0
history_004_bass,Zeno - Signs,bass,gain_plus6,normalized,0.01410418190062046,0.014141149818897247,1.1071403029916382e-06,1.0131517704792259e-06,2.564305143417451e-05,7.412693958031014e-05,0.0
history_004_bass,Zeno - Signs,bass,eq_minus6,input,0.1427869349718094,0.14267027378082275,0.40725043041195974,0.2625783935526744,0.2747699618523719,1.6238824129104614,0.0
history_004_bass,Zeno - Signs,bass,eq_minus6,normalized,0.37897413969039917,0.37896665930747986,0.0012611447926360597,0.20581663679365114,0.055642524398282565,0.01329883374273777,0.0
history_004_bass,Zeno - Signs,bass,eq_plus6,input,0.17403924465179443,0.17408034205436707,0.5426131840544102,0.14817652463526088,0.37071379913783553,1.7011765241622925,0.0
history_004_bass,Zeno - Signs,bass,eq_plus6,normalized,0.3788031339645386,0.3788154721260071,0.0012995372325264043,0.09221216672406918,0.05540269568784637,0.013901733793318272,0.0
history_004_bass,Zeno - Signs,bass,comp_ratio2,input,0.8673368692398071,0.2939543128013611,5.080328442527637,2.432831958172688,1.514858329947071,0.7084830403327942,0.0
history_004_bass,Zeno - Signs,bass,comp_ratio2,normalized,1.5458773374557495,1.586957335472107,1.1819705151479276,2.4348481218841815,1.7146789829123328,0.8083972930908203,0.0
history_004_bass,Zeno - Signs,bass,comp_ratio4,input,1.1764507293701172,0.44423478841781616,7.444854083155864,3.4679173532605567,2.268934108815136,1.061471939086914,0.0
history_004_bass,Zeno - Signs,bass,comp_ratio4,normalized,1.5498759746551514,1.6020349264144897,1.7895637784411704,3.4632414587988425,2.384078886608422,1.2039422988891602,0.0
history_004_drums,BKS - Bulldozer,drums,identity,input,0.0,0.0,0.0,0.0,0.0,0.0,0.0
history_004_drums,BKS - Bulldozer,drums,identity,normalized,0.0,0.0,0.0,0.0,0.0,0.0,0.0
history_004_drums,BKS - Bulldozer,drums,gain_minus6,input,1.151126742362976,5.1413167057035025e-06,6.000000443939147,3.009316493773895e-07,2.658852622373656e-07,9.187007890432142e-06,0.0
history_004_drums,BKS - Bulldozer,drums,gain_minus6,normalized,0.003411657642573118,0.0034147517289966345,1.1429813113750242e-06,3.2839952623930913e-06,0.00026584833187092154,1.5353860362665728e-05,0.0
history_004_drums,BKS - Bulldozer,drums,gain_plus6,input,1.6683855056762695,5.3719631978310645e-06,5.999999800765359,1.9761433378562288e-08,1.55797982659816e-07,5.117953151057009e-06,0.0
history_004_drums,BKS - Bulldozer,drums,gain_plus6,normalized,0.0054251328110694885,0.005427716299891472,8.438669716781533e-06,1.1227812045433438e-05,0.0004268268968042523,1.2302029062993824e-05,0.0
history_004_drums,BKS - Bulldozer,drums,eq_minus6,input,0.16860567033290863,0.1830337941646576,0.5108934334700379,0.43164857678178237,0.828359193518424,1.3981850147247314,0.0
history_004_drums,BKS - Bulldozer,drums,eq_minus6,normalized,0.15526172518730164,0.15526284277439117,0.000620111541692836,0.029892069794005494,0.090866531882896,0.007397436536848545,0.0
history_004_drums,BKS - Bulldozer,drums,eq_plus6,input,0.2252725064754486,0.25338423252105713,0.9164094442683393,3.0392844049403465,1.1645516364385966,1.484185814857483,0.0
history_004_drums,BKS - Bulldozer,drums,eq_plus6,normalized,0.15763141214847565,0.15764310956001282,0.0009711068810531742,0.02860342012984063,0.09190991724915135,0.008947630412876606,0.0
history_004_drums,BKS - Bulldozer,drums,comp_ratio2,input,0.8824558258056641,1.0721285343170166,8.046283783335735,1.6140665046666456,3.324489337631418,2.2990307807922363,0.0
history_004_drums,BKS - Bulldozer,drums,comp_ratio2,normalized,1.0842283964157104,1.10502028465271,0.3322364073068087,0.7434281442319524,3.623677051014623,2.497339963912964,0.0
history_004_drums,BKS - Bulldozer,drums,comp_ratio4,input,1.1159359216690063,1.513663649559021,10.703181452112776,2.5767670705237755,4.909379430388768,3.410827875137329,0.0
history_004_drums,BKS - Bulldozer,drums,comp_ratio4,normalized,1.3947722911834717,1.4165449142456055,0.30108762776341536,0.37941558114724216,5.0010826516112274,3.030953884124756,0.0
history_004_vocals,Secretariat - Borderline,vocals,identity,input,0.0,0.0,0.0,0.0,0.0,0.0,0.0
history_004_vocals,Secretariat - Borderline,vocals,identity,normalized,0.0,0.0,0.0,0.0,0.0,0.0,0.0
history_004_vocals,Secretariat - Borderline,vocals,gain_minus6,input,1.1726200580596924,8.00738143880153e-06,6.0000005305727875,5.017314208544121e-07,6.589075958870626e-08,8.357583283213899e-06,0.0
history_004_vocals,Secretariat - Borderline,vocals,gain_minus6,normalized,0.011711757630109787,0.011717550456523895,2.101792695441418e-06,2.271196933634201e-06,0.00016666806746879376,8.357583283213899e-06,0.0
history_004_vocals,Secretariat - Borderline,vocals,gain_plus6,input,1.680882215499878,8.664821507409215e-06,5.999999816998248,2.773433998015662e-07,2.1422271155300905e-08,5.909703759243712e-06,0.0
history_004_vocals,Secretariat - Borderline,vocals,gain_plus6,normalized,0.010290555655956268,0.010296378284692764,5.61157321499195e-07,1.0564495909193283e-06,0.00011750489843189327,3.272645699325949e-05,0.0
history_004_vocals,Secretariat - Borderline,vocals,eq_minus6,input,0.27170389890670776,0.31258127093315125,1.5116690379684883,1.0323062938155196,0.5176044939023873,1.4828252792358398,0.0
history_004_vocals,Secretariat - Borderline,vocals,eq_minus6,normalized,0.21907347440719604,0.21909074485301971,0.003945763606601815,0.9722394764955133,0.04812297100980859,0.004252902697771788,0.0
history_004_vocals,Secretariat - Borderline,vocals,eq_plus6,input,0.3872773051261902,0.38940533995628357,2.030932946767539,2.4918486977609327,0.7174160295425861,1.535599946975708,0.0
history_004_vocals,Secretariat - Borderline,vocals,eq_plus6,normalized,0.24183478951454163,0.2416851967573166,0.00819305059382458,0.43034428868802266,0.06054090201990533,0.003942105919122696,0.0
history_004_vocals,Secretariat - Borderline,vocals,comp_ratio2,input,0.5668873190879822,0.3682478070259094,3.3119510221392723,0.968908882910668,1.6589810749388103,1.2413110733032227,0.0
history_004_vocals,Secretariat - Borderline,vocals,comp_ratio2,normalized,0.5784659385681152,0.45226866006851196,1.4090816018389987,0.48777016380904215,1.298800363822235,1.510587453842163,0.0
history_004_vocals,Secretariat - Borderline,vocals,comp_ratio4,input,0.7981164455413818,0.5523679256439209,4.825245054813632,1.053773377647076,2.482699844480829,1.894340991973877,0.0
history_004_vocals,Secretariat - Borderline,vocals,comp_ratio4,normalized,0.7974078059196472,0.5971018671989441,2.0376647974343527,1.043474398370492,1.7572406839800967,1.7264416217803955,0.0
history_004_other,Triviul feat. The Fiend - Widow,other,identity,input,0.0,0.0,0.0,0.0,0.0,0.0,0.0
history_004_other,Triviul feat. The Fiend - Widow,other,identity,normalized,0.0,0.0,0.0,0.0,0.0,0.0,0.0
history_004_other,Triviul feat. The Fiend - Widow,other,gain_minus6,input,1.1501190662384033,6.383229447237682e-06,6.000000478866529,1.4023546768271444e-07,8.839810055104636e-09,5.909703759243712e-06,0.0
history_004_other,Triviul feat. The Fiend - Widow,other,gain_minus6,normalized,0.014533841982483864,0.01454000174999237,6.394507437335051e-06,4.802296928119176e-06,0.0001421762193851717,3.545822255546227e-05,0.0
history_004_other,Triviul feat. The Fiend - Widow,other,gain_plus6,input,1.6649973392486572,7.01057979313191e-06,5.999999764231301,1.5637867889495283e-07,8.408358484762518e-09,6.823937837907579e-06,0.0
history_004_other,Triviul feat. The Fiend - Widow,other,gain_plus6,normalized,0.013232862576842308,0.01323864795267582,1.3256146118578727e-06,1.6360568082518512e-06,0.00010922405741940805,1.3214498721936252e-05,0.0
history_004_other,Triviul feat. The Fiend - Widow,other,eq_minus6,input,0.46295666694641113,0.5474442839622498,3.6118835541035885,0.05011520949927473,0.5130921222060812,1.7646937370300293,0.0
history_004_other,Triviul feat. The Fiend - Widow,other,eq_minus6,normalized,0.24959635734558105,0.24960766732692719,0.0011088581394034236,0.46460885465505086,0.034094912730794784,0.015111712738871574,0.0
history_004_other,Triviul feat. The Fiend - Widow,other,eq_plus6,input,0.7810527682304382,0.5811309218406677,4.2871431132524975,0.5305179144367962,0.41967138946852645,1.8240975141525269,0.0
history_004_other,Triviul feat. The Fiend - Widow,other,eq_plus6,normalized,0.24954351782798767,0.24958686530590057,0.010369931452785863,0.5635625059599327,0.034087369987119365,0.010183284990489483,0.0
history_004_other,Triviul feat. The Fiend - Widow,other,comp_ratio2,input,0.8203577995300293,0.2635871171951294,4.266125161698778,1.7399339607310722,1.1174821756714088,0.165580615401268,0.0
history_004_other,Triviul feat. The Fiend - Widow,other,comp_ratio2,normalized,0.441805899143219,0.43503713607788086,0.18113623304157045,0.47286878239309615,1.173819736229726,0.11056298017501831,0.0
history_004_other,Triviul feat. The Fiend - Widow,other,comp_ratio4,input,1.1551613807678223,0.3948676586151123,6.286924401520903,1.8874016297016354,1.6753842374681376,0.2614516019821167,0.0
history_004_other,Triviul feat. The Fiend - Widow,other,comp_ratio4,normalized,0.5416674017906189,0.5367172956466675,0.17841717738311047,0.8459554259353013,1.7490488974317506,0.19375906884670258,0.0
history_005_bass,Buitraker - Revo X,bass,identity,input,0.0,0.0,0.0,0.0,0.0,0.0,0.0
history_005_bass,Buitraker - Revo X,bass,identity,normalized,0.0,0.0,0.0,0.0,0.0,0.0,0.0
history_005_bass,Buitraker - Revo X,bass,gain_minus6,input,0.9385308027267456,9.044971375260502e-05,6.000000526276281,4.0677388213339327e-07,7.674914775034523e-09,7.62939453125e-06,0.0
history_005_bass,Buitraker - Revo X,bass,gain_minus6,normalized,0.02839484065771103,0.02843182347714901,3.6594887120600106e-07,6.464403092820703e-07,4.41259940012586e-05,0.0002760112110991031,0.0
history_005_bass,Buitraker - Revo X,bass,gain_plus6,input,1.5839471817016602,0.00010640018444973975,5.999999769982402,3.820358820405545e-07,8.045471635917474e-09,3.814697265625e-06,0.0
history_005_bass,Buitraker - Revo X,bass,gain_plus6,normalized,0.025376785546541214,0.02541421353816986,1.7705084687236194e-06,1.6496320114356422e-06,4.217376464991084e-05,0.0002883366250898689,0.0
history_005_bass,Buitraker - Revo X,bass,eq_minus6,input,0.11232515424489975,0.10707604885101318,0.19267669815939925,0.09949437072926415,0.07226628509137864,1.6311893463134766,0.0
history_005_bass,Buitraker - Revo X,bass,eq_minus6,normalized,1.4602488279342651,1.4602288007736206,0.00038283227037183565,0.023128198151091794,0.009218600370628854,0.010054917074739933,0.0
history_005_bass,Buitraker - Revo X,bass,eq_plus6,input,0.1244695633649826,0.11855926364660263,0.22184149297621758,0.35720280184992603,0.07893503523859986,1.723137378692627,0.0
history_005_bass,Buitraker - Revo X,bass,eq_plus6,normalized,0.4301369786262512,0.4301407039165497,0.0004141896435569947,0.0725467147789729,0.06014800884591737,0.023194530978798866,0.0
history_005_bass,Buitraker - Revo X,bass,comp_ratio2,input,0.6318954825401306,0.1854991763830185,3.824105045770498,0.7019343474928164,0.8430068895810198,0.49303290247917175,0.0
history_005_bass,Buitraker - Revo X,bass,comp_ratio2,normalized,0.5323953032493591,0.5300061106681824,0.293163766633743,0.7501624615049458,0.7832724810386136,0.24453656375408173,0.0
history_005_bass,Buitraker - Revo X,bass,comp_ratio4,input,0.8663783073425293,0.28071850538253784,5.657809137631411,0.15434205484219277,1.264614700346604,0.7800589799880981,0.0
history_005_bass,Buitraker - Revo X,bass,comp_ratio4,normalized,0.5988697409629822,0.5938965678215027,0.4021053948508566,0.2977145370003278,1.1699017527547353,0.3775230050086975,0.0
history_005_drums,Lyndsey Ollard - Catching Up,drums,identity,input,0.0,0.0,0.0,0.0,0.0,0.0,0.0
history_005_drums,Lyndsey Ollard - Catching Up,drums,identity,normalized,0.0,0.0,0.0,0.0,0.0,0.0,0.0
history_005_drums,Lyndsey Ollard - Catching Up,drums,gain_minus6,input,1.1371897459030151,1.0800383279274683e-05,6.0000004901212804,2.897555795300377e-07,2.696934539899205e-08,5.117953151057009e-06,0.0
history_005_drums,Lyndsey Ollard - Catching Up,drums,gain_minus6,normalized,0.017475765198469162,0.017480865120887756,9.600668029463577e-06,1.4517409653080904e-05,0.00032868181783240265,3.364727308508009e-05,0.0
history_005_drums,Lyndsey Ollard - Catching Up,drums,gain_plus6,input,1.6690213680267334,1.057607187249232e-05,5.999999799323888,4.4537301846503397e-08,1.4464080053740689e-08,5.117953151057009e-06,0.0
history_005_drums,Lyndsey Ollard - Catching Up,drums,gain_plus6,normalized,0.012179778888821602,0.012185771018266678,7.195562183426318e-06,9.490084835306334e-06,0.00032041029890975885,4.640779661713168e-05,0.0
history_005_drums,Lyndsey Ollard - Catching Up,drums,eq_minus6,input,0.1195303350687027,0.12292008101940155,0.26300742812465927,0.051090502942528815,0.1355438450156138,1.67340087890625,0.0
history_005_drums,Lyndsey Ollard - Catching Up,drums,eq_minus6,normalized,0.39868733286857605,0.39116042852401733,0.278592766245616,0.012301962300323765,0.3649863819452796,0.20676568150520325,0.0
history_005_drums,Lyndsey Ollard - Catching Up,drums,eq_plus6,input,0.14070886373519897,0.14692609012126923,0.3658373396957728,0.24144623955472255,0.17838624984512283,1.756410002708435,0.0
history_005_drums,Lyndsey Ollard - Catching Up,drums,eq_plus6,normalized,0.353038489818573,0.3509294390678406,0.11956385010323345,0.007643381363966029,0.21937753372632499,0.09657226502895355,0.0
history_005_drums,Lyndsey Ollard - Catching Up,drums,comp_ratio2,input,0.8978415727615356,1.2150676250457764,8.172534269427928,6.666839282860604,2.9118661452576036,0.27791982889175415,0.0
history_005_drums,Lyndsey Ollard - Catching Up,drums,comp_ratio2,normalized,1.0095186233520508,0.9588062763214111,0.5647132443675602,5.940345242839999,2.899811269295389,1.2985879182815552,0.0
history_005_drums,Lyndsey Ollard - Catching Up,drums,comp_ratio4,input,1.126823902130127,1.6156129837036133,10.51542791922104,8.538785953164904,4.314418776114514,0.46316009759902954,0.0
history_005_drums,Lyndsey Ollard - Catching Up,drums,comp_ratio4,normalized,1.4225986003875732,1.2498693466186523,1.5311075175327389,8.274698523752637,4.379665561135848,2.0682308673858643,0.0
history_005_vocals,Zeno - Signs,vocals,identity,input,0.0,0.0,0.0,0.0,0.0,0.0,0.0
history_005_vocals,Zeno - Signs,vocals,identity,normalized,0.0,0.0,0.0,0.0,0.0,0.0,0.0
history_005_vocals,Zeno - Signs,vocals,gain_minus6,input,1.1557689905166626,4.7778939915588126e-06,6.000000482767476,3.856548929093151e-07,4.964601635615847e-06,8.698848432686646e-06,0.0
history_005_vocals,Zeno - Signs,vocals,gain_minus6,normalized,0.010763204656541348,0.010769927874207497,1.8059801014658206e-06,2.6699425390575016e-06,0.00017912572625830735,2.412626417935826e-05,0.0
history_005_vocals,Zeno - Signs,vocals,gain_plus6,input,1.673764944076538,4.796369466930628e-06,5.999999806102885,2.0145017565198486e-07,1.1567594856050777e-06,5.117953151057009e-06,0.0
history_005_vocals,Zeno - Signs,vocals,gain_plus6,normalized,0.01017790287733078,0.010185333900153637,4.277701574295634e-06,4.539551973437028e-06,9.043897735023192e-05,1.3647875675815158e-05,0.0
history_005_vocals,Zeno - Signs,vocals,eq_minus6,input,0.43295833468437195,0.5307034850120544,3.261379059184115,2.325061343154779,1.2495546059015512,1.667937159538269,0.0
history_005_vocals,Zeno - Signs,vocals,eq_minus6,normalized,0.19806861877441406,0.1980615109205246,0.002652159871011861,0.4430877645481921,0.16688138302598407,0.015774421393871307,0.0
history_005_vocals,Zeno - Signs,vocals,eq_plus6,input,0.7173748016357422,0.5866955518722534,4.095799444083987,0.18353821908362455,1.2882725044911378,1.7397310733795166,0.0
history_005_vocals,Zeno - Signs,vocals,eq_plus6,normalized,0.1987004280090332,0.19871258735656738,0.00262717168460469,1.1156098433959372,0.07135708986361841,0.015034258365631104,0.0
history_005_vocals,Zeno - Signs,vocals,comp_ratio2,input,0.7939109802246094,0.3166615664958954,4.671329623237085,0.704314450150882,2.111672113409505,0.8744735717773438,0.0
history_005_vocals,Zeno - Signs,vocals,comp_ratio2,normalized,0.39142417907714844,0.38798731565475464,0.3115959807888018,0.9481221248836782,1.9688292042742772,0.13670240342617035,0.0
history_005_vocals,Zeno - Signs,vocals,comp_ratio4,input,1.1151010990142822,0.487045019865036,6.926299842665486,0.24093277329017582,3.1634791490684235,1.3926072120666504,0.0
history_005_vocals,Zeno - Signs,vocals,comp_ratio4,normalized,0.5419063568115234,0.5378957986831665,0.5996288331354265,1.1423605560959729,2.888667682015478,0.1987573802471161,0.0
history_005_other,Sambasevam Shanmugam - Kaathaadi,other,identity,input,0.0,0.0,0.0,0.0,0.0,0.0,0.0
history_005_other,Sambasevam Shanmugam - Kaathaadi,other,identity,normalized,0.0,0.0,0.0,0.0,0.0,0.0,0.0
history_005_other,Sambasevam Shanmugam - Kaathaadi,other,gain_minus6,input,1.0906171798706055,2.5752251531230286e-05,6.000000476449841,6.16811419718033e-08,9.223806528963155e-09,6.823937837907579e-06,0.0
history_005_other,Sambasevam Shanmugam - Kaathaadi,other,gain_minus6,normalized,0.03096933476626873,0.030982032418251038,2.8593396415033112e-06,4.216138709267625e-06,0.00014497436266439013,0.00010191740148002282,0.0
history_005_other,Sambasevam Shanmugam - Kaathaadi,other,gain_plus6,input,1.652425765991211,2.8584967367351055e-05,5.999999827525322,9.111203880252106e-08,9.19816235511881e-09,6.823937837907579e-06,0.0
history_005_other,Sambasevam Shanmugam - Kaathaadi,other,gain_plus6,normalized,0.03356596827507019,0.033580295741558075,6.401336726469253e-06,7.085703948916944e-06,0.00014188109178357706,3.9385708078043535e-05,0.0
history_005_other,Sambasevam Shanmugam - Kaathaadi,other,eq_minus6,input,0.27774378657341003,0.32158511877059937,1.431168824836064,0.7619469290024199,1.1197884807714933,1.597961664199829,0.0
history_005_other,Sambasevam Shanmugam - Kaathaadi,other,eq_minus6,normalized,0.3578036427497864,0.3577604293823242,0.005703641469533949,0.06869407424068186,0.04528807259022792,0.011509877629578114,0.0
history_005_other,Sambasevam Shanmugam - Kaathaadi,other,eq_plus6,input,0.41867315769195557,0.41998207569122314,2.192015078074107,1.1254365163890618,1.314517916878077,1.6615023612976074,0.0
history_005_other,Sambasevam Shanmugam - Kaathaadi,other,eq_plus6,normalized,0.36365294456481934,0.3636245131492615,0.005560694654313636,0.010373829205562402,0.04667014076629734,0.010338171385228634,0.0
history_005_other,Sambasevam Shanmugam - Kaathaadi,other,comp_ratio2,input,0.7457187175750732,0.45114296674728394,4.622832636746516,3.89776536836051,1.7389934273259586,0.3740135431289673,0.0
history_005_other,Sambasevam Shanmugam - Kaathaadi,other,comp_ratio2,normalized,0.5761822462081909,0.5839791297912598,0.7566452833890871,0.7518452384471139,1.890713416442898,0.48052918910980225,0.0
history_005_other,Sambasevam Shanmugam - Kaathaadi,other,comp_ratio4,input,1.0156291723251343,0.6643844246864319,6.615243993401812,4.199962026650724,2.5640231525750137,0.5851316452026367,0.0
history_005_other,Sambasevam Shanmugam - Kaathaadi,other,comp_ratio4,normalized,0.7575480937957764,0.785693347454071,1.484404118706916,1.2986333343605097,2.908189038931169,0.8176167011260986,0.0
history_006_bass,Carlos Gonzalez - A Place For Us,bass,identity,input,0.0,0.0,0.0,0.0,0.0,0.0,0.0
history_006_bass,Carlos Gonzalez - A Place For Us,bass,identity,normalized,0.0,0.0,0.0,0.0,0.0,0.0,0.0
history_006_bass,Carlos Gonzalez - A Place For Us,bass,gain_minus6,input,1.0149285793304443,2.8404769182088785e-05,6.000000536538067,2.0663450328584076e-07,2.1082289848166042e-07,6.151014531496912e-06,0.0
history_006_bass,Carlos Gonzalez - A Place For Us,bass,gain_minus6,normalized,0.0851535052061081,0.08516749739646912,2.3284926520261706e-06,8.688579399063201e-06,0.00019757588111819782,0.0004770598898176104,0.0
history_006_bass,Carlos Gonzalez - A Place For Us,bass,gain_plus6,input,1.6262574195861816,3.1286188459489495e-05,5.9999997141138515,7.357405706898135e-08,7.582141217677817e-08,5.117953151057009e-06,0.0
history_006_bass,Carlos Gonzalez - A Place For Us,bass,gain_plus6,normalized,0.06712057441473007,0.06713886559009552,3.351680604168905e-07,6.765012656728686e-07,0.0004567864644756764,0.0002219419548055157,0.0
history_006_bass,Carlos Gonzalez - A Place For Us,bass,eq_minus6,input,0.159246563911438,0.17249619960784912,0.5542667389210152,0.14623922466332218,0.5098675976973357,1.5474261045455933,0.0
history_006_bass,Carlos Gonzalez - A Place For Us,bass,eq_minus6,normalized,0.4938454031944275,0.4938313961029053,0.002142886080612527,0.07811090191587766,0.06424321362851068,0.006038952153176069,0.0
history_006_bass,Carlos Gonzalez - A Place For Us,bass,eq_plus6,input,0.2121136486530304,0.2272716462612152,0.8499768539755053,1.6976588307485443,0.7351731449094737,1.6308714151382446,0.0
history_006_bass,Carlos Gonzalez - A Place For Us,bass,eq_plus6,normalized,0.4956737756729126,0.4956945776939392,0.0018192545589492681,0.000789324843964323,0.06756989909379682,0.006100450176745653,0.0
history_006_bass,Carlos Gonzalez - A Place For Us,bass,comp_ratio2,input,0.5457932353019714,0.4081456661224365,3.4217189573661386,0.9320251291271902,1.7106352255644606,0.6036693453788757,0.0
history_006_bass,Carlos Gonzalez - A Place For Us,bass,comp_ratio2,normalized,0.8925277590751648,0.8583248853683472,1.5647092439498955,1.654197700960875,2.2707072033052045,1.8337255716323853,0.0
history_006_bass,Carlos Gonzalez - A Place For Us,bass,comp_ratio4,input,0.7454073429107666,0.5946319103240967,4.846118341435158,1.626519032243845,2.537300786250931,0.9152785539627075,0.0
history_006_bass,Carlos Gonzalez - A Place For Us,bass,comp_ratio4,normalized,1.017268419265747,0.9587162733078003,2.0391597735257534,2.1668401768591288,2.819427369402557,2.08475923538208,0.0
history_006_drums,Raft Monk - Tiring,drums,identity,input,0.0,0.0,0.0,0.0,0.0,0.0,0.0
history_006_drums,Raft Monk - Tiring,drums,identity,normalized,0.0,0.0,0.0,0.0,0.0,0.0,0.0
history_006_drums,Raft Monk - Tiring,drums,gain_minus6,input,1.1880812644958496,5.337675247574225e-06,6.000000478502471,5.606000996749572e-09,1.0747967775387086e-08,3.814697265625e-06,0.0
history_006_drums,Raft Monk - Tiring,drums,gain_minus6,normalized,0.005552162881940603,0.005554072558879852,3.841127309556214e-06,3.4729082827311686e-06,0.00015497713056032665,8.357583283213899e-06,0.0
history_006_drums,Raft Monk - Tiring,drums,gain_plus6,input,1.685612678527832,6.281633886828786e-06,5.999999795879194,1.47379656922908e-07,9.470351602453475e-09,7.817802725185174e-06,0.0
history_006_drums,Raft Monk - Tiring,drums,gain_plus6,normalized,0.007727287709712982,0.007728443946689367,3.7855289960475602e-06,2.6472966538904075e-06,0.00014670609855361278,2.0754197976202704e-05,0.0
history_006_drums,Raft Monk - Tiring,drums,eq_minus6,input,0.12229111045598984,0.1277257204055786,0.28195885232086226,0.6676674338526567,0.30313939331970174,1.571035385131836,0.0
history_006_drums,Raft Monk - Tiring,drums,eq_minus6,normalized,0.09152950346469879,0.09061020612716675,0.028318621331173688,0.3141991162395428,0.06822926365566148,0.010739660821855068,0.0
history_006_drums,Raft Monk - Tiring,drums,eq_plus6,input,0.1452682912349701,0.15471433103084564,0.3991858242397335,0.8771052996124009,0.410310649227736,1.6560895442962646,0.0
history_006_drums,Raft Monk - Tiring,drums,eq_plus6,normalized,0.09789726138114929,0.09817463159561157,0.019756447658039633,0.4803869959542908,0.07266994337158325,0.01090738084167242,0.0
history_006_drums,Raft Monk - Tiring,drums,comp_ratio2,input,0.8263105154037476,0.7746859788894653,5.964409733482007,1.7601245601981397,2.8140213795921167,1.6334202289581299,0.0
history_006_drums,Raft Monk - Tiring,drums,comp_ratio2,normalized,1.6657819747924805,1.657424807548523,0.24835735865828212,1.1884596303099393,3.136183280043138,1.2848801612854004,0.0
history_006_drums,Raft Monk - Tiring,drums,comp_ratio4,input,1.0942784547805786,1.114781141281128,8.147148311338029,2.908479190641966,4.176631640741563,2.3873445987701416,0.0
history_006_drums,Raft Monk - Tiring,drums,comp_ratio4,normalized,1.7298049926757812,1.7282928228378296,0.05161127686125866,1.1289640666257128,4.234303480954914,1.6499767303466797,0.0
history_006_vocals,Skelpolu - Resurrection,vocals,identity,input,0.0,0.0,0.0,0.0,0.0,0.0,5.444520763253038e-07
history_006_vocals,Skelpolu - Resurrection,vocals,identity,normalized,0.0,0.0,0.0,0.0,0.0,0.0,5.444520763253038e-07
history_006_vocals,Skelpolu - Resurrection,vocals,gain_minus6,input,1.1716095209121704,2.536795727792196e-05,6.000000484986302,3.0794819139146057e-07,8.189263509835518e-09,8.529922524758149e-06,5.444520763253038e-07
history_006_vocals,Skelpolu - Resurrection,vocals,gain_minus6,normalized,0.010092532262206078,0.010096747428178787,2.2633881471278983e-06,3.3701071018299444e-06,5.975372370076044e-05,1.0377098988101352e-05,5.444520763253038e-07
history_006_vocals,Skelpolu - Resurrection,vocals,gain_plus6,input,1.68035888671875,2.9299952075234614e-05,5.999999763605658,2.1470839328685543e-08,8.770902624294167e-09,3.4119689189537894e-06,5.444520763253038e-07
history_006_vocals,Skelpolu - Resurrection,vocals,gain_plus6,normalized,0.010278485715389252,0.010282555595040321,7.078766337542675e-07,1.2771179740411753e-06,6.108362805870301e-05,1.7811000361689366e-05,5.444520763253038e-07
history_006_vocals,Skelpolu - Resurrection,vocals,eq_minus6,input,0.2843242287635803,0.33272793889045715,1.6955511908262935,0.6048933794885691,0.7303524548289497,1.3053938150405884,5.444520763253038e-07
history_006_vocals,Skelpolu - Resurrection,vocals,eq_minus6,normalized,0.13431914150714874,0.1343902051448822,0.009823344366221676,0.3359569411540626,0.08074915305653534,0.021547874435782433,5.444520763253038e-07
history_006_vocals,Skelpolu - Resurrection,vocals,eq_plus6,input,0.38962727785110474,0.3812428414821625,2.135345788335677,0.23765469668915884,0.8149217553563826,1.3507097959518433,5.731074487634777e-07
history_006_vocals,Skelpolu - Resurrection,vocals,eq_plus6,normalized,0.13792482018470764,0.1380411982536316,0.011244710561005178,0.1906230416270489,0.08890064536986322,0.051526058465242386,5.731074487634777e-07
history_006_vocals,Skelpolu - Resurrection,vocals,comp_ratio2,input,0.8258036375045776,0.26580214500427246,4.293669871610767,1.431376917719252,1.1609064792023613,0.19993074238300323,5.444520763253038e-07
history_006_vocals,Skelpolu - Resurrection,vocals,comp_ratio2,normalized,0.433399498462677,0.43664926290512085,0.07725484964979401,1.0981597223535644,1.2699075414335195,2.4152040481567383,5.444520763253038e-07
history_006_vocals,Skelpolu - Resurrection,vocals,comp_ratio4,input,1.1627483367919922,0.3983840346336365,6.322732889520946,1.7352605984364367,1.7353535936129478,0.30927103757858276,5.444520763253038e-07
history_006_vocals,Skelpolu - Resurrection,vocals,comp_ratio4,normalized,0.5376957654953003,0.5471031069755554,0.21634435543554886,0.9648614154145356,1.7568797816302058,3.0575501918792725,5.444520763253038e-07
history_006_other,The Easton Ellises (Baumi) - SDRNR,other,identity,input,0.0,0.0,0.0,0.0,0.0,0.0,0.0
history_006_other,The Easton Ellises (Baumi) - SDRNR,other,identity,normalized,0.0,0.0,0.0,0.0,0.0,0.0,0.0
history_006_other,The Easton Ellises (Baumi) - SDRNR,other,gain_minus6,input,1.1551814079284668,1.977501051442232e-05,6.000000467089013,1.905667836865632e-07,9.047485213976198e-09,9.800134648685344e-06,0.0
history_006_other,The Easton Ellises (Baumi) - SDRNR,other,gain_minus6,normalized,0.013653777539730072,0.013668517582118511,7.388929752494278e-07,1.05992964449797e-06,3.756205758407853e-05,4.072982119396329e-05,0.0
history_006_other,The Easton Ellises (Baumi) - SDRNR,other,gain_plus6,input,1.6717703342437744,2.249264798592776e-05,5.999999813457244,2.479108331954194e-07,9.000703272694069e-09,5.909703759243712e-06,0.0
history_006_other,The Easton Ellises (Baumi) - SDRNR,other,gain_plus6,normalized,0.010619732551276684,0.010637108236551285,8.489361427166386e-07,6.785638646533698e-07,2.9920490628915365e-05,1.8997039660462178e-05,0.0
history_006_other,The Easton Ellises (Baumi) - SDRNR,other,eq_minus6,input,0.34840965270996094,0.4372591972351074,2.1608346937772644,0.15863032138308597,0.9881372374383187,1.6246871948242188,0.0
history_006_other,The Easton Ellises (Baumi) - SDRNR,other,eq_minus6,normalized,0.18793150782585144,0.18793003261089325,0.00012392627575152915,0.010337332224658269,0.04043193609459644,0.004228630568832159,0.0
history_006_other,The Easton Ellises (Baumi) - SDRNR,other,eq_plus6,input,0.5515099763870239,0.5271949768066406,3.0163828202869105,0.8506885175086261,1.1190347165371632,1.7019435167312622,0.0
history_006_other,The Easton Ellises (Baumi) - SDRNR,other,eq_plus6,normalized,0.1879996657371521,0.18800798058509827,0.0031995337218084785,0.009413301638822702,0.04010084178942086,0.0044991737231612206,0.0
history_006_other,The Easton Ellises (Baumi) - SDRNR,other,comp_ratio2,input,0.8340381383895874,0.31122252345085144,4.362990811687212,0.18885453740147184,1.2771264534120041,0.4282808303833008,0.0
history_006_other,The Easton Ellises (Baumi) - SDRNR,other,comp_ratio2,normalized,0.5923701524734497,0.5994553565979004,1.1036624876156296,2.7791196313670383,1.912683349149895,1.631266474723816,0.0
history_006_other,The Easton Ellises (Baumi) - SDRNR,other,comp_ratio4,input,1.1630680561065674,0.45814377069473267,6.393025130178078,0.3516027773130119,1.912011946890647,0.6074215173721313,0.0
history_006_other,The Easton Ellises (Baumi) - SDRNR,other,comp_ratio4,normalized,0.6822530627250671,0.6907433867454529,1.2428026575360462,2.5636343271113162,2.218120242362921,1.7339814901351929,0.0
history_007_bass,The Long Wait - Dark Horses,bass,identity,input,0.0,0.0,0.0,0.0,0.0,0.0,0.0
history_007_bass,The Long Wait - Dark Horses,bass,identity,normalized,0.0,0.0,0.0,0.0,0.0,0.0,0.0
history_007_bass,The Long Wait - Dark Horses,bass,gain_minus6,input,1.178717851638794,1.72290310729295e-05,6.000000517399901,1.7698024379342314e-08,1.1091816150869788e-08,3.814697265625e-06,0.0
history_007_bass,The Long Wait - Dark Horses,bass,gain_minus6,normalized,0.010226250626146793,0.010255763307213783,5.365962998382656e-07,7.936880948022917e-07,3.083272614465023e-05,0.00014939789252821356,0.0
history_007_bass,The Long Wait - Dark Horses,bass,gain_plus6,input,1.6820119619369507,2.0400517314556055e-05,5.99999974415595,2.783887964596943e-07,9.176969875135793e-09,4.178791641606949e-06,0.0
history_007_bass,The Long Wait - Dark Horses,bass,gain_plus6,normalized,0.010143673047423363,0.010173410177230835,3.2087072554531915e-07,7.17219649004619e-07,3.440816128561729e-05,0.00023636966943740845,0.0
history_007_bass,The Long Wait - Dark Horses,bass,eq_minus6,input,0.10821163654327393,0.10598568618297577,0.17867495909186815,0.2484291787515609,0.08251168557415352,1.8352257013320923,0.0
history_007_bass,The Long Wait - Dark Horses,bass,eq_minus6,normalized,0.3513298034667969,0.3513297736644745,0.0006307696274809871,0.013969509263986879,0.07258968189056578,0.008237278088927269,0.0
history_007_bass,The Long Wait - Dark Horses,bass,eq_plus6,input,0.1138119101524353,0.11101873964071274,0.1931050237121852,0.1904876318351647,0.08744769568728415,1.914033055305481,0.0
history_007_bass,The Long Wait - Dark Horses,bass,eq_plus6,normalized,0.3545256555080414,0.35451623797416687,0.0008468334451414705,0.04648067211377693,0.07125542664498505,0.019214492291212082,0.0
history_007_bass,The Long Wait - Dark Horses,bass,comp_ratio2,input,0.6193979382514954,0.31031864881515503,3.2582360128481653,2.952935258817927,1.3275747299649447,0.6057149171829224,0.0
history_007_bass,The Long Wait - Dark Horses,bass,comp_ratio2,normalized,1.6431430578231812,1.5982822179794312,0.9420425827741319,2.833683235620306,1.2388916518171325,0.984106183052063,0.0
history_007_bass,The Long Wait - Dark Horses,bass,comp_ratio4,input,0.8734422922134399,0.46065753698349,4.730132059293691,3.237956533674364,1.9830595599394922,0.9258374571800232,0.0
history_007_bass,The Long Wait - Dark Horses,bass,comp_ratio4,normalized,1.6639060974121094,1.5998748540878296,1.2943110263016813,3.3908831949952116,1.8029092586600584,1.2567310333251953,0.0
history_007_drums,PR - Happy Daze,drums,identity,input,0.0,0.0,0.0,0.0,0.0,0.0,0.0
history_007_drums,PR - Happy Daze,drums,identity,normalized,0.0,0.0,0.0,0.0,0.0,0.0,0.0
history_007_drums,PR - Happy Daze,drums,gain_minus6,input,1.1806690692901611,8.597552550781984e-06,6.000000470823249,3.0629146863248025e-07,5.439226990732306e-07,6.823937837907579e-06,0.0
history_007_drums,PR - Happy Daze,drums,gain_minus6,normalized,0.004344212356954813,0.004349607042968273,6.252258089034513e-07,2.9221257022982172e-06,0.0002726690903459099,7.817802725185174e-06,0.0
history_007_drums,PR - Happy Daze,drums,gain_plus6,input,1.6829475164413452,9.910798326018266e-06,5.999999825490171,2.1362438928917982e-08,1.440175306758226e-07,4.825252744922182e-06,0.0
history_007_drums,PR - Happy Daze,drums,gain_plus6,normalized,0.0028263870626688004,0.0028263870626688004,3.633091480992334e-07,1.5131970343418288e-06,8.50242310775941e-05,5.909703759243712e-06,0.0
history_007_drums,PR - Happy Daze,drums,eq_minus6,input,0.16969367861747742,0.18830415606498718,0.514063954597642,0.6646385276038398,0.963512054342352,1.7669669389724731,0.0
history_007_drums,PR - Happy Daze,drums,eq_minus6,normalized,0.19961439073085785,0.19958558678627014,0.012797433092529786,0.7540449532640139,0.4629562374503938,0.1685210019350052,0.0
history_007_drums,PR - Happy Daze,drums,eq_plus6,input,0.24329881370067596,0.2758388817310333,0.938219736153556,1.7523636419638908,1.1683192193039305,1.8550171852111816,0.0
history_007_drums,PR - Happy Daze,drums,eq_plus6,normalized,1.6702065467834473,1.6713075637817383,0.020856038772187446,0.015808227490346383,1.0002520661451826,0.26282525062561035,0.0
history_007_drums,PR - Happy Daze,drums,comp_ratio2,input,0.5795186758041382,0.4819890856742859,3.5420322546771175,1.9690176209554124,2.0605970294279317,1.4882184267044067,0.0
history_007_drums,PR - Happy Daze,drums,comp_ratio2,normalized,0.4464913308620453,0.44586730003356934,0.036373948395727496,2.7380375030545103,1.6343921724277273,0.6131832003593445,0.0
history_007_drums,PR - Happy Daze,drums,comp_ratio4,input,0.7975629568099976,0.7179675102233887,4.935797278531023,3.79489114525607,3.083458405454809,2.2568440437316895,0.0
history_007_drums,PR - Happy Daze,drums,comp_ratio4,normalized,0.5461444854736328,0.5454268455505371,0.027322814233777137,2.761562122916125,1.9457525136312839,0.6742294430732727,0.0
history_007_vocals,Al James - Schoolboy Facination,vocals,identity,input,0.0,0.0,0.0,0.0,0.0,0.0,0.0
history_007_vocals,Al James - Schoolboy Facination,vocals,identity,normalized,0.0,0.0,0.0,0.0,0.0,0.0,0.0
history_007_vocals,Al James - Schoolboy Facination,vocals,gain_minus6,input,1.1722992658615112,5.711933681595838e-06,6.000000489794612,2.808404282461652e-07,1.5191184904465534e-07,1.332416468358133e-05,0.0
history_007_vocals,Al James - Schoolboy Facination,vocals,gain_minus6,normalized,0.0056680007837712765,0.005673575215041637,3.6210038913964127e-06,3.353465416466861e-06,9.52958845107732e-05,5.909703759243712e-06,0.0
history_007_vocals,Al James - Schoolboy Facination,vocals,gain_plus6,input,1.6762012243270874,6.372113602992613e-06,5.999999790968928,2.64898432078553e-08,3.1989879911595455e-08,1.2536374924820848e-05,0.0
history_007_vocals,Al James - Schoolboy Facination,vocals,gain_plus6,normalized,0.005308301188051701,0.005313735455274582,3.8519059586406e-07,8.650746252669705e-07,8.469878110145963e-05,1.2766418876708485e-05,0.0
history_007_vocals,Al James - Schoolboy Facination,vocals,eq_minus6,input,0.38111114501953125,0.44742077589035034,2.288331882260863,0.9645374044698727,0.9454429509597194,1.6397424936294556,0.0
history_007_vocals,Al James - Schoolboy Facination,vocals,eq_minus6,normalized,1.6333059072494507,1.620887279510498,0.26005913856461405,0.17754234446808326,1.6297674782476506,0.20138496160507202,0.0
history_007_vocals,Al James - Schoolboy Facination,vocals,eq_plus6,input,0.61612868309021,0.5384689569473267,3.1325952100325587,0.5303180278194191,1.1294174764738218,1.7145029306411743,0.0
history_007_vocals,Al James - Schoolboy Facination,vocals,eq_plus6,normalized,0.15325328707695007,0.15325824916362762,0.0005950186025103221,0.8400044655028367,0.04143101079289658,0.005918632261455059,0.0
history_007_vocals,Al James - Schoolboy Facination,vocals,comp_ratio2,input,0.7984859347343445,0.3823612928390503,4.462335294063685,2.430711363598359,1.7447417798902838,0.5660338401794434,0.0
history_007_vocals,Al James - Schoolboy Facination,vocals,comp_ratio2,normalized,0.48205745220184326,0.47896528244018555,0.1303419182170309,1.8855812871934816,1.992607633810145,0.32105162739753723,0.0
history_007_vocals,Al James - Schoolboy Facination,vocals,comp_ratio4,input,1.1167171001434326,0.5727508068084717,6.482827374239886,2.7894796454772823,2.6254757271108713,0.9459202289581299,0.0
history_007_vocals,Al James - Schoolboy Facination,vocals,comp_ratio4,normalized,0.6770877838134766,0.6716461181640625,0.2814641119164456,2.850889336261936,2.881271203791939,0.48341721296310425,0.0
history_007_other,Hollow Ground - Ill Fate,other,identity,input,0.0,0.0,0.0,0.0,0.0,0.0,0.00012876474832533802
history_007_other,Hollow Ground - Ill Fate,other,identity,normalized,0.0,0.0,0.0,0.0,0.0,0.0,0.00012876474832533802
history_007_other,Hollow Ground - Ill Fate,other,gain_minus6,input,1.1109694242477417,3.357983223395422e-05,6.000000466911352,8.995698408398312e-08,9.507788392689091e-08,3.4119689189537894e-06,0.00012876474832533802
history_007_other,Hollow Ground - Ill Fate,other,gain_minus6,normalized,0.011423993855714798,0.011429324746131897,7.515596983864725e-06,9.412475534986697e-06,6.50923262439858e-05,1.194189189845929e-05,0.00012876474832533802
history_007_other,Hollow Ground - Ill Fate,other,gain_plus6,input,1.6452319622039795,3.912583633791655e-05,5.999999808228019,2.1635511160411625e-07,3.603087222530295e-08,5.909703759243712e-06,0.00012876474832533802
history_007_other,Hollow Ground - Ill Fate,other,gain_plus6,normalized,0.5300915837287903,0.051521360874176025,2.117720449665601,0.0037765673544818412,0.16590226709312186,0.001003571436740458,0.00012876474832533802
history_007_other,Hollow Ground - Ill Fate,other,eq_minus6,input,0.17195507884025574,0.1815560907125473,0.5542419727428083,0.2092388283316211,0.41058492156072346,1.639858603477478,0.00012876474832533802
history_007_other,Hollow Ground - Ill Fate,other,eq_minus6,normalized,0.5742729306221008,0.1585966795682907,2.1189795582274833,0.0824607628291929,0.16810565068481803,0.015189725905656815,0.00012876474832533802
history_007_other,Hollow Ground - Ill Fate,other,eq_plus6,input,0.23458045721054077,0.24602250754833221,0.861988963282105,0.16766303407678151,0.6493433964868127,1.7310110330581665,0.00012876474832533802
history_007_other,Hollow Ground - Ill Fate,other,eq_plus6,normalized,0.5759286880493164,0.15828001499176025,2.119939387873842,0.025165107897162642,0.17726517288741864,0.01490725576877594,0.00012876474832533802
history_007_other,Hollow Ground - Ill Fate,other,comp_ratio2,input,0.7166754603385925,0.3360673785209656,3.926593710070655,1.5946185779975295,1.4839385571573336,0.9149417877197266,0.00012876474832533802
history_007_other,Hollow Ground - Ill Fate,other,comp_ratio2,normalized,1.822838544845581,1.6851218938827515,2.1136017523440955,0.4925978546683609,1.7021358043148034,1.2819427251815796,0.00012876474832533802
history_007_other,Hollow Ground - Ill Fate,other,comp_ratio4,input,0.9951950907707214,0.49335312843322754,5.675481200247443,1.174333481847814,2.2158981506671798,1.3257778882980347,0.00012876474832533802
history_007_other,Hollow Ground - Ill Fate,other,comp_ratio4,normalized,1.8198394775390625,1.6857751607894897,2.080363781421319,0.2819897086930503,2.2937971582514622,1.6001337766647339,0.00012876474832533802
history_008_bass,Arise - Run Run Run,bass,identity,input,0.0,0.0,0.0,0.0,0.0,0.0,0.0
history_008_bass,Arise - Run Run Run,bass,identity,normalized,0.0,0.0,0.0,0.0,0.0,0.0,0.0
history_008_bass,Arise - Run Run Run,bass,gain_minus6,input,1.1870368719100952,2.7174239221494645e-05,6.000000508674656,2.4552780075737246e-07,1.3498915284740622e-08,8.529922524758149e-06,0.0
history_008_bass,Arise - Run Run Run,bass,gain_minus6,normalized,0.039006274193525314,0.039006274193525314,4.82287042302687e-07,2.890915951070383e-07,0.00015606791948007847,0.00047211407218128443,0.0
history_008_bass,Arise - Run Run Run,bass,gain_plus6,input,1.6853277683258057,3.206017936463468e-05,5.9999998019115175,4.160758937388209e-07,8.530066156622757e-09,1.4872427527734544e-05,0.0
history_008_bass,Arise - Run Run Run,bass,gain_plus6,normalized,0.04188789054751396,0.04189717769622803,3.036863823524527e-06,2.1313546838541697e-06,0.00016275831141917654,0.0002530729107093066,0.0
history_008_bass,Arise - Run Run Run,bass,eq_minus6,input,0.10113116353750229,0.09899991750717163,0.1972583258164491,0.14202832544427757,0.09753199455961711,1.3937327861785889,0.0
history_008_bass,Arise - Run Run Run,bass,eq_minus6,normalized,0.33240827918052673,0.33253973722457886,0.017145567224403635,0.7055648914749462,0.1197540649362728,0.020639795809984207,0.0
history_008_bass,Arise - Run Run Run,bass,eq_plus6,input,0.10488550364971161,0.10167735815048218,0.20420471210885083,0.13047665164612354,0.10525569347589149,1.4748104810714722,0.0
history_008_bass,Arise - Run Run Run,bass,eq_plus6,normalized,0.3594190776348114,0.3609895706176758,0.09034758929307429,0.012703347221073358,0.3797073780052636,0.1651858687400818,0.0
history_008_bass,Arise - Run Run Run,bass,comp_ratio2,input,0.7696632146835327,0.32292091846466064,4.45772647037758,1.4465606200857337,1.8706164129857084,0.8017482757568359,0.0
history_008_bass,Arise - Run Run Run,bass,comp_ratio2,normalized,0.47453436255455017,0.4751560091972351,0.14521929843626324,0.5752699533348569,1.5584302527117821,0.23321521282196045,0.0
history_008_bass,Arise - Run Run Run,bass,comp_ratio4,input,1.077211618423462,0.48561686277389526,6.603652917097229,0.010905036273619828,2.797225051375681,1.407285451889038,0.0
history_008_bass,Arise - Run Run Run,bass,comp_ratio4,normalized,0.6034895181655884,0.606719970703125,0.2578330185110218,3.3213391602772653,2.3286804832305994,0.4681304395198822,0.0
history_008_drums,Bobby Nobody - Stitch Up,drums,identity,input,0.0,0.0,0.0,0.0,0.0,0.0,0.0
history_008_drums,Bobby Nobody - Stitch Up,drums,identity,normalized,0.0,0.0,0.0,0.0,0.0,0.0,0.0
history_008_drums,Bobby Nobody - Stitch Up,drums,gain_minus6,input,1.0939176082611084,4.927343525196193e-06,6.0000004537645495,3.119914708804572e-07,1.3275282628020195e-06,3.4119689189537894e-06,0.0
history_008_drums,Bobby Nobody - Stitch Up,drums,gain_minus6,normalized,0.018276551738381386,0.01828392595052719,8.352285298940387e-06,8.935394710363198e-06,0.0031010070025832806,1.2419754966686014e-05,0.0
history_008_drums,Bobby Nobody - Stitch Up,drums,gain_plus6,input,1.639113426208496,4.108807388547575e-06,5.99999978736221,4.1632164382576775e-07,1.1705500158023358e-06,6.151014531496912e-06,0.0
history_008_drums,Bobby Nobody - Stitch Up,drums,gain_plus6,normalized,0.008343538269400597,0.00835193507373333,2.7401459732345756e-06,2.6826318730854837e-06,0.0032255992062649595,1.4872427527734544e-05,0.0
history_008_drums,Bobby Nobody - Stitch Up,drums,eq_minus6,input,0.24110782146453857,0.26363179087638855,1.2221983365707274,0.0030786206385648995,0.5663879317959202,1.589475393295288,0.0
history_008_drums,Bobby Nobody - Stitch Up,drums,eq_minus6,normalized,0.31106066703796387,0.3110809922218323,0.002020120331010844,0.021752792678611854,0.07762437046444025,0.0031996029429137707,0.0
history_008_drums,Bobby Nobody - Stitch Up,drums,eq_plus6,input,0.3429431617259979,0.33647292852401733,1.6722932244808248,2.185600373261419,0.7773514775473832,1.6767497062683105,0.0
history_008_drums,Bobby Nobody - Stitch Up,drums,eq_plus6,normalized,0.3097788095474243,0.30977892875671387,2.2509330591446997e-05,0.0549807514208176,0.07753535572895268,0.00323403044603765,0.0
history_008_drums,Bobby Nobody - Stitch Up,drums,comp_ratio2,input,0.8376182913780212,1.014599323272705,7.3229210390316055,0.01474448711115528,2.680407057357299,1.8009847402572632,0.0
history_008_drums,Bobby Nobody - Stitch Up,drums,comp_ratio2,normalized,1.7496613264083862,1.723893165588379,0.4247915110953926,0.5840290996406239,3.410418319192297,0.9733160138130188,0.0
history_008_drums,Bobby Nobody - Stitch Up,drums,comp_ratio4,input,1.0674159526824951,1.3952827453613281,9.824767579119346,2.2231769811974615,3.950890570905853,2.346344470977783,0.0
history_008_drums,Bobby Nobody - Stitch Up,drums,comp_ratio4,normalized,1.8799009323120117,1.8127472400665283,0.8184885659725154,2.356783932994645,4.626573736449076,1.349511742591858,0.0
history_008_vocals,M.E.R.C. Music - Knockout,vocals,identity,input,0.0,0.0,0.0,0.0,0.0,0.0,0.0
history_008_vocals,M.E.R.C. Music - Knockout,vocals,identity,normalized,0.0,0.0,0.0,0.0,0.0,0.0,0.0
history_008_vocals,M.E.R.C. Music - Knockout,vocals,gain_minus6,input,1.173161268234253,5.935914487054106e-06,6.000000478947165,7.039873395342511e-08,1.1256267382879286e-08,8.357583283213899e-06,0.0
history_008_vocals,M.E.R.C. Music - Knockout,vocals,gain_minus6,normalized,0.0036879684776067734,0.003694023471325636,1.1362457250641e-06,9.059633718777604e-07,4.29391319799497e-05,3.4119689189537894e-06,0.0
history_008_vocals,M.E.R.C. Music - Knockout,vocals,gain_plus6,input,1.676609754562378,6.648412636423018e-06,5.999999777047009,7.455097517095055e-08,9.559105420169134e-09,3.4119689189537894e-06,0.0
history_008_vocals,M.E.R.C. Music - Knockout,vocals,gain_plus6,normalized,0.0037539887707680464,0.0037602013908326626,3.397436287855271e-06,2.8912801113278874e-06,4.7211110150156614e-05,6.823937837907579e-06,0.0
history_008_vocals,M.E.R.C. Music - Knockout,vocals,eq_minus6,input,0.3462424874305725,0.43593138456344604,2.279627342829375,1.689715072574053,0.8951122172533631,1.5581343173980713,0.0
history_008_vocals,M.E.R.C. Music - Knockout,vocals,eq_minus6,normalized,0.12936308979988098,0.12935517728328705,0.0010247555039413214,0.0315033522551218,0.04614291011482076,0.002783434931188822,0.0
history_008_vocals,M.E.R.C. Music - Knockout,vocals,eq_plus6,input,0.5440423488616943,0.5227946639060974,3.0308869144874073,0.8617544175793057,1.0722615622231713,1.6435177326202393,0.0
history_008_vocals,M.E.R.C. Music - Knockout,vocals,eq_plus6,normalized,0.12899218499660492,0.1289852261543274,0.001836617005857022,0.07102786986656184,0.04473373923128559,0.003504085587337613,0.0
history_008_vocals,M.E.R.C. Music - Knockout,vocals,comp_ratio2,input,0.8785065412521362,0.412890762090683,5.214808034928069,2.474334562244813,2.1886168452478554,0.9422041177749634,0.0
history_008_vocals,M.E.R.C. Music - Knockout,vocals,comp_ratio2,normalized,0.5383445024490356,0.47852906584739685,1.5557570659282476,1.8143216679038332,2.0169195814418437,0.4154870808124542,0.0
history_008_vocals,M.E.R.C. Music - Knockout,vocals,comp_ratio4,input,1.2216858863830566,0.6177582740783691,7.569783157929031,3.9303028304680296,3.2813425398562646,1.5079354047775269,0.0
history_008_vocals,M.E.R.C. Music - Knockout,vocals,comp_ratio4,normalized,0.7731772661209106,0.6724504232406616,2.3399086234951554,2.410726189293854,3.0061764101895814,0.6432927846908569,0.0
history_008_other,M.E.R.C. Music - Knockout,other,identity,input,0.0,0.0,0.0,0.0,0.0,0.0,0.0
history_008_other,M.E.R.C. Music - Knockout,other,identity,normalized,0.0,0.0,0.0,0.0,0.0,0.0,0.0
history_008_other,M.E.R.C. Music - Knockout,other,gain_minus6,input,1.1518359184265137,7.10030144546181e-06,6.000000469980492,1.0387651627752348e-08,9.280159521069598e-09,4.825252744922182e-06,0.0
history_008_other,M.E.R.C. Music - Knockout,other,gain_minus6,normalized,0.005233726464211941,0.005233726464211941,1.2518613345946505e-07,4.927645349539489e-07,4.600537317563961e-05,9.800134648685344e-06,0.0
history_008_other,M.E.R.C. Music - Knockout,other,gain_plus6,input,1.6695106029510498,7.879249096731655e-06,5.999999801636445,9.023415259434842e-08,8.739525746777929e-09,4.178791641606949e-06,0.0
history_008_other,M.E.R.C. Music - Knockout,other,gain_plus6,normalized,0.009598705917596817,0.009603284299373627,1.7275539399008721e-06,1.6230536985517574e-06,5.626412915881601e-05,2.5589766664779745e-05,0.0
history_008_other,M.E.R.C. Music - Knockout,other,eq_minus6,input,0.367234468460083,0.43900081515312195,2.282994904437569,0.10521992070355779,0.6042377251147704,1.6459643840789795,0.0
history_008_other,M.E.R.C. Music - Knockout,other,eq_minus6,normalized,0.1539895385503769,0.15375091135501862,0.010599174446866755,0.38058162910513005,0.07278943423192086,0.017993519082665443,0.0
history_008_other,M.E.R.C. Music - Knockout,other,eq_plus6,input,0.5893619060516357,0.5311568975448608,3.1590369754412926,0.3877266809177442,0.5755210115275389,1.724496841430664,0.0
history_008_other,M.E.R.C. Music - Knockout,other,eq_plus6,normalized,0.15213581919670105,0.14922787249088287,0.08613459744628571,1.0077906625180333,0.14413758103787805,0.023699898272752762,0.0
history_008_other,M.E.R.C. Music - Knockout,other,comp_ratio2,input,0.8132035136222839,0.3478788137435913,4.336466705977511,2.581202484293158,1.8242730027652443,0.2213316261768341,0.0
history_008_other,M.E.R.C. Music - Knockout,other,comp_ratio2,normalized,0.3714831471443176,0.3697030544281006,0.06867717409631524,0.8035958048555258,1.6866318451419267,0.4393804669380188,0.0
history_008_other,M.E.R.C. Music - Knockout,other,comp_ratio4,input,1.1397464275360107,0.5238761305809021,6.281346071193482,2.9576781737301623,2.7218231746927706,0.3911716938018799,0.0
history_008_other,M.E.R.C. Music - Knockout,other,comp_ratio4,normalized,0.5132419466972351,0.5139455795288086,0.03906342309490185,1.4102513000852106,2.5642040878555403,0.7798856496810913,0.0
history_009_bass,Georgia Wonder - Siren,bass,identity,input,0.0,0.0,0.0,0.0,0.0,0.0,0.0
history_009_bass,Georgia Wonder - Siren,bass,identity,normalized,0.0,0.0,0.0,0.0,0.0,0.0,0.0
history_009_bass,Georgia Wonder - Siren,bass,gain_minus6,input,1.0260765552520752,6.615024176426232e-05,6.00000049977022,1.5355673887995636e-07,1.0560000672708658,4.178791641606949e-06,0.0
history_009_bass,Georgia Wonder - Siren,bass,gain_minus6,normalized,0.026258226484060287,0.02626689523458481,3.0801497459265192e-06,3.023304547156158e-06,0.002501996603378127,3.86397005058825e-05,0.0
history_009_bass,Georgia Wonder - Siren,bass,gain_plus6,input,1.5984992980957031,7.711384387221187e-05,5.999999740401448,1.8397011380955064e-07,1.056000001018246,3.814697265625e-06,0.0
history_009_bass,Georgia Wonder - Siren,bass,gain_plus6,normalized,0.03446608781814575,0.034470729529857635,9.111318348686837e-07,5.588083240581909e-07,0.0020925421464847143,6.950709212105721e-05,0.0
history_009_bass,Georgia Wonder - Siren,bass,eq_minus6,input,0.11091047525405884,0.10905610024929047,0.25519714686460304,0.09428919054211526,2.5362749192152894,1.4081029891967773,0.0
history_009_bass,Georgia Wonder - Siren,bass,eq_minus6,normalized,0.2741163671016693,0.2733333110809326,0.040431709596699505,0.19968668137448553,0.16933815147385073,0.005587446037679911,0.0
history_009_bass,Georgia Wonder - Siren,bass,eq_plus6,input,0.12235896289348602,0.11934112012386322,0.285851672902691,0.3794843660395184,3.5693443230983526,1.493173599243164,0.0
history_009_bass,Georgia Wonder - Siren,bass,eq_plus6,normalized,0.27864786982536316,0.27459293603897095,0.11475817325641202,0.43895894401631885,0.15690756458361513,0.008563613519072533,0.0
history_009_bass,Georgia Wonder - Siren,bass,comp_ratio2,input,0.9600180387496948,0.2916850447654724,6.077183584258279,2.5369186354998874,2.6409059528347534,0.23145760595798492,0.0
history_009_bass,Georgia Wonder - Siren,bass,comp_ratio2,normalized,1.516322374343872,1.5548570156097412,0.9730584813925205,3.48825018823071,2.651360439617391,0.8501290082931519,0.0
history_009_bass,Georgia Wonder - Siren,bass,comp_ratio4,input,1.309976577758789,0.4617130756378174,9.013192545342164,5.09381871438436,3.9481018599956883,0.5032482743263245,0.0
history_009_bass,Georgia Wonder - Siren,bass,comp_ratio4,normalized,1.5206049680709839,1.577946662902832,1.4762298003618497,5.261115703835772,3.8456899955646424,1.2862235307693481,0.0
history_009_drums,Motor Tapes - Shore,drums,identity,input,0.0,0.0,0.0,0.0,0.0,0.0,0.0
history_009_drums,Motor Tapes - Shore,drums,identity,normalized,0.0,0.0,0.0,0.0,0.0,0.0,0.0
history_009_drums,Motor Tapes - Shore,drums,gain_minus6,input,1.1887181997299194,8.150447001753491e-07,6.000000472520089,1.6278798398161598e-07,4.630501667668124e-08,5.117953151057009e-06,0.0
history_009_drums,Motor Tapes - Shore,drums,gain_minus6,normalized,0.0012281847884878516,0.0012295562773942947,6.101432333593948e-06,5.0763800558684125e-06,0.00028001052471221446,1.0923630725301336e-05,0.0
history_009_drums,Motor Tapes - Shore,drums,gain_plus6,input,1.6857643127441406,8.02311831193947e-07,5.999999779948649,1.213095544017051e-07,1.721569228500595e-08,5.117953151057009e-06,0.0
history_009_drums,Motor Tapes - Shore,drums,gain_plus6,normalized,0.004066331312060356,0.0040677073411643505,1.2961764234376005e-05,1.7345442692828783e-05,0.0004239708732417786,2.0824194507440552e-05,0.0
history_009_drums,Motor Tapes - Shore,drums,eq_minus6,input,0.12252261489629745,0.12084271758794785,0.21441453614774986,0.13684253055602724,0.2739188336660925,1.565585732460022,0.0
history_009_drums,Motor Tapes - Shore,drums,eq_minus6,normalized,0.09869640320539474,0.09867042303085327,0.003506887172896711,0.1431388971591403,0.11747353785502967,0.04485815763473511,0.0
history_009_drums,Motor Tapes - Shore,drums,eq_plus6,input,0.13987931609153748,0.13685603439807892,0.23893720457253664,0.2331625304417102,0.3919168698876967,1.6667715311050415,0.0
history_009_drums,Motor Tapes - Shore,drums,eq_plus6,normalized,0.09776582568883896,0.09768535196781158,0.0032202166211803274,0.05306827652871249,0.10121676709511346,0.03553542494773865,0.0
history_009_drums,Motor Tapes - Shore,drums,comp_ratio2,input,0.8964124917984009,1.1794030666351318,8.68732171022275,3.1599332192476837,3.4309734413406106,2.3759706020355225,0.0
history_009_drums,Motor Tapes - Shore,drums,comp_ratio2,normalized,0.859979510307312,0.8696514368057251,0.18492029913953445,3.2361833736470516,3.1011451299667474,1.394343614578247,0.0
history_009_drums,Motor Tapes - Shore,drums,comp_ratio4,input,1.131216287612915,1.6468563079833984,11.411666875190793,2.7906335242969824,5.070691314598921,3.5798447132110596,0.0
history_009_drums,Motor Tapes - Shore,drums,comp_ratio4,normalized,1.2166579961776733,1.2217912673950195,0.07562188663171554,4.126359867963004,4.61562482534442,2.195949077606201,0.0
history_009_vocals,AM Contra - Heart Peripheral,vocals,identity,input,0.0,0.0,0.0,0.0,0.0,0.0,0.0
history_009_vocals,AM Contra - Heart Peripheral,vocals,identity,normalized,0.0,0.0,0.0,0.0,0.0,0.0,0.0
history_009_vocals,AM Contra - Heart Peripheral,vocals,gain_minus6,input,1.176897644996643,8.028591764741577e-06,6.000000512396678,1.4878634146953118e-07,1.388180669263078e-07,6.823937837907579e-06,0.0
history_009_vocals,AM Contra - Heart Peripheral,vocals,gain_minus6,normalized,0.0026902961544692516,0.0026994224172085524,8.55606966609912e-07,1.0764989113454249e-06,3.699660424380586e-05,1.406790852342965e-05,0.0
history_009_vocals,AM Contra - Heart Peripheral,vocals,gain_plus6,input,1.682098388671875,8.921861990529578e-06,5.999999769700256,1.5092975047537038e-07,7.276772466170935e-08,8.529922524758149e-06,0.0
history_009_vocals,AM Contra - Heart Peripheral,vocals,gain_plus6,normalized,0.0033730575814843178,0.003381598275154829,8.268683515666453e-07,1.165157847538012e-06,4.836416631395987e-05,1.2766418876708485e-05,0.0
history_009_vocals,AM Contra - Heart Peripheral,vocals,eq_minus6,input,0.37101826071739197,0.4457906484603882,2.3903943249027755,2.7776708032769193,1.3442762233456882,1.8042365312576294,0.0
history_009_vocals,AM Contra - Heart Peripheral,vocals,eq_minus6,normalized,0.18946999311447144,0.18949925899505615,0.011659692000513644,0.30784730667294724,0.033221037394046846,0.0041031306609511375,0.0
history_009_vocals,AM Contra - Heart Peripheral,vocals,eq_plus6,input,0.5984634160995483,0.5444023013114929,3.2286479770902723,2.9560678085581813,1.4719321778050276,1.8470947742462158,0.0
history_009_vocals,AM Contra - Heart Peripheral,vocals,eq_plus6,normalized,0.19866196811199188,0.19407212734222412,0.11869784593065802,0.338610276399379,0.0461160233754183,0.016881342977285385,0.0
history_009_vocals,AM Contra - Heart Peripheral,vocals,comp_ratio2,input,0.5197486877441406,0.29311782121658325,2.9686240539141835,1.9847046629127263,1.4677463988383108,0.4161655306816101,0.0
history_009_vocals,AM Contra - Heart Peripheral,vocals,comp_ratio2,normalized,0.5192919969558716,0.4077340066432953,1.2343531713307208,1.3966737256847317,1.3417701962765847,0.7257451415061951,0.0
history_009_vocals,AM Contra - Heart Peripheral,vocals,comp_ratio4,input,0.7390979528427124,0.44363078474998474,4.390403393599502,3.3332273004602655,2.1998007613229094,0.6175621151924133,0.0
history_009_vocals,AM Contra - Heart Peripheral,vocals,comp_ratio4,normalized,0.6259654760360718,0.5112135410308838,1.4598262410854232,1.177361329621295,1.7427749307824172,1.1150871515274048,0.0
history_009_other,BKS - Too Much,other,identity,input,0.0,0.0,0.0,0.0,0.0,0.0,0.0
history_009_other,BKS - Too Much,other,identity,normalized,0.0,0.0,0.0,0.0,0.0,0.0,0.0
history_009_other,BKS - Too Much,other,gain_minus6,input,0.8959503173828125,3.743960041902028e-05,6.000000526191073,1.1756451812061641e-08,9.153403984484976e-09,4.825252744922182e-06,0.0
history_009_other,BKS - Too Much,other,gain_minus6,normalized,0.015870897099375725,0.015888717025518417,9.734434911479184e-07,9.843349957350256e-07,4.5806387625010325e-05,6.81540259392932e-05,0.0
history_009_other,BKS - Too Much,other,gain_plus6,input,1.5606653690338135,4.1176561353495345e-05,5.999999775590613,2.1294900065527145e-07,9.235796650341193e-09,3.4119689189537894e-06,0.0
history_009_other,BKS - Too Much,other,gain_plus6,normalized,0.01906196027994156,0.019079474732279778,2.8886138139228024e-06,0.0033742340690956496,5.5074792531003235e-05,0.00011839089711429551,0.0
history_009_other,BKS - Too Much,other,eq_minus6,input,0.30413585901260376,0.31352469325065613,1.8847508264293324,0.21901743327909529,0.7751304630572957,1.4534629583358765,0.0
history_009_other,BKS - Too Much,other,eq_minus6,normalized,0.4524669051170349,0.4386521577835083,0.2633492173096812,0.2072799473936584,0.06837832728375812,0.08054058253765106,0.0
history_009_other,BKS - Too Much,other,eq_plus6,input,0.4369450509548187,0.33569425344467163,2.389932128253779,0.6940885924182609,0.925208393352542,1.504574179649353,0.0
history_009_other,BKS - Too Much,other,eq_plus6,normalized,0.46762704849243164,0.46374592185020447,0.23572901003461766,0.3715910432930656,0.10474994165787183,0.15346141159534454,0.0
history_009_other,BKS - Too Much,other,comp_ratio2,input,0.28442689776420593,0.26760417222976685,1.6598650004976676,2.39359545082047,0.9633263081714518,0.7495542764663696,0.0
history_009_other,BKS - Too Much,other,comp_ratio2,normalized,0.9805051684379578,0.5095138549804688,3.2842195176213806,2.5630125029228488,0.9056750433090656,0.6054531931877136,0.0
history_009_other,BKS - Too Much,other,comp_ratio4,input,0.39832836389541626,0.39292412996292114,2.3504111694231042,2.004360877532992,1.4219722224583495,1.0821768045425415,0.0
history_009_other,BKS - Too Much,other,comp_ratio4,normalized,1.1826543807983398,0.5769224166870117,3.9586904819509243,3.228961955635871,1.2606613351392788,0.7070502638816833,0.0
history_010_bass,Cristina Vane - So Easy,bass,identity,input,0.0,0.0,0.0,0.0,0.0,0.0,0.0
history_010_bass,Cristina Vane - So Easy,bass,identity,normalized,0.0,0.0,0.0,0.0,0.0,0.0,0.0
history_010_bass,Cristina Vane - So Easy,bass,gain_minus6,input,1.1380821466445923,5.5115186114562675e-05,6.000000472234575,8.684644114964613e-08,8.254617358244117e-09,1.4969952644605655e-05,0.0
history_010_bass,Cristina Vane - So Easy,bass,gain_minus6,normalized,0.03804966062307358,0.038078054785728455,7.777150692334089e-07,4.2234912065453045e-06,4.886968152858551e-05,5.668388621415943e-05,0.0
history_010_bass,Cristina Vane - So Easy,bass,gain_plus6,input,1.6717872619628906,6.407788168871775e-05,5.999999813582537,1.289433360085468e-07,8.557215366958629e-09,1.332416468358133e-05,0.0
history_010_bass,Cristina Vane - So Easy,bass,gain_plus6,normalized,0.03092890977859497,0.030960215255618095,2.087359163738256e-06,3.1837542451285117e-06,3.970007703264456e-05,0.0001834944705478847,0.0
history_010_bass,Cristina Vane - So Easy,bass,eq_minus6,input,0.14637114107608795,0.15240971744060516,0.41565336959196486,0.6546674173990503,0.16024598921998034,1.553051471710205,0.0
history_010_bass,Cristina Vane - So Easy,bass,eq_minus6,normalized,0.4233658015727997,0.42336392402648926,0.0005326520173163374,0.22460237695894136,0.06209877361630923,0.0065259081311523914,0.0
history_010_bass,Cristina Vane - So Easy,bass,eq_plus6,input,0.1789800524711609,0.18699555099010468,0.5751787159968309,0.5796899562289575,0.22490439238871626,1.635698914527893,0.0
history_010_bass,Cristina Vane - So Easy,bass,eq_plus6,normalized,0.42428526282310486,0.4242855906486511,4.4545756111347146e-05,0.14370502847744504,0.06033038966096125,0.006570374593138695,0.0
history_010_bass,Cristina Vane - So Easy,bass,comp_ratio2,input,0.8045713305473328,0.2513877749443054,4.275498096234603,1.967758769290331,1.039808433926824,0.2877259850502014,0.0
history_010_bass,Cristina Vane - So Easy,bass,comp_ratio2,normalized,0.6212480068206787,0.6214479804039001,0.012960894508939447,3.0380124908006287,1.2069086160842253,0.3775012791156769,0.0
history_010_bass,Cristina Vane - So Easy,bass,comp_ratio4,input,1.123595952987671,0.37496042251586914,6.301021323391247,1.9485514393206849,1.564650221187135,0.43087223172187805,0.0
history_010_bass,Cristina Vane - So Easy,bass,comp_ratio4,normalized,1.5921897888183594,1.5960228443145752,0.10739307817120647,3.2619825222878305,1.5659625694388584,0.30769938230514526,0.0
history_010_drums,Tom McKenzie - Directions,drums,identity,input,0.0,0.0,0.0,0.0,0.0,0.0,0.0
history_010_drums,Tom McKenzie - Directions,drums,identity,normalized,0.0,0.0,0.0,0.0,0.0,0.0,0.0
history_010_drums,Tom McKenzie - Directions,drums,gain_minus6,input,1.1694347858428955,6.856291292933747e-06,6.0000004759702215,1.8150545244566274e-07,1.2157056578635682e-08,1.7059844594768947e-06,0.0
history_010_drums,Tom McKenzie - Directions,drums,gain_minus6,normalized,0.008088624104857445,0.008093114010989666,4.134327085125733e-06,5.884501774744422e-10,0.00011722914215842183,1.2419754966686014e-05,0.0
history_010_drums,Tom McKenzie - Directions,drums,gain_plus6,input,1.6766198873519897,7.804571396263782e-06,5.999999771403445,7.452443284705623e-08,9.297197548838125e-09,6.151014531496912e-06,0.0
history_010_drums,Tom McKenzie - Directions,drums,gain_plus6,normalized,0.008105510845780373,0.00810960028320551,1.4714779013047519e-06,4.6029523659285587e-07,9.479851491102449e-05,1.6715166566427797e-05,0.0
history_010_drums,Tom McKenzie - Directions,drums,eq_minus6,input,0.10453065484762192,0.10690053552389145,0.19075197897368668,0.06914198023915574,0.4273877605865776,1.5972508192062378,0.0
history_010_drums,Tom McKenzie - Directions,drums,eq_minus6,normalized,1.6614717245101929,1.6737947463989258,0.2776868291351917,0.25953250162778474,1.0531576436718062,0.2720865309238434,0.0
history_010_drums,Tom McKenzie - Directions,drums,eq_plus6,input,0.1158025860786438,0.1206367015838623,0.25821489617757365,0.3584341877746482,0.5690439331989176,1.7019634246826172,0.0
history_010_drums,Tom McKenzie - Directions,drums,eq_plus6,normalized,0.18587806820869446,0.1859535276889801,0.011771591107148538,0.3973034025472124,0.08663124621101284,0.008126774802803993,0.0
history_010_drums,Tom McKenzie - Directions,drums,comp_ratio2,input,1.0965744256973267,0.9483968615531921,8.608262688003553,2.1868390685723327,3.7393454566811766,2.063709259033203,0.0
history_010_drums,Tom McKenzie - Directions,drums,comp_ratio2,normalized,0.7248139381408691,0.723833441734314,0.07084769133494007,1.1363812040855201,3.240751601872365,0.4805099368095398,0.0
history_010_drums,Tom McKenzie - Directions,drums,comp_ratio4,input,1.4305551052093506,1.3578903675079346,11.668598420730579,0.6054864116294993,5.566196289550806,3.0185704231262207,0.0
history_010_drums,Tom McKenzie - Directions,drums,comp_ratio4,normalized,1.0519070625305176,1.0461381673812866,0.24420361013100234,1.6834103973368322,4.837305636908083,0.6443510055541992,0.0
history_010_vocals,BKS - Bulldozer,vocals,identity,input,0.0,0.0,0.0,0.0,0.0,0.0,0.0
history_010_vocals,BKS - Bulldozer,vocals,identity,normalized,0.0,0.0,0.0,0.0,0.0,0.0,0.0
history_010_vocals,BKS - Bulldozer,vocals,gain_minus6,input,1.1876299381256104,4.389181412989274e-06,6.000000485940209,2.1383301529454002e-07,8.321095504684964e-08,4.825252744922182e-06,0.0
history_010_vocals,BKS - Bulldozer,vocals,gain_minus6,normalized,0.005353744141757488,0.005361677147448063,7.66157427278813e-07,6.445483435868482e-07,0.00010148328421902621,1.332416468358133e-05,0.0
history_010_vocals,BKS - Bulldozer,vocals,gain_plus6,input,1.6855151653289795,4.942903615301475e-06,5.999999795879948,1.0111004122848044e-07,6.24371102485136e-08,5.117953151057009e-06,0.0
history_010_vocals,BKS - Bulldozer,vocals,gain_plus6,normalized,0.003368539270013571,0.003378313034772873,1.6664708866187539e-06,1.3394562827784284e-06,9.563995239310634e-05,7.62939453125e-06,0.0
history_010_vocals,BKS - Bulldozer,vocals,eq_minus6,input,0.2939354181289673,0.3422325551509857,1.732503277738779,1.4553159559384738,1.0397905897538287,1.4015777111053467,0.0
history_010_vocals,BKS - Bulldozer,vocals,eq_minus6,normalized,0.19299501180648804,0.1929951161146164,4.280999728933921e-05,0.9570164806065016,0.03990123059266271,0.0018596514128148556,0.0
history_010_vocals,BKS - Bulldozer,vocals,eq_plus6,input,0.42519325017929077,0.415313184261322,2.2328817208966534,2.616455803447627,1.2015343680121275,1.492944359779358,0.0
history_010_vocals,BKS - Bulldozer,vocals,eq_plus6,normalized,0.20560698211193085,0.20570802688598633,0.023881603528490558,0.17523688913212965,0.04524205799140003,0.006362152751535177,0.0
history_010_vocals,BKS - Bulldozer,vocals,comp_ratio2,input,0.6549354195594788,0.3778716027736664,3.7365609392647485,1.0079508437299758,1.7673573194376422,0.8147570490837097,0.0
history_010_vocals,BKS - Bulldozer,vocals,comp_ratio2,normalized,0.42194217443466187,0.428039014339447,0.2825464030745479,0.4719443720328833,1.7172643590208614,0.3646824061870575,0.0
history_010_vocals,BKS - Bulldozer,vocals,comp_ratio4,input,0.9193148612976074,0.5641648173332214,5.362632341903062,2.7288232790820466,2.6071302035032615,1.2356131076812744,0.0
history_010_vocals,BKS - Bulldozer,vocals,comp_ratio4,normalized,0.5848346948623657,0.5946025252342224,0.4024355958416521,2.209602240942477,2.520843449477411,0.5576565265655518,0.0
history_010_other,Skelpolu - Resurrection,other,identity,input,0.0,0.0,0.0,0.0,0.0,0.0,0.0
history_010_other,Skelpolu - Resurrection,other,identity,normalized,0.0,0.0,0.0,0.0,0.0,0.0,0.0
history_010_other,Skelpolu - Resurrection,other,gain_minus6,input,1.1895674467086792,6.777406156288635e-07,6.00000047750391,1.9841166931655607e-07,8.492505305030535e-09,4.825252744922182e-06,0.0
history_010_other,Skelpolu - Resurrection,other,gain_minus6,normalized,0.0042345281690359116,0.004242772236466408,1.4113492809997297e-06,2.263891261122808e-07,2.9584164934824492e-05,2.5303839720436372e-05,0.0
history_010_other,Skelpolu - Resurrection,other,gain_plus6,input,1.6860297918319702,7.604648999404162e-07,5.999999808479934,1.3948525179330318e-07,8.625215633789323e-09,0.0,0.0
history_010_other,Skelpolu - Resurrection,other,gain_plus6,normalized,0.0031525089871138334,0.0031613577157258987,1.5802220971750103e-06,1.7426928451413914e-06,2.092178840580792e-05,1.9301010979688726e-05,0.0
history_010_other,Skelpolu - Resurrection,other,eq_minus6,input,0.38232868909835815,0.4430883824825287,2.0099014207145203,2.3465618698800306,0.45096851895152,1.6334497928619385,0.0
history_010_other,Skelpolu - Resurrection,other,eq_minus6,normalized,0.1552514284849167,0.15525156259536743,0.00023510581027608168,0.14502347594066478,0.031371416746731086,0.0032096835784614086,0.0
history_010_other,Skelpolu - Resurrection,other,eq_plus6,input,0.626797616481781,0.554702639579773,3.0137301366658953,0.5522551433336194,0.5019880213925116,1.7306972742080688,0.0
history_010_other,Skelpolu - Resurrection,other,eq_plus6,normalized,0.15331630408763885,0.15331578254699707,0.0008546278337853153,0.08560284763057524,0.03173926442439336,0.002834299113601446,0.0
history_010_other,Skelpolu - Resurrection,other,comp_ratio2,input,0.9324349164962769,0.1966944932937622,4.7149929580091055,0.32743918676865746,0.8484541393832573,0.17625050246715546,0.0
history_010_other,Skelpolu - Resurrection,other,comp_ratio2,normalized,1.6861047744750977,1.69284188747406,0.16111344019939366,1.0701734072869726,1.0893521539783289,0.626088559627533,0.0
history_010_other,Skelpolu - Resurrection,other,comp_ratio4,input,1.3224800825119019,0.2956554889678955,7.006540110005055,0.2771394585613045,1.2740608043676,0.2712443768978119,0.0
history_010_other,Skelpolu - Resurrection,other,comp_ratio4,normalized,1.6719287633895874,1.6886084079742432,0.42355318121114394,1.524731362303644,1.4169771640925708,0.5932994484901428,0.0
history_011_bass,Motor Tapes - Shore,bass,identity,input,0.0,0.0,0.0,0.0,0.0,0.0,0.0
history_011_bass,Motor Tapes - Shore,bass,identity,normalized,0.0,0.0,0.0,0.0,0.0,0.0,0.0
history_011_bass,Motor Tapes - Shore,bass,gain_minus6,input,1.0417749881744385,0.00010024236689787358,6.000000471316596,1.1677311917424049e-07,7.828802480845938e-09,3.814697265625e-06,0.0
history_011_bass,Motor Tapes - Shore,bass,gain_minus6,normalized,0.05455595254898071,0.054569996893405914,1.6401455411596544e-06,3.257842564607927e-07,7.016240152947465e-05,8.885870192898437e-05,0.0
history_011_bass,Motor Tapes - Shore,bass,gain_plus6,input,1.641493797302246,0.00011712757259374484,5.999999771413577,2.3396130544028892e-07,7.723289467806756e-09,5.909703759243712e-06,0.0
history_011_bass,Motor Tapes - Shore,bass,gain_plus6,normalized,0.048788558691740036,0.048788558691740036,1.843204984197655e-07,0.0017472431819314238,7.307050416096688e-05,7.91767961345613e-05,0.0
history_011_bass,Motor Tapes - Shore,bass,eq_minus6,input,0.1062009334564209,0.10079710930585861,0.23280614691785928,0.10167216285585567,0.07357057268780946,1.5754090547561646,0.0
history_011_bass,Motor Tapes - Shore,bass,eq_minus6,normalized,0.3734089732170105,0.37336215376853943,0.007432161779117763,0.34352645023103534,0.0650274400817235,0.013945483602583408,0.0
history_011_bass,Motor Tapes - Shore,bass,eq_plus6,input,0.110349141061306,0.10342130064964294,0.23789287515968738,0.09863874413981222,0.07422664759190335,1.6522316932678223,0.0
history_011_bass,Motor Tapes - Shore,bass,eq_plus6,normalized,0.3815854489803314,0.3815753161907196,0.001536743376579608,0.25419197391567394,0.06367184783357528,0.020117448642849922,0.0
history_011_bass,Motor Tapes - Shore,bass,comp_ratio2,input,0.6910440325737,0.217850923538208,3.8642207259080195,1.8896564485311842,1.0925122348616898,0.6385313868522644,0.0
history_011_bass,Motor Tapes - Shore,bass,comp_ratio2,normalized,1.6811702251434326,1.6272395849227905,0.9205047120120078,2.4370890004270436,0.8688454372241285,0.49301135540008545,0.0
history_011_bass,Motor Tapes - Shore,bass,comp_ratio4,input,0.9523799419403076,0.3296148180961609,5.716797977219208,1.2591920174563072,1.6372093606453948,1.1638737916946411,0.0
history_011_bass,Motor Tapes - Shore,bass,comp_ratio4,normalized,1.7140333652496338,1.6367769241333008,1.1857594576528072,3.0187092569721763,1.3082294920576378,0.6887413263320923,0.0
history_011_drums,Arise - Run Run Run,drums,identity,input,0.0,0.0,0.0,0.0,0.0,0.0,0.0
history_011_drums,Arise - Run Run Run,drums,identity,normalized,0.0,0.0,0.0,0.0,0.0,0.0,0.0
history_011_drums,Arise - Run Run Run,drums,gain_minus6,input,1.1068615913391113,5.967095603409689e-06,6.000000544952535,1.71114077573975e-07,1.3438660000641503e-07,3.814697265625e-06,0.0
history_011_drums,Arise - Run Run Run,drums,gain_minus6,normalized,0.002461890457198024,0.0024662339128553867,2.499117286447472e-06,2.6061613738193046e-06,0.00035312364363402097,1.7059844594768947e-06,0.0
history_011_drums,Arise - Run Run Run,drums,gain_plus6,input,1.6603970527648926,4.105889274796937e-06,5.999999717526951,2.050726557456528e-07,1.0739652291608689e-07,5.117953151057009e-06,0.0
history_011_drums,Arise - Run Run Run,drums,gain_plus6,normalized,0.0012277420610189438,0.0012321560643613338,4.055799365687562e-06,1.2777558353604945e-06,0.0002773812645917233,5.117953151057009e-06,0.0
history_011_drums,Arise - Run Run Run,drums,eq_minus6,input,0.15542888641357422,0.17577795684337616,0.522435616798731,0.2681237796346032,0.22569499020688058,1.8488599061965942,0.0
history_011_drums,Arise - Run Run Run,drums,eq_minus6,normalized,0.32328712940216064,0.32330378890037537,0.0031058588985644064,0.18204892018686536,0.059326763457107384,0.01616276428103447,0.0
history_011_drums,Arise - Run Run Run,drums,eq_plus6,input,0.22232238948345184,0.2458854615688324,0.8160807410265676,2.3597535454691148,0.33883541520566557,1.9130218029022217,0.0
history_011_drums,Arise - Run Run Run,drums,eq_plus6,normalized,0.3386020362377167,0.3385436236858368,0.005223607804090591,0.07921179997811834,0.06276248097811198,0.04123493656516075,0.0
history_011_drums,Arise - Run Run Run,drums,comp_ratio2,input,0.9921688437461853,1.7078336477279663,12.71342355402836,0.2288844450679619,3.6510727833023173,2.4796831607818604,0.0
history_011_drums,Arise - Run Run Run,drums,comp_ratio2,normalized,1.2277674674987793,1.3553948402404785,0.7340183432151264,0.9826776866970341,3.823604329001591,0.5030390024185181,0.0
history_011_drums,Arise - Run Run Run,drums,comp_ratio4,input,1.217337965965271,2.284717559814453,16.243642408319765,0.7560675377045776,5.4232473703264725,3.6750223636627197,0.0
history_011_drums,Arise - Run Run Run,drums,comp_ratio4,normalized,1.7286467552185059,1.8750402927398682,0.8155740918029295,1.577423679598045,5.67253627944853,0.6927617192268372,0.0
history_011_vocals,Hollow Ground - Ill Fate,vocals,identity,input,0.0,0.0,0.0,0.0,0.0,0.0,0.0
history_011_vocals,Hollow Ground - Ill Fate,vocals,identity,normalized,0.0,0.0,0.0,0.0,0.0,0.0,0.0
history_011_vocals,Hollow Ground - Ill Fate,vocals,gain_minus6,input,1.1751914024353027,2.6704724405135494e-06,6.000000531469663,1.371619546830516e-07,3.2930983687670167e-07,3.814697265625e-06,0.0
history_011_vocals,Hollow Ground - Ill Fate,vocals,gain_minus6,normalized,0.0008677765144966543,0.0008710286347195506,1.0897505937634833e-06,1.3737163158111798e-06,4.011333400981856e-05,5.909703759243712e-06,0.0
history_011_vocals,Hollow Ground - Ill Fate,vocals,gain_plus6,input,1.6807842254638672,2.6047455321531743e-06,5.99999973332795,5.350287324290548e-08,1.0473422897387412e-07,6.383209438354243e-06,0.0
history_011_vocals,Hollow Ground - Ill Fate,vocals,gain_plus6,normalized,0.0008060511900112033,0.0008060511900112033,1.4884311028140473e-07,1.5346650172887166e-07,3.962562982701334e-05,4.825252744922182e-06,0.0
history_011_vocals,Hollow Ground - Ill Fate,vocals,eq_minus6,input,0.4583207070827484,0.5586665272712708,3.783969809233213,0.01045406707440577,1.2134008942050056,1.7548351287841797,0.0
history_011_vocals,Hollow Ground - Ill Fate,vocals,eq_minus6,normalized,1.5823062658309937,1.5782878398895264,0.0895913622733282,0.21850730930037798,0.12442247365641572,0.03028961271047592,0.0
history_011_vocals,Hollow Ground - Ill Fate,vocals,eq_plus6,input,0.766270101070404,0.596147894859314,4.363137058212281,0.5568595823678457,1.1840909857870392,1.802085518836975,0.0
history_011_vocals,Hollow Ground - Ill Fate,vocals,eq_plus6,normalized,0.1583089679479599,0.1547241061925888,0.08696381096080685,1.0554180238531856,0.2508410819918016,0.06974747776985168,0.0
history_011_vocals,Hollow Ground - Ill Fate,vocals,comp_ratio2,input,0.6723715662956238,0.3412266969680786,4.1515985143116865,1.062768580446189,1.984804119940333,0.823952317237854,0.0
history_011_vocals,Hollow Ground - Ill Fate,vocals,comp_ratio2,normalized,0.37828704714775085,0.37685269117355347,0.10870619763965195,0.5615149505648205,1.4788816989871596,0.18518683314323425,0.0
history_011_vocals,Hollow Ground - Ill Fate,vocals,comp_ratio4,input,0.9447509050369263,0.5121346712112427,6.077804880731463,1.5727165348806444,2.973296398835389,1.3162587881088257,0.0
history_011_vocals,Hollow Ground - Ill Fate,vocals,comp_ratio4,normalized,1.6152589321136475,1.6087980270385742,0.12670504499211077,0.7352284938928157,2.171883743842575,0.23128128051757812,0.0
history_011_other,Angels In Amplifiers - I'm Alright,other,identity,input,0.0,0.0,0.0,0.0,0.0,0.0,0.0
history_011_other,Angels In Amplifiers - I'm Alright,other,identity,normalized,0.0,0.0,0.0,0.0,0.0,0.0,0.0
history_011_other,Angels In Amplifiers - I'm Alright,other,gain_minus6,input,1.1801056861877441,1.2393184078973718e-05,6.000000461280006,3.059774265068427e-07,3.4283157255612584e-08,4.178791641606949e-06,0.0
history_011_other,Angels In Amplifiers - I'm Alright,other,gain_minus6,normalized,0.013338768854737282,0.013343698345124722,3.405894662478204e-05,3.443209896403232e-05,3.0812305895805955e-05,2.8546581233968027e-05,0.0
history_011_other,Angels In Amplifiers - I'm Alright,other,gain_plus6,input,1.6834516525268555,1.3794931874144822e-05,5.999999778492732,2.1067602773428007e-08,1.88097744556014e-08,2.954851879621856e-06,0.0
history_011_other,Angels In Amplifiers - I'm Alright,other,gain_plus6,normalized,0.0052833156660199165,0.0052976906299591064,1.3565036375950967e-05,1.3322997013176519e-05,2.3977794847679985e-05,1.3647875675815158e-05,0.0
history_011_other,Angels In Amplifiers - I'm Alright,other,eq_minus6,input,0.29198718070983887,0.34871941804885864,1.7227281840358692,0.03162705879774208,0.5041341050426117,1.5804733037948608,0.0
history_011_other,Angels In Amplifiers - I'm Alright,other,eq_minus6,normalized,0.2644025683403015,0.2644191384315491,0.003337129358897073,0.23459838152480827,0.044854848853879276,0.019349051639437675,0.0
history_011_other,Angels In Amplifiers - I'm Alright,other,eq_plus6,input,0.43260908126831055,0.4240119457244873,2.1761145130894235,0.45915665728102795,0.6514123239205146,1.6607378721237183,0.0
history_011_other,Angels In Amplifiers - I'm Alright,other,eq_plus6,normalized,1.5934484004974365,1.5918296575546265,0.03332087067501277,0.8305790573310574,1.1264779459820828,0.8101662397384644,0.0
history_011_other,Angels In Amplifiers - I'm Alright,other,comp_ratio2,input,0.9030501246452332,0.3384343087673187,5.023224437211933,3.6827051544115363,1.575903353466639,0.23529677093029022,0.0
history_011_other,Angels In Amplifiers - I'm Alright,other,comp_ratio2,normalized,1.659608244895935,1.6850745677947998,0.5496154197714027,2.0686227179008334,1.8162974932294282,0.693606972694397,0.0
history_011_other,Angels In Amplifiers - I'm Alright,other,comp_ratio4,input,1.2643613815307617,0.506298303604126,7.378046044880314,3.6897927204863556,2.3515941948455397,0.3656344413757324,0.0
history_011_other,Angels In Amplifiers - I'm Alright,other,comp_ratio4,normalized,1.7156318426132202,1.762207269668579,1.0062266255387229,2.693484035196004,2.521342404360344,0.7337349057197571,0.0
history_012_bass,AM Contra - Heart Peripheral,bass,identity,input,0.0,0.0,0.0,0.0,0.0,0.0,0.0
history_012_bass,AM Contra - Heart Peripheral,bass,identity,normalized,0.0,0.0,0.0,0.0,0.0,0.0,0.0
history_012_bass,AM Contra - Heart Peripheral,bass,gain_minus6,input,1.0018283128738403,0.00013756920816376805,6.000000471502503,2.5153383731435497e-07,7.207827254640061e-09,4.178791641606949e-06,0.0
history_012_bass,AM Contra - Heart Peripheral,bass,gain_minus6,normalized,0.04601054638624191,0.04601054638624191,1.0734078159657656e-07,1.291246682910696e-07,3.892868983932826e-05,0.0008087806054390967,0.0
history_012_bass,AM Contra - Heart Peripheral,bass,gain_plus6,input,1.6189830303192139,0.000162326090503484,5.999999792407458,2.501318423497878e-07,6.930520695937167e-09,9.947513717634138e-06,0.0
history_012_bass,AM Contra - Heart Peripheral,bass,gain_plus6,normalized,0.053700387477874756,0.05372261255979538,3.087708691396074e-06,1.8661098124539421e-06,4.773248690222287e-05,0.0010379917221143842,0.0
history_012_bass,AM Contra - Heart Peripheral,bass,eq_minus6,input,0.1006208062171936,0.0999571830034256,0.15147126377434716,0.14693038507250478,0.11137361053494342,1.4929924011230469,0.0
history_012_bass,AM Contra - Heart Peripheral,bass,eq_minus6,normalized,0.3851223886013031,0.38516348600387573,0.004426022470294555,0.35666499657422435,0.05114810230643168,0.0088134054094553,0.0
history_012_bass,AM Contra - Heart Peripheral,bass,eq_plus6,input,0.11079899966716766,0.10977919399738312,0.18253515999601433,0.9918702324845796,0.1452452272544267,1.5718744993209839,0.0
history_012_bass,AM Contra - Heart Peripheral,bass,eq_plus6,normalized,0.3844364583492279,0.3844819962978363,0.0037282747408333705,0.26339295027265663,0.050504515951515415,0.006896342150866985,0.0
history_012_bass,AM Contra - Heart Peripheral,bass,comp_ratio2,input,0.6181395053863525,0.21525675058364868,3.438650867985878,0.47409219311519024,1.1250693631803304,0.23072311282157898,0.0
history_012_bass,AM Contra - Heart Peripheral,bass,comp_ratio2,normalized,0.5089401006698608,0.510959267616272,0.18488848631038124,1.5799484987740833,1.143700366266077,0.29358500242233276,0.0
history_012_bass,AM Contra - Heart Peripheral,bass,comp_ratio4,input,0.856721818447113,0.3275049030780792,5.0600874585565165,0.6809337090030425,1.685948306754687,0.3833739459514618,0.0
history_012_bass,AM Contra - Heart Peripheral,bass,comp_ratio4,normalized,0.6015915274620056,0.6030471324920654,0.2367821256198681,3.1595544315384583,1.6695863918506295,0.38744381070137024,0.0
history_012_drums,Al James - Schoolboy Facination,drums,identity,input,0.0,0.0,0.0,0.0,0.0,0.0,0.0
history_012_drums,Al James - Schoolboy Facination,drums,identity,normalized,0.0,0.0,0.0,0.0,0.0,0.0,0.0
history_012_drums,Al James - Schoolboy Facination,drums,gain_minus6,input,1.1845415830612183,3.829371507890755e-06,6.000000519429435,3.4231398871042984e-07,1.0291917112083423e-08,1.7059844594768947e-06,0.0
history_012_drums,Al James - Schoolboy Facination,drums,gain_minus6,normalized,0.0021533516701310873,0.0021554266568273306,1.4112920538877916e-06,9.589634757389831e-07,7.22259727508759e-05,4.825252744922182e-06,0.0
history_012_drums,Al James - Schoolboy Facination,drums,gain_plus6,input,1.6841368675231934,4.3632799133774824e-06,5.999999746247298,4.8979490685496785e-08,9.714577111386468e-09,9.027221494761761e-06,0.0
history_012_drums,Al James - Schoolboy Facination,drums,gain_plus6,normalized,0.0017878863727673888,0.001790116890333593,4.307490989674534e-06,4.325314854725093e-06,6.0053611331955004e-05,7.817802725185174e-06,0.0
history_012_drums,Al James - Schoolboy Facination,drums,eq_minus6,input,0.22370776534080505,0.24663051962852478,0.8105821022234636,1.2590468642649455,0.5755878262370815,1.6367361545562744,0.0
history_012_drums,Al James - Schoolboy Facination,drums,eq_minus6,normalized,0.11623048782348633,0.11625656485557556,0.003198536365481175,0.3319175795614555,0.061472920822492484,0.007190836127847433,0.0
history_012_drums,Al James - Schoolboy Facination,drums,eq_plus6,input,0.32931196689605713,0.3440774381160736,1.3052533701219886,2.6466935030737844,0.8017307899890456,1.7153034210205078,0.0
history_012_drums,Al James - Schoolboy Facination,drums,eq_plus6,normalized,0.10974687337875366,0.10976439714431763,0.004961689640929023,0.20103541937579905,0.06065590315097207,0.010924383997917175,0.0
history_012_drums,Al James - Schoolboy Facination,drums,comp_ratio2,input,0.848580539226532,0.7068610191345215,5.604574050884857,3.5728002055577512,2.7202853359890464,0.8103636503219604,0.0
history_012_drums,Al James - Schoolboy Facination,drums,comp_ratio2,normalized,0.6069756746292114,0.6117202043533325,0.06765220638908431,1.4279045077624524,2.351310689546049,0.09020314365625381,0.0
history_012_drums,Al James - Schoolboy Facination,drums,comp_ratio4,input,1.1369023323059082,1.0240657329559326,7.764236361753252,5.157913893914383,4.035937894928458,1.2039201259613037,0.0
history_012_drums,Al James - Schoolboy Facination,drums,comp_ratio4,normalized,0.9155785441398621,0.9187535047531128,0.03999637248320198,0.11981165393851256,3.5986468930962796,0.16059911251068115,0.0
history_012_vocals,Ben Carrigan - We'll Talk About It All Tonight,vocals,identity,input,0.0,0.0,0.0,0.0,0.0,0.0,0.0
history_012_vocals,Ben Carrigan - We'll Talk About It All Tonight,vocals,identity,normalized,0.0,0.0,0.0,0.0,0.0,0.0,0.0
history_012_vocals,Ben Carrigan - We'll Talk About It All Tonight,vocals,gain_minus6,input,1.1260128021240234,1.749817602103576e-05,6.000000493914989,2.1989592724480644e-07,0.5969924901504162,3.814697265625e-06,0.0
history_012_vocals,Ben Carrigan - We'll Talk About It All Tonight,vocals,gain_minus6,normalized,0.007427465170621872,0.007431230507791042,5.16176614695496e-06,5.614474645199152e-06,0.0008869528763476212,1.739769686537329e-05,0.0
history_012_vocals,Ben Carrigan - We'll Talk About It All Tonight,vocals,gain_plus6,input,1.6534500122070312,1.9484505173750222e-05,5.999999800693118,1.371572082575767e-07,0.5969923785773938,7.817802725185174e-06,0.0
history_012_vocals,Ben Carrigan - We'll Talk About It All Tonight,vocals,gain_plus6,normalized,0.0064584240317344666,0.006462113466113806,1.4812053983348505e-06,1.3404620418100421e-06,0.00016380306490857221,1.600355244590901e-05,0.0
history_012_vocals,Ben Carrigan - We'll Talk About It All Tonight,vocals,eq_minus6,input,0.42060422897338867,0.5163217782974243,3.1144410118344688,0.4770714082634342,1.262602016945979,1.6888943910598755,0.0
history_012_vocals,Ben Carrigan - We'll Talk About It All Tonight,vocals,eq_minus6,normalized,1.5883491039276123,1.5890083312988281,0.014651911528623884,0.5149368995535575,0.8503632998504684,0.12475942075252533,0.0
history_012_vocals,Ben Carrigan - We'll Talk About It All Tonight,vocals,eq_plus6,input,0.6962242126464844,0.5646331310272217,3.8988479597863446,0.7358989081357876,1.4079711600483351,1.7539397478103638,0.0
history_012_vocals,Ben Carrigan - We'll Talk About It All Tonight,vocals,eq_plus6,normalized,0.14495369791984558,0.14494365453720093,0.0011157011737594758,0.14283664602548996,0.23196478082198022,0.004561937879770994,0.0
history_012_vocals,Ben Carrigan - We'll Talk About It All Tonight,vocals,comp_ratio2,input,0.7616881728172302,0.4241708517074585,4.824463931427037,0.3498403474895255,2.3189892744528207,1.0996081829071045,0.0
history_012_vocals,Ben Carrigan - We'll Talk About It All Tonight,vocals,comp_ratio2,normalized,0.4743025004863739,0.4650232791900635,0.5878914813507841,0.03040511350343067,2.261377559701466,1.5576540231704712,0.0
history_012_vocals,Ben Carrigan - We'll Talk About It All Tonight,vocals,comp_ratio4,input,1.0525245666503906,0.641079306602478,7.036061189902476,0.12848846840781292,3.4746074385397865,1.6772481203079224,0.0
history_012_vocals,Ben Carrigan - We'll Talk About It All Tonight,vocals,comp_ratio4,normalized,0.6465751528739929,0.635553240776062,0.723263646704499,0.43464186125979865,3.2544445882729205,1.893248438835144,0.0
history_012_other,Tom McKenzie - Directions,other,identity,input,0.0,0.0,0.0,0.0,0.0,0.0,0.0
history_012_other,Tom McKenzie - Directions,other,identity,normalized,0.0,0.0,0.0,0.0,0.0,0.0,0.0
history_012_other,Tom McKenzie - Directions,other,gain_minus6,input,1.1306147575378418,2.82867385976715e-05,6.00000050170501,2.18866428980391e-07,2.1582394928826e-08,1.7229598597623408e-05,0.0
history_012_other,Tom McKenzie - Directions,other,gain_minus6,normalized,0.02486530691385269,0.02487478218972683,9.122682783413438e-06,1.1137500848690252e-05,0.00013987393515976475,1.332416468358133e-05,0.0
history_012_other,Tom McKenzie - Directions,other,gain_plus6,input,1.666256308555603,3.215606193407439e-05,5.999999766544061,2.0166504199892188e-07,1.4109695166952832e-08,8.001776222954504e-06,0.0
history_012_other,Tom McKenzie - Directions,other,gain_plus6,normalized,0.011388622224330902,0.011400650255382061,4.319592960655427e-06,3.542734873462905e-06,0.00011040302590065744,7.033954261714825e-06,0.0
history_012_other,Tom McKenzie - Directions,other,eq_minus6,input,0.1561451405286789,0.15870721638202667,0.47808467087430273,0.03581270241637924,0.3723627638912413,1.6724494695663452,0.0
history_012_other,Tom McKenzie - Directions,other,eq_minus6,normalized,0.3380841612815857,0.33811527490615845,0.00640906546073694,0.4478026044699881,0.05038151172655189,0.015173794701695442,0.0
history_012_other,Tom McKenzie - Directions,other,eq_plus6,input,0.19706711173057556,0.19704866409301758,0.6037172292337196,0.3825315173527173,0.5295216298032157,1.7661629915237427,0.0
history_012_other,Tom McKenzie - Directions,other,eq_plus6,normalized,0.36695870757102966,0.36704540252685547,0.00475932458576267,1.0847823985921181,0.05917534013960533,0.019417697563767433,0.0
history_012_other,Tom McKenzie - Directions,other,comp_ratio2,input,0.7628598213195801,0.41889214515686035,4.74577649164145,1.269077769318642,2.198749740629029,0.664216935634613,0.0
history_012_other,Tom McKenzie - Directions,other,comp_ratio2,normalized,0.6229293346405029,0.6227378249168396,0.009266473291312138,0.4482805669393919,1.8787390858568325,0.36218443512916565,0.0
history_012_other,Tom McKenzie - Directions,other,comp_ratio4,input,1.0485502481460571,0.6319857835769653,6.8792491266368145,0.04761414021174204,3.29017541365015,1.0673574209213257,3.2236838118075286e-07
history_012_other,Tom McKenzie - Directions,other,comp_ratio4,normalized,0.8020968437194824,0.8044623136520386,0.08254308054838333,0.3887158371888013,2.783141407448973,0.6013108491897583,3.2236838118075286e-07
history_013_bass,Little Chicago's Finest - My Own,bass,identity,input,0.0,0.0,0.0,0.0,0.0,0.0,2.0532935150065965e-06
history_013_bass,Little Chicago's Finest - My Own,bass,identity,normalized,0.0,0.0,0.0,0.0,0.0,0.0,2.0532935150065965e-06
history_013_bass,Little Chicago's Finest - My Own,bass,gain_minus6,input,0.9307022094726562,6.27324334345758e-05,6.000000500719665,2.7466132834774726e-07,8.317790509934975e-09,8.357583283213899e-06,2.0532935150065965e-06
history_013_bass,Little Chicago's Finest - My Own,bass,gain_minus6,normalized,0.040142323821783066,0.040142323821783066,2.1120969151411373e-07,6.683452866695916e-07,9.711555275954447e-05,0.0003790358023252338,2.0532935150065965e-06
history_013_bass,Little Chicago's Finest - My Own,bass,gain_plus6,input,1.5981625318527222,7.333552639465779e-05,5.999999779693898,1.7584092049105493e-07,7.905477675960995e-09,8.529922524758149e-06,2.0532935150065965e-06
history_013_bass,Little Chicago's Finest - My Own,bass,gain_plus6,normalized,0.04475411772727966,0.04479443281888962,2.6072829051315694e-06,2.6059383699816863e-06,0.00010780326348324264,0.0014520763652399182,2.0532935150065965e-06
history_013_bass,Little Chicago's Finest - My Own,bass,eq_minus6,input,0.06954775750637054,0.06688930094242096,0.08059700267202174,0.02308305507323638,0.04446248225894068,1.776992917060852,2.737724686675462e-06
history_013_bass,Little Chicago's Finest - My Own,bass,eq_minus6,normalized,0.6189033389091492,0.6181526184082031,0.04885902668285169,1.1611129815328667,0.16911610617388384,0.10287817567586899,2.737724686675462e-06
history_013_bass,Little Chicago's Finest - My Own,bass,eq_plus6,input,0.07650093734264374,0.07351139187812805,0.08347369364527424,3.6960323131331485,0.047321258748339326,1.8739687204360962,2.455900086576517e-06
history_013_bass,Little Chicago's Finest - My Own,bass,eq_plus6,normalized,0.6134016513824463,0.6134299635887146,0.018517840889781922,0.7062735886908484,0.07405518870139145,0.05765824019908905,2.455900086576517e-06
history_013_bass,Little Chicago's Finest - My Own,bass,comp_ratio2,input,0.6278947591781616,0.22280190885066986,3.510183710166828,2.926441242251201,0.9816986999250551,1.2804625034332275,2.0532935150065965e-06
history_013_bass,Little Chicago's Finest - My Own,bass,comp_ratio2,normalized,1.5481798648834229,1.5458053350448608,0.06913874092519734,0.8256185574096797,0.6267379316836543,0.6073396801948547,2.0532935150065965e-06
history_013_bass,Little Chicago's Finest - My Own,bass,comp_ratio4,input,0.8506757616996765,0.3299191892147064,5.176611604989276,4.406179235139856,1.4710292112178325,1.8812488317489624,2.0532935150065965e-06
history_013_bass,Little Chicago's Finest - My Own,bass,comp_ratio4,normalized,1.5301504135131836,1.532143473625183,0.0694630857422247,0.6101812507385773,0.7588358806302231,0.7530117630958557,2.0532935150065965e-06
history_013_drums,Nerve 9 - Pray For The Rain,drums,identity,input,0.0,0.0,0.0,0.0,0.0,0.0,0.0
history_013_drums,Nerve 9 - Pray For The Rain,drums,identity,normalized,0.0,0.0,0.0,0.0,0.0,0.0,0.0
history_013_drums,Nerve 9 - Pray For The Rain,drums,gain_minus6,input,1.1445186138153076,6.794993169023655e-06,6.0000004567345115,1.1351492901212623e-07,4.312107377518958e-08,5.117953151057009e-06,0.0
history_013_drums,Nerve 9 - Pray For The Rain,drums,gain_minus6,normalized,0.00541961845010519,0.005421703681349754,8.868274505857698e-07,2.3128551376316864e-06,0.00016230899052534328,1.52587890625e-05,0.0
history_013_drums,Nerve 9 - Pray For The Rain,drums,gain_plus6,input,1.6700795888900757,6.800575647503138e-06,5.9999998368081755,8.534626871892215e-08,2.6339434856835707e-08,1.2766418876708485e-05,0.0
history_013_drums,Nerve 9 - Pray For The Rain,drums,gain_plus6,normalized,0.005744095891714096,0.005744095891714096,1.7096697746410427e-07,2.075511595478474e-06,0.00014782338367130225,1.8997039660462178e-05,0.0
history_013_drums,Nerve 9 - Pray For The Rain,drums,eq_minus6,input,0.1262190192937851,0.12281718850135803,0.057599023269130356,0.1330048689301222,0.9349839219446113,1.5297499895095825,0.0
history_013_drums,Nerve 9 - Pray For The Rain,drums,eq_minus6,normalized,0.1997493952512741,0.19945204257965088,0.04271472975543844,0.28654824686896774,0.1371722657932737,0.08400741219520569,0.0
history_013_drums,Nerve 9 - Pray For The Rain,drums,eq_plus6,input,0.1528080403804779,0.14855197072029114,0.18982974029482946,0.2617489681173524,1.1426765953280347,1.636884331703186,0.0
history_013_drums,Nerve 9 - Pray For The Rain,drums,eq_plus6,normalized,0.1615065336227417,0.1614786833524704,0.0014139712269596316,0.08695885094519085,0.050712359711642466,0.010394295677542686,0.0
history_013_drums,Nerve 9 - Pray For The Rain,drums,comp_ratio2,input,1.0198909044265747,1.5631979703903198,11.368444101583975,0.07713834540895448,3.5415134878742505,3.1794612407684326,0.0
history_013_drums,Nerve 9 - Pray For The Rain,drums,comp_ratio2,normalized,1.959692358970642,1.9764983654022217,0.1853183216124421,1.5643523442220513,3.716905013299588,0.6873250007629395,0.0
history_013_drums,Nerve 9 - Pray For The Rain,drums,comp_ratio4,input,1.2639597654342651,2.0355563163757324,14.308735715254258,2.612314526018956,5.259868347324767,4.290483474731445,0.0
history_013_drums,Nerve 9 - Pray For The Rain,drums,comp_ratio4,normalized,2.114001989364624,2.123715400695801,0.09770003786109527,0.8496831934150251,4.949162872731433,0.7477890253067017,0.0
history_013_vocals,Lyndsey Ollard - Catching Up,vocals,identity,input,0.0,0.0,0.0,0.0,0.0,0.0,0.0
history_013_vocals,Lyndsey Ollard - Catching Up,vocals,identity,normalized,0.0,0.0,0.0,0.0,0.0,0.0,0.0
history_013_vocals,Lyndsey Ollard - Catching Up,vocals,gain_minus6,input,1.1503334045410156,9.479607797402423e-06,6.000000463455347,2.5562063044048955e-07,3.395635731781854e-07,1.1316221389279235e-05,0.0
history_013_vocals,Lyndsey Ollard - Catching Up,vocals,gain_minus6,normalized,0.01199391484260559,0.011998780071735382,5.960475277788646e-07,2.0428185365517493e-08,0.00017439327963774607,4.7553839976899326e-05,0.0
history_013_vocals,Lyndsey Ollard - Catching Up,vocals,gain_plus6,input,1.6685227155685425,1.0277496585331392e-05,5.999999819029799,1.4916579260670915e-07,4.44467042128286e-07,3.4119689189537894e-06,0.0
history_013_vocals,Lyndsey Ollard - Catching Up,vocals,gain_plus6,normalized,0.014175908640027046,0.014180319383740425,2.272610728937252e-06,4.234694699789543e-06,0.0007584864144578484,1.457593771192478e-05,0.0
history_013_vocals,Lyndsey Ollard - Catching Up,vocals,eq_minus6,input,0.3670197129249573,0.4118959307670593,2.371750722038332,0.7186564926797274,0.9216975730413991,1.6154465675354004,0.0
history_013_vocals,Lyndsey Ollard - Catching Up,vocals,eq_minus6,normalized,0.1623746156692505,0.1622825562953949,0.00544758144665991,0.017364108369221753,0.04108281155165424,0.019465941935777664,0.0
history_013_vocals,Lyndsey Ollard - Catching Up,vocals,eq_plus6,input,0.5745798945426941,0.5002201795578003,3.1467237239156667,0.7800530326248918,1.0499514507901175,1.7092102766036987,0.0
history_013_vocals,Lyndsey Ollard - Catching Up,vocals,eq_plus6,normalized,0.15824759006500244,0.1581953763961792,0.009460832195010482,0.8061192759992863,0.04273291943704062,0.016328098252415657,0.0
history_013_vocals,Lyndsey Ollard - Catching Up,vocals,comp_ratio2,input,1.0426042079925537,0.6544134616851807,7.33021164434415,2.8529462568487602,2.891288135141268,1.642231822013855,0.0
history_013_vocals,Lyndsey Ollard - Catching Up,vocals,comp_ratio2,normalized,0.6148253083229065,0.6314002871513367,0.6561090680819035,3.3698683108474654,2.398414777908798,0.3823443651199341,0.0
history_013_vocals,Lyndsey Ollard - Catching Up,vocals,comp_ratio4,input,1.4180415868759155,0.9791723489761353,10.484146248404333,4.071355861789819,4.342075553930417,2.607672691345215,0.0
history_013_vocals,Lyndsey Ollard - Catching Up,vocals,comp_ratio4,normalized,0.8774837255477905,0.9057359099388123,1.0599721367318793,5.19275688964813,3.630847300182452,0.7753608226776123,0.0
history_013_other,Speak Softly - Broken Man,other,identity,input,0.0,0.0,0.0,0.0,0.0,0.0,0.0
history_013_other,Speak Softly - Broken Man,other,identity,normalized,0.0,0.0,0.0,0.0,0.0,0.0,0.0
history_013_other,Speak Softly - Broken Man,other,gain_minus6,input,0.9347133636474609,6.939799641259015e-05,6.0000005060641115,3.4588987674055716e-08,1.2125490702600918e-08,1.7059844594768947e-06,0.0
history_013_other,Speak Softly - Broken Man,other,gain_minus6,normalized,0.034565459936857224,0.034572020173072815,1.5827459378670028e-06,1.3436283268219995e-06,0.00013204817277557483,6.446725456044078e-05,0.0
history_013_other,Speak Softly - Broken Man,other,gain_plus6,input,1.5744602680206299,7.93871222413145e-05,5.999999809175499,3.480199115557525e-07,8.851856723528573e-09,5.394796517066425e-06,0.0
history_013_other,Speak Softly - Broken Man,other,gain_plus6,normalized,0.035075679421424866,0.03508181869983673,2.955051005670839e-06,3.2241447485148456e-06,0.0001403651833131127,0.00023971358314156532,0.0
history_013_other,Speak Softly - Broken Man,other,eq_minus6,input,0.2395343780517578,0.24420645833015442,1.254269501322451,0.08464100982830125,0.3502867452989355,1.4588450193405151,0.0
history_013_other,Speak Softly - Broken Man,other,eq_minus6,normalized,0.28203654289245605,0.2819286584854126,0.015312120049351563,0.03302453164186758,0.045566196360013515,0.008860823698341846,0.0
history_013_other,Speak Softly - Broken Man,other,eq_plus6,input,0.3301932215690613,0.2899012267589569,1.6257319206541538,0.6980514344092779,0.41941831044632555,1.530637502670288,0.0
history_013_other,Speak Softly - Broken Man,other,eq_plus6,normalized,0.2817288041114807,0.2816624045372009,0.00587423081400118,0.665878581733871,0.04566808161764112,0.009261454455554485,0.0
history_013_other,Speak Softly - Broken Man,other,comp_ratio2,input,0.6413283348083496,0.37309274077415466,4.4674073010475155,1.3659634688332165,2.0534496723829734,0.8933610320091248,0.0
history_013_other,Speak Softly - Broken Man,other,comp_ratio2,normalized,1.5986287593841553,1.5855863094329834,0.23431790265100716,0.3020049756452501,2.128473448744138,2.006462574005127,0.0
history_013_other,Speak Softly - Broken Man,other,comp_ratio4,input,0.8731966018676758,0.5761113166809082,6.419915014705591,1.4916392869425064,3.0741854204630825,1.3623870611190796,0.0
history_013_other,Speak Softly - Broken Man,other,comp_ratio4,normalized,1.7074737548828125,1.688403844833374,0.268458975953596,0.3112085283365964,2.941883807911828,2.262334108352661,0.0
history_014_bass,Al James - Schoolboy Facination,bass,identity,input,0.0,0.0,0.0,0.0,0.0,0.0,0.0
history_014_bass,Al James - Schoolboy Facination,bass,identity,normalized,0.0,0.0,0.0,0.0,0.0,0.0,0.0
history_014_bass,Al James - Schoolboy Facination,bass,gain_minus6,input,0.8579193353652954,0.0001197608289658092,6.000000484370329,1.492288461690805e-07,0.7528506479002558,3.814697265625e-06,0.0
history_014_bass,Al James - Schoolboy Facination,bass,gain_minus6,normalized,0.11100243031978607,0.11100336164236069,9.113672554406094e-07,9.92625945883674e-07,0.0007985449133318031,3.290383756393567e-05,0.0
history_014_bass,Al James - Schoolboy Facination,bass,gain_plus6,input,1.5488488674163818,0.00013856831355951726,5.999999798446474,2.1546074790990133e-07,0.7528505606309838,1.0377098988101352e-05,0.0
history_014_bass,Al James - Schoolboy Facination,bass,gain_plus6,normalized,0.10999741405248642,0.10999833792448044,5.752793157398628e-07,4.099940191792939e-07,0.0007337739573533709,0.0006579883047379553,0.0
history_014_bass,Al James - Schoolboy Facination,bass,eq_minus6,input,0.12921671569347382,0.12987524271011353,0.45931787752648034,0.21599747203384112,0.18536485888173426,1.2753347158432007,0.0
history_014_bass,Al James - Schoolboy Facination,bass,eq_minus6,normalized,0.3560163676738739,0.3560253977775574,0.003169304927052252,0.008923462107057745,0.0800121509410679,0.012425580061972141,0.0
history_014_bass,Al James - Schoolboy Facination,bass,eq_plus6,input,0.14650067687034607,0.14083696901798248,0.5342895632942088,0.5155617788382454,0.2141642426736643,1.3092234134674072,0.0
history_014_bass,Al James - Schoolboy Facination,bass,eq_plus6,normalized,0.36333203315734863,0.3633153438568115,0.0021471231442156125,0.1469536791566366,0.11421433960326713,0.034614548087120056,0.0
history_014_bass,Al James - Schoolboy Facination,bass,comp_ratio2,input,0.6581642627716064,0.3160543739795685,4.0062388893180945,0.5516105883995124,1.35520039379134,4.115360260009766,0.0
history_014_bass,Al James - Schoolboy Facination,bass,comp_ratio2,normalized,0.7511806488037109,0.7558543086051941,0.39757985286983555,3.786704800301422,1.595538396385165,1.3424538373947144,0.0
history_014_bass,Al James - Schoolboy Facination,bass,comp_ratio4,input,0.8654748797416687,0.45999687910079956,5.890456269865162,1.0048428118454247,2.026527706483998,5.985119342803955,0.0
history_014_bass,Al James - Schoolboy Facination,bass,comp_ratio4,normalized,0.9531478881835938,0.9626187086105347,0.5165270927957692,5.060431459823221,2.209709330761704,1.456270694732666,0.0
history_014_drums,Carlos Gonzalez - A Place For Us,drums,identity,input,0.0,0.0,0.0,0.0,0.0,0.0,0.0
history_014_drums,Carlos Gonzalez - A Place For Us,drums,identity,normalized,0.0,0.0,0.0,0.0,0.0,0.0,0.0
history_014_drums,Carlos Gonzalez - A Place For Us,drums,gain_minus6,input,1.1727335453033447,4.272837941243779e-06,6.000000526357326,5.074289433082413e-08,5.159066831683974e-08,3.4119689189537894e-06,0.0
history_014_drums,Carlos Gonzalez - A Place For Us,drums,gain_minus6,normalized,0.00810285471379757,0.008106260560452938,3.4843607039647395e-06,8.95650232735079e-06,0.0005979817043436619,1.7059845049516298e-05,0.0
history_014_drums,Carlos Gonzalez - A Place For Us,drums,gain_plus6,input,1.6809163093566895,4.234606876707403e-06,5.999999776868055,1.590051077471344e-07,4.2806007593515396e-08,5.117953151057009e-06,0.0
history_014_drums,Carlos Gonzalez - A Place For Us,drums,gain_plus6,normalized,0.0021635727025568485,0.0021679275669157505,6.089081878712932e-07,2.0400921769692104e-06,0.0004335280653257694,8.357583283213899e-06,0.0
history_014_drums,Carlos Gonzalez - A Place For Us,drums,eq_minus6,input,0.21220263838768005,0.23513613641262054,0.7871857133888582,0.3452456149181664,0.7093205669972016,1.6878749132156372,0.0
history_014_drums,Carlos Gonzalez - A Place For Us,drums,eq_minus6,normalized,0.18490688502788544,0.18490108847618103,0.0013618767456122782,0.2571715389469773,0.0471133657552316,0.004256035666912794,0.0
history_014_drums,Carlos Gonzalez - A Place For Us,drums,eq_plus6,input,0.3076968193054199,0.3345875144004822,1.3438199461226255,0.5506339042070536,0.9989007778664759,1.7581884860992432,0.0
history_014_drums,Carlos Gonzalez - A Place For Us,drums,eq_plus6,normalized,0.19067077338695526,0.19065171480178833,0.0028126825114043186,0.04308147309524202,0.05789468827222241,0.008848156780004501,0.0
history_014_drums,Carlos Gonzalez - A Place For Us,drums,comp_ratio2,input,0.7157937288284302,0.8040212392807007,5.501272082874969,2.1182775296318326,2.4051951714152584,1.0598649978637695,0.0
history_014_drums,Carlos Gonzalez - A Place For Us,drums,comp_ratio2,normalized,1.729480504989624,1.6848464012145996,0.6410236061220331,4.703746058045098,3.1687353350430905,0.7963564395904541,0.0
history_014_drums,Carlos Gonzalez - A Place For Us,drums,comp_ratio4,input,0.9455601572990417,1.1289722919464111,7.40474167206704,2.19308739813701,3.573386623949312,1.527844786643982,0.0
history_014_drums,Carlos Gonzalez - A Place For Us,drums,comp_ratio4,normalized,1.030980110168457,0.9681562781333923,0.6053580783619807,3.772309750393447,3.1007311348318325,0.7103433609008789,0.0
history_014_vocals,Carlos Gonzalez - A Place For Us,vocals,identity,input,0.0,0.0,0.0,0.0,0.0,0.0,0.0
history_014_vocals,Carlos Gonzalez - A Place For Us,vocals,identity,normalized,0.0,0.0,0.0,0.0,0.0,0.0,0.0
history_014_vocals,Carlos Gonzalez - A Place For Us,vocals,gain_minus6,input,1.1833977699279785,8.334954145539086e-06,6.000000505039466,1.0164751174102094e-07,5.341342871939069e-08,5.117953151057009e-06,0.0
history_014_vocals,Carlos Gonzalez - A Place For Us,vocals,gain_minus6,normalized,0.013342894613742828,0.013348965905606747,3.5719125044408884e-06,3.724028296403503e-06,8.603072151437844e-05,9.800134648685344e-06,0.0
history_014_vocals,Carlos Gonzalez - A Place For Us,vocals,gain_plus6,input,1.6843726634979248,9.303820661443751e-06,5.999999771021056,1.8991013206459684e-08,1.9315042588520624e-08,4.825252744922182e-06,0.0
history_014_vocals,Carlos Gonzalez - A Place For Us,vocals,gain_plus6,normalized,0.009584028273820877,0.00959053449332714,7.481117236807222e-07,1.532403295811946e-06,8.610107189520434e-05,1.4475757780019194e-05,0.0
history_014_vocals,Carlos Gonzalez - A Place For Us,vocals,eq_minus6,input,0.40904903411865234,0.5453768968582153,3.0476238537399496,0.5947020954076869,1.3552741828040735,1.6275328397750854,0.0
history_014_vocals,Carlos Gonzalez - A Place For Us,vocals,eq_minus6,normalized,0.20359903573989868,0.20357871055603027,0.0022619311713896195,0.4203508172060815,0.037949282326558885,0.01829344965517521,0.0
history_014_vocals,Carlos Gonzalez - A Place For Us,vocals,eq_plus6,input,0.6669137477874756,0.6212555170059204,4.041346751234453,0.061050734694902076,1.3433201979070897,1.6925294399261475,0.0
history_014_vocals,Carlos Gonzalez - A Place For Us,vocals,eq_plus6,normalized,0.23303429782390594,0.22923366725444794,0.0987213508114877,0.2191200853557831,0.055766693295282645,0.018449697643518448,0.0
history_014_vocals,Carlos Gonzalez - A Place For Us,vocals,comp_ratio2,input,0.6807798743247986,0.40066954493522644,4.072920334729261,1.9727688493198272,1.8041423346240808,0.6831557750701904,0.0
history_014_vocals,Carlos Gonzalez - A Place For Us,vocals,comp_ratio2,normalized,0.5086597204208374,0.47471150755882263,0.547749746340962,0.4620226795927387,1.4476982116773967,0.6750018000602722,0.0
history_014_vocals,Carlos Gonzalez - A Place For Us,vocals,comp_ratio4,input,0.9529765844345093,0.5898119807243347,5.854860391052874,3.1509115045920524,2.6987702529324658,1.0297770500183105,0.0
history_014_vocals,Carlos Gonzalez - A Place For Us,vocals,comp_ratio4,normalized,0.6845492720603943,0.6370619535446167,0.8077826584435606,0.9275883493605583,2.1771927692079744,0.9548499584197998,0.0
history_014_other,Forkupines - Semantics,other,identity,input,0.0,0.0,0.0,0.0,0.0,0.0,0.0
history_014_other,Forkupines - Semantics,other,identity,normalized,0.0,0.0,0.0,0.0,0.0,0.0,0.0
history_014_other,Forkupines - Semantics,other,gain_minus6,input,1.1788934469223022,1.620933471713215e-05,6.000000497348811,1.9064316347794374e-07,8.89454888860181e-09,7.237878890009597e-06,0.0
history_014_other,Forkupines - Semantics,other,gain_minus6,normalized,0.0027392625343054533,0.0027455200906842947,1.055090901758149e-06,1.265387865601042e-06,2.212618261653044e-05,7.62939453125e-06,0.0
history_014_other,Forkupines - Semantics,other,gain_plus6,input,1.682234525680542,1.817956035665702e-05,5.999999809645766,4.827978585808523e-07,8.952138835254012e-09,4.825252744922182e-06,0.0
history_014_other,Forkupines - Semantics,other,gain_plus6,normalized,0.0026051169261336327,0.0026114191859960556,6.746547853708762e-07,3.6576054185388784e-08,2.3735015879769497e-05,4.825252744922182e-06,0.0
history_014_other,Forkupines - Semantics,other,eq_minus6,input,0.3365328311920166,0.39123043417930603,1.956107575168108,0.681852236498063,0.2264252586647204,1.5880131721496582,0.0
history_014_other,Forkupines - Semantics,other,eq_minus6,normalized,0.11382147669792175,0.11360965669155121,0.047174323986649114,0.06268896323485862,0.047972623199253606,0.010253571905195713,0.0
history_014_other,Forkupines - Semantics,other,eq_plus6,input,0.5229406356811523,0.47774264216423035,2.5325653459938273,0.6493443724007317,0.2828003343921139,1.6810050010681152,0.0
history_014_other,Forkupines - Semantics,other,eq_plus6,normalized,0.1140601858496666,0.1136113852262497,0.0191760834879382,0.7570861787074286,0.03764089114229826,0.010365999303758144,0.0
history_014_other,Forkupines - Semantics,other,comp_ratio2,input,0.8661597967147827,0.11745552718639374,4.279227671238321,1.0296182023819505,0.3345213749249751,0.06659772247076035,0.0
history_014_other,Forkupines - Semantics,other,comp_ratio2,normalized,0.17639288306236267,0.17890188097953796,0.17889217576156824,0.12999241320695631,0.3420578049731792,0.33047106862068176,0.0
history_014_other,Forkupines - Semantics,other,comp_ratio4,input,1.2335364818572998,0.17514872550964355,6.3976254341429915,1.1031144803511665,0.5013839991401403,0.10052485764026642,0.0
history_014_other,Forkupines - Semantics,other,comp_ratio4,normalized,0.2502119243144989,0.2465200126171112,0.580077308674209,0.11097693429488231,0.5297661580927812,0.5277209877967834,0.0
history_015_bass,PR - Oh No,bass,identity,input,0.0,0.0,0.0,0.0,0.0,0.0,0.0
history_015_bass,PR - Oh No,bass,identity,normalized,0.0,0.0,0.0,0.0,0.0,0.0,0.0
history_015_bass,PR - Oh No,bass,gain_minus6,input,0.9568899869918823,5.542927101487294e-05,6.000000414442532,2.2130126353658852e-07,7.246255985012901e-06,8.357583283213899e-06,0.0
history_015_bass,PR - Oh No,bass,gain_minus6,normalized,0.027432305738329887,0.027432305738329887,5.324475793599959e-08,9.365682558382105e-07,7.936774655413478e-05,5.729670374421403e-05,0.0
history_015_bass,PR - Oh No,bass,gain_plus6,input,1.5702966451644897,6.33839299553074e-05,5.99999984972705,9.398947398153723e-09,8.41878857217571e-07,8.357583283213899e-06,0.0
history_015_bass,PR - Oh No,bass,gain_plus6,normalized,0.030264440923929214,0.030300915241241455,2.734182597663448e-06,4.147657456599063e-06,4.694776242995193e-05,7.430341065628454e-05,0.0
history_015_bass,PR - Oh No,bass,eq_minus6,input,0.10978840291500092,0.12437393516302109,0.46795946213296347,0.16747522857162522,0.2270919906730788,1.3249907493591309,0.0
history_015_bass,PR - Oh No,bass,eq_minus6,normalized,0.4162505567073822,0.41624459624290466,0.0004968443754975738,0.01743524572944466,0.08669865254131005,0.006233111955225468,0.0
history_015_bass,PR - Oh No,bass,eq_plus6,input,0.12264905869960785,0.12988634407520294,0.4790728356909639,0.20247321900278692,0.250733268046017,1.3886994123458862,0.0
history_015_bass,PR - Oh No,bass,eq_plus6,normalized,1.314702033996582,1.3323372602462769,0.3533825970614295,0.4617060084214373,7.458530403472045,0.16547875106334686,0.0
history_015_bass,PR - Oh No,bass,comp_ratio2,input,0.5949478149414062,0.460725873708725,4.079857620900992,3.718650412612778,1.9417029960050554,0.9166086316108704,0.0
history_015_bass,PR - Oh No,bass,comp_ratio2,normalized,1.4303100109100342,1.3997724056243896,0.5520724503906713,4.1617377499229065,19.67042330257901,1.1718356609344482,0.0
history_015_bass,PR - Oh No,bass,comp_ratio4,input,0.7985904216766357,0.6767648458480835,5.853129211597263,2.2733335433983406,2.899253909482886,1.351224422454834,0.0
history_015_bass,PR - Oh No,bass,comp_ratio4,normalized,1.4928128719329834,1.4417977333068848,0.8239452431182848,5.402751466895417,28.564884332587756,1.4162957668304443,0.0
history_015_drums,Speak Softly - Broken Man,drums,identity,input,0.0,0.0,0.0,0.0,0.0,0.0,0.0
history_015_drums,Speak Softly - Broken Man,drums,identity,normalized,0.0,0.0,0.0,0.0,0.0,0.0,0.0
history_015_drums,Speak Softly - Broken Man,drums,gain_minus6,input,1.1850789785385132,3.984771865361836e-06,6.0000004857920395,1.2435895513362993e-07,2.7086007551514832e-08,4.825252744922182e-06,0.0
history_015_drums,Speak Softly - Broken Man,drums,gain_minus6,normalized,0.0030390776228159666,0.003049466758966446,7.557053365303545e-07,5.145980459531074e-07,9.079224158679071e-05,1.600355244590901e-05,0.0
history_015_drums,Speak Softly - Broken Man,drums,gain_plus6,input,1.6845548152923584,4.3665440898621455e-06,5.999999777699895,2.770218188175022e-08,2.1195404398319876e-08,5.117953151057009e-06,0.0
history_015_drums,Speak Softly - Broken Man,drums,gain_plus6,normalized,0.007977396249771118,0.007983865216374397,1.9336771188704915e-06,2.2644342259070527e-06,8.385442414876833e-05,2.7718966521206312e-05,0.0
history_015_drums,Speak Softly - Broken Man,drums,eq_minus6,input,0.22123396396636963,0.2805330753326416,0.9778813065230096,0.02896973605481179,1.1931917649777875,1.662079930305481,0.0
history_015_drums,Speak Softly - Broken Man,drums,eq_minus6,normalized,0.16120080649852753,0.1612086296081543,0.0008155933220166389,0.010967430272923906,0.07240725870433153,0.012170180678367615,0.0
history_015_drums,Speak Softly - Broken Man,drums,eq_plus6,input,0.3322630822658539,0.4047348201274872,1.7359782877926655,0.01989705322391444,1.3621665768213709,1.7423449754714966,0.0
history_015_drums,Speak Softly - Broken Man,drums,eq_plus6,normalized,0.16164493560791016,0.16249921917915344,0.04207436619153526,0.0536538131559503,0.07575142336495196,0.01185663789510727,0.0
history_015_drums,Speak Softly - Broken Man,drums,comp_ratio2,input,0.9469191431999207,0.679389476776123,5.619674981415667,0.3319864956681613,2.644101492631595,1.563549280166626,0.0
history_015_drums,Speak Softly - Broken Man,drums,comp_ratio2,normalized,0.7178096771240234,0.736747145652771,0.329053095211691,1.3258143863941392,2.5519357970373675,1.5030885934829712,0.0
history_015_drums,Speak Softly - Broken Man,drums,comp_ratio4,input,1.2644520998001099,0.9572428464889526,7.741443407371232,0.7989468954880792,3.9383497635636466,2.2802774906158447,0.0
history_015_drums,Speak Softly - Broken Man,drums,comp_ratio4,normalized,1.009780764579773,1.04754638671875,0.6383342777492373,0.6881836428683741,3.8522670956788843,2.2683703899383545,0.0
history_015_vocals,The Doppler Shift - Atrophy,vocals,identity,input,0.0,0.0,0.0,0.0,0.0,0.0,0.0
history_015_vocals,The Doppler Shift - Atrophy,vocals,identity,normalized,0.0,0.0,0.0,0.0,0.0,0.0,0.0
history_015_vocals,The Doppler Shift - Atrophy,vocals,gain_minus6,input,1.1691248416900635,5.292352398100775e-06,6.000000477533764,1.9232811254710214e-07,1.2904218775113907e-08,3.814697265625e-06,0.0
history_015_vocals,The Doppler Shift - Atrophy,vocals,gain_minus6,normalized,0.009060475043952465,0.009069626219570637,1.1063922471521437e-06,1.2971780378734366e-06,0.00013468996387683348,1.078959303413285e-05,0.0
history_015_vocals,The Doppler Shift - Atrophy,vocals,gain_plus6,input,1.6786372661590576,5.769531526311766e-06,5.999999826606178,1.405367591189588e-07,8.94424639445664e-09,3.814697265625e-06,0.0
history_015_vocals,The Doppler Shift - Atrophy,vocals,gain_plus6,normalized,0.012901151552796364,0.012901151552796364,4.509466791091654e-07,6.604871316540084e-07,0.00017069237023983197,1.600355244590901e-05,0.0
history_015_vocals,The Doppler Shift - Atrophy,vocals,eq_minus6,input,0.3420290946960449,0.44402942061424255,2.5914172649557905,0.22779767998118672,1.1194535856855095,1.3307472467422485,0.0
history_015_vocals,The Doppler Shift - Atrophy,vocals,eq_minus6,normalized,0.23717138171195984,0.23720437288284302,0.0033856801499965172,1.1673124442020182,0.03901941910452384,0.00936960894614458,0.0
history_015_vocals,The Doppler Shift - Atrophy,vocals,eq_plus6,input,0.5075545310974121,0.4789811074733734,2.994041672781446,0.8177152680455251,1.2477901773320073,1.4249420166015625,0.0
history_015_vocals,The Doppler Shift - Atrophy,vocals,eq_plus6,normalized,0.2401942014694214,0.24019789695739746,0.0011866153139408198,1.8067616798939845,0.03955768031902497,0.009046979248523712,0.0
history_015_vocals,The Doppler Shift - Atrophy,vocals,comp_ratio2,input,0.6025222539901733,0.4312083125114441,3.715725552021066,3.7656260229781218,1.80400076303297,0.7136698365211487,0.0
history_015_vocals,The Doppler Shift - Atrophy,vocals,comp_ratio2,normalized,0.5693042278289795,0.4615204334259033,1.0867884250283808,2.8701308540394486,1.5678087199677093,0.541515052318573,0.0
history_015_vocals,The Doppler Shift - Atrophy,vocals,comp_ratio4,input,0.842558741569519,0.6377333402633667,5.32534673143601,5.529795415824996,2.696742795159298,1.1274192333221436,0.0
history_015_vocals,The Doppler Shift - Atrophy,vocals,comp_ratio4,normalized,1.6582953929901123,1.5466502904891968,1.5817698090751584,3.719891445239451,2.261604870203087,0.6682382225990295,0.0
history_015_other,Lyndsey Ollard - Catching Up,other,identity,input,0.0,0.0,0.0,0.0,0.0,0.0,0.0
history_015_other,Lyndsey Ollard - Catching Up,other,identity,normalized,0.0,0.0,0.0,0.0,0.0,0.0,0.0
history_015_other,Lyndsey Ollard - Catching Up,other,gain_minus6,input,1.1256210803985596,1.5450923456228338e-05,6.000000483916018,7.101288446165199e-08,8.833544298277982e-09,4.825252744922182e-06,0.0
history_015_other,Lyndsey Ollard - Catching Up,other,gain_minus6,normalized,0.012280399911105633,0.012292101047933102,8.191541063240493e-07,8.750412341385072e-07,5.254106504159715e-05,9.800134648685344e-06,0.0
history_015_other,Lyndsey Ollard - Catching Up,other,gain_plus6,input,1.6608132123947144,1.7042350009432994e-05,5.9999998027686345,1.9596114242403928e-07,8.420074039639162e-09,4.178791641606949e-06,0.0
history_015_other,Lyndsey Ollard - Catching Up,other,gain_plus6,normalized,0.02026195079088211,0.020271196961402893,4.3680778318844204e-06,3.717219179577569e-06,7.467505143921497e-05,7.62939453125e-06,0.0
history_015_other,Lyndsey Ollard - Catching Up,other,eq_minus6,input,0.23412065207958221,0.26165708899497986,1.208878067498805,0.3228125760016667,0.2757320982963373,1.5528475046157837,0.0
history_015_other,Lyndsey Ollard - Catching Up,other,eq_minus6,normalized,0.25574028491973877,0.2557898163795471,0.003740190179851055,0.1938173475661209,0.05340565606932052,0.012524416670203209,0.0
history_015_other,Lyndsey Ollard - Catching Up,other,eq_plus6,input,0.33086371421813965,0.3355349004268646,1.6200358347277195,0.3346769262774174,0.40701585939539153,1.6545039415359497,0.0
history_015_other,Lyndsey Ollard - Catching Up,other,eq_plus6,normalized,0.231129452586174,0.23113471269607544,0.0005239449387168804,0.02005458294701512,0.033401224121806586,0.008866911754012108,0.0
history_015_other,Lyndsey Ollard - Catching Up,other,comp_ratio2,input,1.0152114629745483,0.49220380187034607,6.136813772814492,4.898458547239265,1.8832734237220383,0.7578065395355225,0.0
history_015_other,Lyndsey Ollard - Catching Up,other,comp_ratio2,normalized,0.5809435248374939,0.6194360256195068,0.905693204551266,1.2399752696633577,1.8521785359510639,0.21681882441043854,0.0
history_015_other,Lyndsey Ollard - Catching Up,other,comp_ratio4,input,1.385841727256775,0.7145752310752869,8.813672411172753,4.625260523657982,2.8272596209816143,1.1607259511947632,0.0
history_015_other,Lyndsey Ollard - Catching Up,other,comp_ratio4,normalized,1.6715269088745117,1.749246597290039,1.8790906797307976,0.4000392708776239,2.7881493017612398,0.5039210915565491,0.0
history_016_bass,Secretariat - Over The Top,bass,identity,input,0.0,0.0,0.0,0.0,0.0,0.0,0.0
history_016_bass,Secretariat - Over The Top,bass,identity,normalized,0.0,0.0,0.0,0.0,0.0,0.0,0.0
history_016_bass,Secretariat - Over The Top,bass,gain_minus6,input,0.960462212562561,7.524136890424415e-05,6.000000503224122,8.785521998788681e-08,7.3960923785444124e-09,5.117953151057009e-06,0.0
history_016_bass,Secretariat - Over The Top,bass,gain_minus6,normalized,0.09699999541044235,0.09701748192310333,1.3883107357059998e-06,1.0070186142741022e-06,7.611272062344524e-05,0.0026632598601281643,0.0
history_016_bass,Secretariat - Over The Top,bass,gain_plus6,input,1.5903406143188477,8.758849435253069e-05,5.9999997820056805,5.07660846693625e-08,7.0298563747506605e-09,5.909703759243712e-06,0.0
history_016_bass,Secretariat - Over The Top,bass,gain_plus6,normalized,0.11154428124427795,0.1115628108382225,1.6305583763198683e-06,1.7354152710424842e-06,6.94832918951032e-05,0.0016580765368416905,0.0
history_016_bass,Secretariat - Over The Top,bass,eq_minus6,input,0.10036616772413254,0.09642060846090317,0.1171241417921074,0.7952725499238227,0.09828403369924055,1.732862949371338,0.0
history_016_bass,Secretariat - Over The Top,bass,eq_minus6,normalized,0.4368900656700134,0.43695172667503357,0.004013272879802798,0.01073917833908311,0.03509103550701498,0.02018631063401699,0.0
history_016_bass,Secretariat - Over The Top,bass,eq_plus6,input,0.1126079186797142,0.10819591581821442,0.14735376961798963,3.057849810075165,0.18948623630747735,1.8126909732818604,0.0
history_016_bass,Secretariat - Over The Top,bass,eq_plus6,normalized,0.43689751625061035,0.4368104636669159,0.004261544894166747,0.006641088328098732,0.03485486211033986,0.02010798268020153,0.0
history_016_bass,Secretariat - Over The Top,bass,comp_ratio2,input,0.5254074335098267,0.20968201756477356,3.167299952890623,0.2912822776561157,1.0937635651792532,0.3171226382255554,0.0
history_016_bass,Secretariat - Over The Top,bass,comp_ratio2,normalized,0.9654396772384644,1.0268750190734863,1.5148829852911874,0.09025303266330909,2.086700106249199,4.998716354370117,0.0
history_016_bass,Secretariat - Over The Top,bass,comp_ratio4,input,0.7300158739089966,0.31228169798851013,4.651983309385557,0.7904669060501561,1.6293864960416846,0.508690595626831,0.0
history_016_bass,Secretariat - Over The Top,bass,comp_ratio4,normalized,1.0772408246994019,1.1656639575958252,1.839059907664634,0.18298445128913698,2.4225001762557974,5.552369117736816,0.0
history_016_drums,James Elder & Mark M Thompson - The English Actor,drums,identity,input,0.0,0.0,0.0,0.0,0.0,0.0,0.0
history_016_drums,James Elder & Mark M Thompson - The English Actor,drums,identity,normalized,0.0,0.0,0.0,0.0,0.0,0.0,0.0
history_016_drums,James Elder & Mark M Thompson - The English Actor,drums,gain_minus6,input,1.1256985664367676,8.788561899564229e-06,6.000000446147112,1.3960162448256597e-07,1.8036162307451134e-08,9.027221494761761e-06,0.0
history_016_drums,James Elder & Mark M Thompson - The English Actor,drums,gain_minus6,normalized,0.007992593571543694,0.007998515851795673,1.6963730189445414e-06,1.840585042600651e-06,0.0001077515682975813,8.357583283213899e-06,0.0
history_016_drums,James Elder & Mark M Thompson - The English Actor,drums,gain_plus6,input,1.6647768020629883,8.58407929626992e-06,5.999999775012242,7.664511869620583e-08,1.111899966969053e-08,9.800134648685344e-06,0.0
history_016_drums,James Elder & Mark M Thompson - The English Actor,drums,gain_plus6,normalized,0.0060425568372011185,0.0060498882085084915,1.982361489183404e-06,2.4258623483319752e-06,7.482991732991029e-05,1.600355244590901e-05,0.0
history_016_drums,James Elder & Mark M Thompson - The English Actor,drums,eq_minus6,input,0.1276484727859497,0.1318633258342743,0.3033555303651738,0.14465872772497335,0.1989663019804983,1.5996431112289429,0.0
history_016_drums,James Elder & Mark M Thompson - The English Actor,drums,eq_minus6,normalized,0.23531818389892578,0.23567871749401093,0.011808979566666267,0.1398056230427045,0.10966023332076992,0.04927549511194229,0.0
history_016_drums,James Elder & Mark M Thompson - The English Actor,drums,eq_plus6,input,0.15389315783977509,0.1614333838224411,0.4333721886868531,0.39147233208909427,0.26895851642563207,1.6910438537597656,0.0
history_016_drums,James Elder & Mark M Thompson - The English Actor,drums,eq_plus6,normalized,0.22620289027690887,0.22636322677135468,0.007805673455052897,0.03529854258792753,0.06811763630854126,0.01015839446336031,0.0
history_016_drums,James Elder & Mark M Thompson - The English Actor,drums,comp_ratio2,input,0.9120485782623291,0.9545998573303223,7.383539467099553,1.7481590705291659,3.053651447464731,0.8576382994651794,0.0
history_016_drums,James Elder & Mark M Thompson - The English Actor,drums,comp_ratio2,normalized,1.3111425638198853,1.3475940227508545,0.4967841571605973,4.00300396899306,5.161413610888032,3.1503195762634277,0.0
history_016_drums,James Elder & Mark M Thompson - The English Actor,drums,comp_ratio4,input,1.1806108951568604,1.352130651473999,9.94421291488782,1.9356921762790478,4.52836458181826,1.2154992818832397,0.0
history_016_drums,James Elder & Mark M Thompson - The English Actor,drums,comp_ratio4,normalized,1.5864379405975342,1.6305159330368042,0.5468560087393826,4.47801646676373,6.645910019055155,3.3251054286956787,0.0
history_016_vocals,BKS - Too Much,vocals,identity,input,0.0,0.0,0.0,0.0,0.0,0.0,0.0
history_016_vocals,BKS - Too Much,vocals,identity,normalized,0.0,0.0,0.0,0.0,0.0,0.0,0.0
history_016_vocals,BKS - Too Much,vocals,gain_minus6,input,1.1829578876495361,7.706274118390866e-06,6.0000005160198455,3.197708764446361e-08,3.017324381597011e-07,5.117953151057009e-06,0.0
history_016_vocals,BKS - Too Much,vocals,gain_minus6,normalized,0.003920315764844418,0.003925646655261517,4.667253463708221e-06,3.2287696782873354e-06,5.7911515206823874e-05,7.62939453125e-06,0.0
history_016_vocals,BKS - Too Much,vocals,gain_plus6,input,1.6841046810150146,8.677872756379656e-06,5.999999805038687,2.369769802612609e-08,1.9930184255429413e-07,3.814697265625e-06,0.0
history_016_vocals,BKS - Too Much,vocals,gain_plus6,normalized,0.004432878457009792,0.004432878457009792,4.5759553657376273e-07,1.8416375979768418e-06,6.091460545999065e-05,7.62939453125e-06,0.0
history_016_vocals,BKS - Too Much,vocals,eq_minus6,input,0.373696506023407,0.4548247754573822,2.4979185467091156,1.430121635264804,1.2603972287638066,1.6661797761917114,0.0
history_016_vocals,BKS - Too Much,vocals,eq_minus6,normalized,0.13977697491645813,0.13975578546524048,0.0023052170000639194,0.2912099225773943,0.04925797911685262,0.006545087788254023,0.0
history_016_vocals,BKS - Too Much,vocals,eq_plus6,input,0.596426784992218,0.5501497387886047,3.3567729537191404,1.0569820486648283,1.4093522244271084,1.7438398599624634,0.0
history_016_vocals,BKS - Too Much,vocals,eq_plus6,normalized,1.609691858291626,1.614129900932312,0.10343080068929211,0.4513615777289317,0.9072340049057956,0.1550103724002838,0.0
history_016_vocals,BKS - Too Much,vocals,comp_ratio2,input,0.7321715354919434,0.42142733931541443,4.277042554248482,1.3173844434579536,2.1242375151151665,1.2448244094848633,0.0
history_016_vocals,BKS - Too Much,vocals,comp_ratio2,normalized,1.6175975799560547,1.6238912343978882,0.15435733295901954,2.534612321931718,1.7333912693089695,0.6411496996879578,0.0
history_016_vocals,BKS - Too Much,vocals,comp_ratio4,input,1.0197033882141113,0.6321895122528076,6.181663512264002,1.1964449081506494,3.18095976476066,1.8789516687393188,0.0
history_016_vocals,BKS - Too Much,vocals,comp_ratio4,normalized,0.6666724681854248,0.6637600660324097,0.234525030115865,3.274938095850093,2.4370457687134857,0.9192028641700745,0.0
history_016_other,Detsky Sad - Walkie Talkie,other,identity,input,0.0,0.0,0.0,0.0,0.0,0.0,0.0
history_016_other,Detsky Sad - Walkie Talkie,other,identity,normalized,0.0,0.0,0.0,0.0,0.0,0.0,0.0
history_016_other,Detsky Sad - Walkie Talkie,other,gain_minus6,input,1.0853500366210938,4.736127084470354e-05,6.00000051012675,3.513948421129953e-07,8.237922960680517e-09,3.4119689189537894e-06,0.0
history_016_other,Detsky Sad - Walkie Talkie,other,gain_minus6,normalized,0.009984339587390423,0.009992207400500774,1.3747463896152112e-06,1.3916606746988691e-06,3.80692978597824e-05,3.0517578125e-05,0.0
history_016_other,Detsky Sad - Walkie Talkie,other,gain_plus6,input,1.6417865753173828,5.304293517838232e-05,5.999999764819684,4.491478087231826e-07,8.330420315712389e-09,4.825252744922182e-06,0.0
history_016_other,Detsky Sad - Walkie Talkie,other,gain_plus6,normalized,0.01009919960051775,0.010107805952429771,3.49314728609329e-06,3.896976913608796e-06,3.851064643949617e-05,7.817802725185174e-06,0.0
history_016_other,Detsky Sad - Walkie Talkie,other,eq_minus6,input,0.33127543330192566,0.3690221309661865,2.103625790882262,0.4241762988631237,0.3043873670003719,1.4424279928207397,0.0
history_016_other,Detsky Sad - Walkie Talkie,other,eq_minus6,normalized,0.23628383874893188,0.23629164695739746,0.0005577326506056579,0.4611353577729105,0.03486046268076771,0.006970974151045084,0.0
history_016_other,Detsky Sad - Walkie Talkie,other,eq_plus6,input,0.49950096011161804,0.42644938826560974,2.598020432867237,0.43102301858559144,0.3370639511497571,1.5362040996551514,0.0
history_016_other,Detsky Sad - Walkie Talkie,other,eq_plus6,normalized,0.2238524854183197,0.2238594889640808,0.000518559927929374,0.1653953183873682,0.034291928102691605,0.005536184646189213,0.0
history_016_other,Detsky Sad - Walkie Talkie,other,comp_ratio2,input,0.7928305864334106,0.10875164717435837,4.2024164896566845,0.3149240954249528,0.29939637182984125,0.0960729569196701,0.0
history_016_other,Detsky Sad - Walkie Talkie,other,comp_ratio2,normalized,0.2699483335018158,0.26541459560394287,0.22706227787166355,0.25414001791867946,0.32577516386270083,0.2432471662759781,0.0
history_016_other,Detsky Sad - Walkie Talkie,other,comp_ratio4,input,1.115297555923462,0.16290470957756042,6.287999050406796,0.057030888138452696,0.44784890479548256,0.14865273237228394,0.0
history_016_other,Detsky Sad - Walkie Talkie,other,comp_ratio4,normalized,0.3800109326839447,0.3878903388977051,0.4792943841021824,0.48704150613546204,0.4854173154022716,0.4075770676136017,0.0
history_017_bass,Hollow Ground - Ill Fate,bass,identity,input,0.0,0.0,0.0,0.0,0.0,0.0,0.0
history_017_bass,Hollow Ground - Ill Fate,bass,identity,normalized,0.0,0.0,0.0,0.0,0.0,0.0,0.0
history_017_bass,Hollow Ground - Ill Fate,bass,gain_minus6,input,0.9528212547302246,0.00011539038678165525,6.000000495928862,1.27290235241162e-07,1.5548466238901906e-07,7.033954261714825e-06,0.0
history_017_bass,Hollow Ground - Ill Fate,bass,gain_minus6,normalized,0.03528914228081703,0.03532063588500023,6.558694565228507e-07,2.887047791944042e-07,7.23264534407087e-05,0.00026108251768164337,0.0
history_017_bass,Hollow Ground - Ill Fate,bass,gain_plus6,input,1.5965478420257568,0.00013597100041806698,5.999999785521872,2.8824827857931723e-07,1.1866870218858267e-07,3.4119689189537894e-06,0.0
history_017_bass,Hollow Ground - Ill Fate,bass,gain_plus6,normalized,0.040428511798381805,0.04045683890581131,1.2277943284288995e-06,6.682180178074759e-07,6.849025920831421e-05,0.00045936621609143913,0.0
history_017_bass,Hollow Ground - Ill Fate,bass,eq_minus6,input,0.11261852085590363,0.10736443847417831,0.2067316944346267,0.04807850527752322,0.11706931049148675,1.6418768167495728,0.0
history_017_bass,Hollow Ground - Ill Fate,bass,eq_minus6,normalized,0.3783760070800781,0.37843823432922363,0.007169325307884833,0.09017387180065484,0.06670110814474135,0.01204307097941637,0.0
history_017_bass,Hollow Ground - Ill Fate,bass,eq_plus6,input,0.12353681772947311,0.11761114001274109,0.24090398034710958,0.596171333522717,0.1614768892036315,1.7301065921783447,0.0
history_017_bass,Hollow Ground - Ill Fate,bass,eq_plus6,normalized,0.3785102367401123,0.37840813398361206,0.007825596899557752,0.02240760180475121,0.06814348202606597,0.016737917438149452,0.0
history_017_bass,Hollow Ground - Ill Fate,bass,comp_ratio2,input,0.6690548658370972,0.22934627532958984,4.0945333608876915,1.1519572709312236,1.104224383293321,0.46358489990234375,0.0
history_017_bass,Hollow Ground - Ill Fate,bass,comp_ratio2,normalized,1.5414890050888062,1.534101963043213,0.14021075559112361,0.6708390231929187,1.0246099918575535,0.4582948088645935,0.0
history_017_bass,Hollow Ground - Ill Fate,bass,comp_ratio4,input,0.9102888107299805,0.3456196188926697,6.028283168563373,0.14105948561660497,1.6549244612355647,0.7242759466171265,0.0
history_017_bass,Hollow Ground - Ill Fate,bass,comp_ratio4,normalized,0.6461959481239319,0.6470939517021179,0.02921219526985297,0.2492797008855483,1.3157695768459936,0.7554978728294373,0.0
history_017_drums,Secretariat - Over The Top,drums,identity,input,0.0,0.0,0.0,0.0,0.0,0.0,0.0
history_017_drums,Secretariat - Over The Top,drums,identity,normalized,0.0,0.0,0.0,0.0,0.0,0.0,0.0
history_017_drums,Secretariat - Over The Top,drums,gain_minus6,input,1.1887414455413818,9.850253945842269e-07,6.000000500698299,1.9805105822001678e-07,1.365607990728113e-08,5.909703759243712e-06,0.0
history_017_drums,Secretariat - Over The Top,drums,gain_minus6,normalized,0.003890286898240447,0.003890286898240447,9.096336128777693e-08,5.763325958696441e-07,0.00017511539983471852,1.8765829736366868e-05,0.0
history_017_drums,Secretariat - Over The Top,drums,gain_plus6,input,1.6857450008392334,1.0865895774259116e-06,5.999999810737027,2.1874800637533554e-07,9.046146683087493e-09,5.117953151057009e-06,0.0
history_017_drums,Secretariat - Over The Top,drums,gain_plus6,normalized,0.005477806553244591,0.005477806553244591,3.7481292025631774e-07,9.598347361361448e-07,0.00018957523501992438,2.0754197976202704e-05,0.0
history_017_drums,Secretariat - Over The Top,drums,eq_minus6,input,0.14574432373046875,0.1460030972957611,0.3468638776982296,0.7582203155065059,0.25481996836416865,1.504974365234375,0.0
history_017_drums,Secretariat - Over The Top,drums,eq_minus6,normalized,0.13878148794174194,0.138805091381073,0.0026100829249884328,0.095135255158457,0.05696093766319522,0.007818646728992462,0.0
history_017_drums,Secretariat - Over The Top,drums,eq_plus6,input,0.17866365611553192,0.17835478484630585,0.4591913916007684,0.30052102148307824,0.3336366569235532,1.5844309329986572,0.0
history_017_drums,Secretariat - Over The Top,drums,eq_plus6,normalized,0.138017937541008,0.13800686597824097,0.006600711851270091,0.0013973495793351276,0.05755486075812311,0.006958211772143841,0.0
history_017_drums,Secretariat - Over The Top,drums,comp_ratio2,input,0.7519406080245972,0.5941974520683289,4.57349968370967,4.7690315887589385,2.450794990689818,0.9472493529319763,0.0
history_017_drums,Secretariat - Over The Top,drums,comp_ratio2,normalized,1.336163878440857,1.2927069664001465,0.310151734406773,1.8614916751278194,3.635878111089913,3.24151873588562,0.0
history_017_drums,Secretariat - Over The Top,drums,comp_ratio4,input,1.020219087600708,0.867523193359375,6.381745237168587,6.716410936770064,3.6406052248883776,1.407800316810608,0.0
history_017_drums,Secretariat - Over The Top,drums,comp_ratio4,normalized,1.6598155498504639,1.6011508703231812,0.4194834126492992,4.355771167443159,4.824645372802261,3.921795606613159,0.0
history_017_vocals,Louis Cressy Band - Good Time,vocals,identity,input,0.0,0.0,0.0,0.0,0.0,0.0,0.0
history_017_vocals,Louis Cressy Band - Good Time,vocals,identity,normalized,0.0,0.0,0.0,0.0,0.0,0.0,0.0
history_017_vocals,Louis Cressy Band - Good Time,vocals,gain_minus6,input,1.1326574087142944,1.883717777673155e-05,6.000000521214247,1.6322205276253499e-07,6.472558040183886e-07,6.151014531496912e-06,0.0
history_017_vocals,Louis Cressy Band - Good Time,vocals,gain_minus6,normalized,0.014019541442394257,0.014026569202542305,1.0580334691923099e-05,1.1212667416771183e-05,7.508344096139123e-05,1.0235906302114017e-05,0.0
history_017_vocals,Louis Cressy Band - Good Time,vocals,gain_plus6,input,1.66402268409729,2.1663094230461866e-05,5.999999811225209,5.000964975465649e-09,5.798267675876213e-07,3.4119689189537894e-06,0.0
history_017_vocals,Louis Cressy Band - Good Time,vocals,gain_plus6,normalized,0.008338789455592632,0.008347531780600548,2.0211283633386756e-06,4.206818083218877e-06,6.707445434818295e-05,1.078959303413285e-05,0.0
history_017_vocals,Louis Cressy Band - Good Time,vocals,eq_minus6,input,0.37063127756118774,0.4264100193977356,2.1746998799445834,1.9866006919379853,1.0687961389165586,1.6703543663024902,0.0
history_017_vocals,Louis Cressy Band - Good Time,vocals,eq_minus6,normalized,0.2403363436460495,0.23939770460128784,0.03832980169380917,0.7011404559320802,0.2918897737370922,0.1344546377658844,0.0
history_017_vocals,Louis Cressy Band - Good Time,vocals,eq_plus6,input,0.6034159064292908,0.5241639018058777,3.0714795239605728,1.447702504971188,1.1916385589649967,1.7630443572998047,0.0
history_017_vocals,Louis Cressy Band - Good Time,vocals,eq_plus6,normalized,0.22424684464931488,0.2238905280828476,0.020307794749907515,0.3023871691203084,0.1297207327689686,0.018435999751091003,0.0
history_017_vocals,Louis Cressy Band - Good Time,vocals,comp_ratio2,input,0.6283974051475525,0.37309834361076355,3.864696408857263,0.2873917451966559,1.8789637585159191,0.9706013202667236,0.0
history_017_vocals,Louis Cressy Band - Good Time,vocals,comp_ratio2,normalized,0.4221867322921753,0.4125010669231415,0.1787313474199692,0.9006955849153897,1.339716453564007,0.4997558891773224,0.0
history_017_vocals,Louis Cressy Band - Good Time,vocals,comp_ratio4,input,0.8812965750694275,0.5752901434898376,5.7484361509806625,1.3576811859924884,2.8176208768956137,1.459464430809021,0.0
history_017_vocals,Louis Cressy Band - Good Time,vocals,comp_ratio4,normalized,0.5791792273521423,0.5606608986854553,0.3332802438925633,2.008050458656644,2.1015734613270785,0.6992846131324768,0.0
history_017_other,We Fell From The Sky - Not You,other,identity,input,0.0,0.0,0.0,0.0,0.0,0.0,0.0
history_017_other,We Fell From The Sky - Not You,other,identity,normalized,0.0,0.0,0.0,0.0,0.0,0.0,0.0
history_017_other,We Fell From The Sky - Not You,other,gain_minus6,input,1.1518057584762573,3.5788954846793786e-05,6.000000498819205,9.679671997275818e-08,8.893092136407782e-09,4.178791641606949e-06,0.0
history_017_other,We Fell From The Sky - Not You,other,gain_minus6,normalized,0.005465095862746239,0.0054685319773852825,6.748895664543397e-07,1.6639013225017152e-06,4.4557799758458515e-05,3.2368778192903847e-05,0.0
history_017_other,We Fell From The Sky - Not You,other,gain_plus6,input,1.67264986038208,4.028141847811639e-05,5.999999810948758,6.692349252546137e-08,8.806971966280361e-09,4.825252744922182e-06,0.0
history_017_other,We Fell From The Sky - Not You,other,gain_plus6,normalized,0.005867889150977135,0.005871334578841925,5.891092058618597e-07,3.655853760164973e-06,4.482024489923211e-05,3.3603995689190924e-05,0.0
history_017_other,We Fell From The Sky - Not You,other,eq_minus6,input,0.33720463514328003,0.4423404633998871,2.3377445157302645,0.7311075352799374,0.5286140207912562,1.4994447231292725,0.0
history_017_other,We Fell From The Sky - Not You,other,eq_minus6,normalized,0.12076300382614136,0.11956974118947983,0.03776600761916171,0.6633286585396547,0.06820758903034406,0.012264120392501354,0.0
history_017_other,We Fell From The Sky - Not You,other,eq_plus6,input,0.5135319232940674,0.49285373091697693,2.875150159253945,0.6849689209494354,0.5878730351572886,1.58342444896698,0.0
history_017_other,We Fell From The Sky - Not You,other,eq_plus6,normalized,0.1266038715839386,0.1263321489095688,0.01106636232210434,0.5608360139511035,0.09187029644228101,0.0067358920350670815,0.0
history_017_other,We Fell From The Sky - Not You,other,comp_ratio2,input,0.9809402227401733,0.18333286046981812,5.087524657672315,0.6355893220156634,0.7892778270384024,0.10097767412662506,0.0
history_017_other,We Fell From The Sky - Not You,other,comp_ratio2,normalized,0.3750717043876648,0.32679760456085205,0.7000182738699614,0.8895269328214113,1.0917561361897477,1.1652125120162964,0.0
history_017_other,We Fell From The Sky - Not You,other,comp_ratio4,input,1.3765047788619995,0.27688437700271606,7.581314064759731,0.8820030207851612,1.187881712455218,0.15686990320682526,0.0
history_017_other,We Fell From The Sky - Not You,other,comp_ratio4,normalized,0.5024083852767944,0.43189987540245056,1.08008999961568,1.3551711272083153,1.576258081015114,1.538568377494812,0.0
history_018_bass,The Easton Ellises (Baumi) - SDRNR,bass,identity,input,0.0,0.0,0.0,0.0,0.0,0.0,0.0
history_018_bass,The Easton Ellises (Baumi) - SDRNR,bass,identity,normalized,0.0,0.0,0.0,0.0,0.0,0.0,0.0
history_018_bass,The Easton Ellises (Baumi) - SDRNR,bass,gain_minus6,input,1.0339938402175903,5.717921885661781e-05,6.000000489121771,2.2091115070566048e-07,8.227652274422579e-09,9.027221494761761e-06,0.0
history_018_bass,The Easton Ellises (Baumi) - SDRNR,bass,gain_minus6,normalized,0.0671846941113472,0.06721054762601852,1.9066347860530186e-06,1.599456624035156e-06,7.035029734910908e-05,0.0009145541116595268,0.0
history_018_bass,The Easton Ellises (Baumi) - SDRNR,bass,gain_plus6,input,1.6185972690582275,6.63548125885427e-05,5.999999782870809,1.79011555800912e-07,7.725799362998267e-09,5.394796517066425e-06,0.0
history_018_bass,The Easton Ellises (Baumi) - SDRNR,bass,gain_plus6,normalized,0.08976664394140244,0.08978139609098434,2.9558081742209197e-06,4.69607266140315e-06,9.982705513812424e-05,0.0003063417971134186,0.0
history_018_bass,The Easton Ellises (Baumi) - SDRNR,bass,eq_minus6,input,0.1624840945005417,0.17331716418266296,0.4788249633576882,0.7062671021395754,0.2774482996276337,1.6325693130493164,0.0
history_018_bass,The Easton Ellises (Baumi) - SDRNR,bass,eq_minus6,normalized,0.4561135768890381,0.4561116695404053,0.00013531792190946135,0.07038655053122866,0.04789876118432464,0.005559657700359821,0.0
history_018_bass,The Easton Ellises (Baumi) - SDRNR,bass,eq_plus6,input,0.22083806991577148,0.23615330457687378,0.825464273265105,1.2802242077184438,0.4753694404583509,1.715903401374817,0.0
history_018_bass,The Easton Ellises (Baumi) - SDRNR,bass,eq_plus6,normalized,0.4556179642677307,0.45562034845352173,0.00016597847173827063,0.008161006582433572,0.04858424854437339,0.006932934746146202,0.0
history_018_bass,The Easton Ellises (Baumi) - SDRNR,bass,comp_ratio2,input,0.634606659412384,0.38839957118034363,3.8438089907604294,0.909367691986013,1.9550808046081791,0.0912516713142395,0.0
history_018_bass,The Easton Ellises (Baumi) - SDRNR,bass,comp_ratio2,normalized,0.8755757808685303,0.868354320526123,0.3469141263486861,2.337773707997691,3.1614663802588945,2.0917716026306152,0.0
history_018_bass,The Easton Ellises (Baumi) - SDRNR,bass,comp_ratio4,input,0.8744164705276489,0.5899842977523804,5.5136668130900155,1.3611487297369678,2.920084158954885,0.15590445697307587,0.0
history_018_bass,The Easton Ellises (Baumi) - SDRNR,bass,comp_ratio4,normalized,0.9986263513565063,0.9887933731079102,0.35377275860116697,3.357634110511782,4.133449548409423,2.501141309738159,0.0
history_018_drums,Speak Softly - Like Horses,drums,identity,input,0.0,0.0,0.0,0.0,0.0,0.0,0.0
history_018_drums,Speak Softly - Like Horses,drums,identity,normalized,0.0,0.0,0.0,0.0,0.0,0.0,0.0
history_018_drums,Speak Softly - Like Horses,drums,gain_minus6,input,1.1816444396972656,2.1869732336199377e-06,6.000000494776252,2.2892549367270476e-07,1.5397789270920443e-08,6.151014531496912e-06,0.0
history_018_drums,Speak Softly - Like Horses,drums,gain_minus6,normalized,0.002056153491139412,0.0020592722576111555,6.018625384740517e-07,7.170732985173345e-07,0.00010863555565657454,0.0,0.0
history_018_drums,Speak Softly - Like Horses,drums,gain_plus6,input,1.6833808422088623,2.2357035049935803e-06,5.999999774859042,2.2193071913534368e-07,1.5244746155200302e-08,5.117953151057009e-06,0.0
history_018_drums,Speak Softly - Like Horses,drums,gain_plus6,normalized,0.0015379859833046794,0.0015379859833046794,4.1279584195308416e-08,1.824553947926688e-07,5.152683007367798e-05,6.823937837907579e-06,0.0
history_018_drums,Speak Softly - Like Horses,drums,eq_minus6,input,0.24888771772384644,0.2990581691265106,1.073696961363133,0.953576050237892,0.883504755597788,1.7379008531570435,0.0
history_018_drums,Speak Softly - Like Horses,drums,eq_minus6,normalized,0.12767888605594635,0.12767553329467773,0.0011010073312220925,0.0646488004599064,0.07488751100531237,0.0025996784679591656,0.0
history_018_drums,Speak Softly - Like Horses,drums,eq_plus6,input,0.38727402687072754,0.4308335781097412,1.8688030569736966,0.15363291562822212,1.196638647624773,1.829828143119812,0.0
history_018_drums,Speak Softly - Like Horses,drums,eq_plus6,normalized,0.1278734654188156,0.1278740018606186,0.0001812887302321542,0.013630377567309893,0.07078038437911165,0.0032326856162399054,0.0
history_018_drums,Speak Softly - Like Horses,drums,comp_ratio2,input,0.8455120921134949,0.6210851669311523,5.106896563980655,3.4636498558531486,2.409720387279914,1.1072123050689697,0.0
history_018_drums,Speak Softly - Like Horses,drums,comp_ratio2,normalized,0.7996046543121338,0.8113851547241211,0.18275235659037747,1.3717238660030162,3.054126532607028,1.3201485872268677,0.0
history_018_drums,Speak Softly - Like Horses,drums,comp_ratio4,input,1.1397144794464111,0.8846167325973511,7.112845745040843,5.658919425269701,3.580518687072769,1.589535117149353,0.0
history_018_drums,Speak Softly - Like Horses,drums,comp_ratio4,normalized,0.9594149589538574,0.9702076315879822,0.17512268327897118,2.7005385719769706,3.878556792867637,1.4227447509765625,0.0
history_018_vocals,Angels In Amplifiers - I'm Alright,vocals,identity,input,0.0,0.0,0.0,0.0,0.0,0.0,0.0
history_018_vocals,Angels In Amplifiers - I'm Alright,vocals,identity,normalized,0.0,0.0,0.0,0.0,0.0,0.0,0.0
history_018_vocals,Angels In Amplifiers - I'm Alright,vocals,gain_minus6,input,1.1756194829940796,4.042460659547942e-06,6.000000482166829,3.443578755479848e-07,6.476113705986277e-08,9.027221494761761e-06,0.0
history_018_vocals,Angels In Amplifiers - I'm Alright,vocals,gain_minus6,normalized,0.00387215381488204,0.0038775771390646696,1.1294146560203444e-06,1.9037256038245687e-07,5.9804031225241006e-05,0.0,0.0
history_018_vocals,Angels In Amplifiers - I'm Alright,vocals,gain_plus6,input,1.6816589832305908,4.207275651424425e-06,5.999999774000759,4.0089225272765816e-07,7.113010404656756e-08,1.0377098988101352e-05,0.0
history_018_vocals,Angels In Amplifiers - I'm Alright,vocals,gain_plus6,normalized,0.0014389920979738235,0.001445647096261382,3.2105946345950542e-06,3.343928895560566e-06,0.00011818424097545544,7.62939453125e-06,0.0
history_018_vocals,Angels In Amplifiers - I'm Alright,vocals,eq_minus6,input,0.38249027729034424,0.491420716047287,2.777905793876524,1.6155678960262776,1.3148324607618858,1.5877147912979126,0.0
history_018_vocals,Angels In Amplifiers - I'm Alright,vocals,eq_minus6,normalized,0.2061132788658142,0.20606660842895508,0.005496835106377773,0.1883165687215218,0.052210229856463716,0.015074489638209343,0.0
history_018_vocals,Angels In Amplifiers - I'm Alright,vocals,eq_plus6,input,0.6050028204917908,0.5493587255477905,3.4512283186329036,2.311213948472373,1.4297477006244355,1.6511926651000977,0.0
history_018_vocals,Angels In Amplifiers - I'm Alright,vocals,eq_plus6,normalized,0.20061878859996796,0.20060543715953827,0.0011998186254906784,0.27014377664767153,0.048320214979957095,0.008577764965593815,0.0
history_018_vocals,Angels In Amplifiers - I'm Alright,vocals,comp_ratio2,input,0.6571457386016846,0.548035740852356,4.498077185775006,1.5635844074708771,2.1588937294759667,1.0536705255508423,0.0
history_018_vocals,Angels In Amplifiers - I'm Alright,vocals,comp_ratio2,normalized,0.530433177947998,0.5163642168045044,0.28391722778217243,2.515036358951498,1.4462025449883358,0.541178822517395,0.0
history_018_vocals,Angels In Amplifiers - I'm Alright,vocals,comp_ratio4,input,0.9033161401748657,0.7975322008132935,6.327744703769838,2.45396824653519,3.2000501691319725,1.6104106903076172,0.0
history_018_vocals,Angels In Amplifiers - I'm Alright,vocals,comp_ratio4,normalized,0.7240182757377625,0.7012196779251099,0.4611743349984323,2.010826259395909,2.169089032211896,0.8156814575195312,0.0
history_018_other,The Sunshine Garcia Band - For I Am The Moon,other,identity,input,0.0,0.0,0.0,0.0,0.0,0.0,0.0
history_018_other,The Sunshine Garcia Band - For I Am The Moon,other,identity,normalized,0.0,0.0,0.0,0.0,0.0,0.0,0.0
history_018_other,The Sunshine Garcia Band - For I Am The Moon,other,gain_minus6,input,1.1678742170333862,9.821126695896965e-06,6.000000487784408,3.454858585882903e-07,4.368069781139663e-08,4.825252744922182e-06,0.0
history_018_other,The Sunshine Garcia Band - For I Am The Moon,other,gain_minus6,normalized,0.03281789645552635,0.03282971680164337,2.7230358838892244e-06,9.513491008306119e-07,0.00018115171010840608,8.705537038622424e-05,0.0
history_018_other,The Sunshine Garcia Band - For I Am The Moon,other,gain_plus6,input,1.6796023845672607,1.077350589184789e-05,5.999999795072668,3.15125188166121e-07,1.5374913407267638e-08,7.033954261714825e-06,0.0
history_018_other,The Sunshine Garcia Band - For I Am The Moon,other,gain_plus6,normalized,0.025637423619627953,0.02565070614218712,6.7644061125804456e-06,6.9797847501718024e-06,0.000326386155487163,3.0517578125e-05,0.0
history_018_other,The Sunshine Garcia Band - For I Am The Moon,other,eq_minus6,input,0.2278026044368744,0.24273060262203217,1.1888696260170128,1.1332873612680778,0.596102094230322,1.616434931755066,0.0
history_018_other,The Sunshine Garcia Band - For I Am The Moon,other,eq_minus6,normalized,0.3671508729457855,0.3671283423900604,0.012648993326660474,0.39229595729428013,0.047741080137167165,0.010807771235704422,0.0
history_018_other,The Sunshine Garcia Band - For I Am The Moon,other,eq_plus6,input,0.30699998140335083,0.3045755922794342,1.4977644028305974,0.5905424826717329,0.7211863308734302,1.6893609762191772,0.0
history_018_other,The Sunshine Garcia Band - For I Am The Moon,other,eq_plus6,normalized,1.5513050556182861,1.537750005722046,0.2834806725251511,0.6268916556354363,1.1649815331006648,0.4182285964488983,0.0
history_018_other,The Sunshine Garcia Band - For I Am The Moon,other,comp_ratio2,input,0.7239810824394226,0.47443270683288574,4.798079100445708,0.16967998692209108,2.2714212695575573,0.9247449040412903,0.0
history_018_other,The Sunshine Garcia Band - For I Am The Moon,other,comp_ratio2,normalized,0.655300498008728,0.6699750423431396,0.27168164962024477,0.018242862967138507,1.974377523359381,0.3154759109020233,0.0
history_018_other,The Sunshine Garcia Band - For I Am The Moon,other,comp_ratio4,input,1.0011179447174072,0.708171010017395,6.918411404105829,1.528569794629643,3.3996878138383524,1.4459800720214844,0.0
history_018_other,The Sunshine Garcia Band - For I Am The Moon,other,comp_ratio4,normalized,0.8472842574119568,0.8742742538452148,0.43726542739334917,1.8561346816380322,2.9707205642380785,0.4575403034687042,0.0
history_019_bass,Bobby Nobody - Stitch Up,bass,identity,input,0.0,0.0,0.0,0.0,0.0,0.0,0.0
history_019_bass,Bobby Nobody - Stitch Up,bass,identity,normalized,0.0,0.0,0.0,0.0,0.0,0.0,0.0
history_019_bass,Bobby Nobody - Stitch Up,bass,gain_minus6,input,0.9060105085372925,5.563659215113148e-05,6.000000497731847,4.90707208200547e-09,3.6811356561532697e-07,1.194189189845929e-05,0.0
history_019_bass,Bobby Nobody - Stitch Up,bass,gain_minus6,normalized,0.03018045797944069,0.03019835613667965,5.200766786117583e-06,6.056104517426775e-06,0.0016992389537167124,0.0001633207284612581,0.0
history_019_bass,Bobby Nobody - Stitch Up,bass,gain_plus6,input,1.5775169134140015,6.38305427855812e-05,5.999999783211507,5.400910474406828e-08,1.2269312154962924e-07,4.825252744922182e-06,0.0
history_019_bass,Bobby Nobody - Stitch Up,bass,gain_plus6,normalized,0.040792495012283325,0.040807053446769714,1.6534863505057729e-06,3.6600344088810743e-07,0.000422774672744094,0.0006540665053762496,0.0
history_019_bass,Bobby Nobody - Stitch Up,bass,eq_minus6,input,0.1071757823228836,0.1032455712556839,0.18367930931609422,0.03309557789276596,0.27387985259887965,1.65817391872406,0.0
history_019_bass,Bobby Nobody - Stitch Up,bass,eq_minus6,normalized,0.4248449504375458,0.4248383641242981,0.011903303624407613,0.07262882917405022,0.08343643475565786,0.01545063965022564,0.0
history_019_bass,Bobby Nobody - Stitch Up,bass,eq_plus6,input,0.11598702520132065,0.11118527501821518,0.2022587151159776,0.05613669849263303,0.48910893002662437,1.7466740608215332,0.0
history_019_bass,Bobby Nobody - Stitch Up,bass,eq_plus6,normalized,1.6000170707702637,1.5344300270080566,0.9932650870200774,0.3892970355500829,0.443447686871762,0.5255804061889648,0.0
history_019_bass,Bobby Nobody - Stitch Up,bass,comp_ratio2,input,0.3618137240409851,0.2774766683578491,2.357591721742466,2.2590222428029563,1.202493200803795,0.5486531257629395,0.0
history_019_bass,Bobby Nobody - Stitch Up,bass,comp_ratio2,normalized,1.6655912399291992,1.5333675146102905,2.048550277180844,0.15849916219268678,1.7545474898875317,0.40083813667297363,0.0
history_019_bass,Bobby Nobody - Stitch Up,bass,comp_ratio4,input,0.5028669834136963,0.418195903301239,3.450654080853589,1.2665887536875928,1.7776059498979928,0.8222306370735168,0.0
history_019_bass,Bobby Nobody - Stitch Up,bass,comp_ratio4,normalized,1.6785739660263062,1.507049322128296,2.3980740980415725,1.15702855940944,1.9875014520075984,0.47110337018966675,0.0
history_019_drums,Triviul feat. The Fiend - Widow,drums,identity,input,0.0,0.0,0.0,0.0,0.0,0.0,0.0
history_019_drums,Triviul feat. The Fiend - Widow,drums,identity,normalized,0.0,0.0,0.0,0.0,0.0,0.0,0.0
history_019_drums,Triviul feat. The Fiend - Widow,drums,gain_minus6,input,1.1801329851150513,2.208208570664283e-06,6.000000473654886,2.505322775903096e-07,5.317254166412076e-08,4.825252744922182e-06,0.0
history_019_drums,Triviul feat. The Fiend - Widow,drums,gain_minus6,normalized,0.0009975872235372663,0.0009975872235372663,6.53053149335392e-08,4.555823807095294e-07,0.00017018398533645172,3.4119689189537894e-06,0.0
history_019_drums,Triviul feat. The Fiend - Widow,drums,gain_plus6,input,1.681491732597351,2.1228145214990946e-06,5.999999805783251,5.2682665341308166e-08,3.694667755088118e-08,1.4170971553539857e-05,0.0
history_019_drums,Triviul feat. The Fiend - Widow,drums,gain_plus6,normalized,0.0011435233755037189,0.001145989983342588,1.2883907345440093e-06,1.8277119480103465e-06,0.00017365880004230084,4.825252744922182e-06,0.0
history_019_drums,Triviul feat. The Fiend - Widow,drums,eq_minus6,input,0.18140527606010437,0.20256981253623962,0.7394282318924468,0.8175459705746491,0.6291390425830664,1.586020588874817,0.0
history_019_drums,Triviul feat. The Fiend - Widow,drums,eq_minus6,normalized,0.16364693641662598,0.163633331656456,0.0008390523245580539,0.27410559013901903,0.26389623131128453,0.08722913265228271,0.0
history_019_drums,Triviul feat. The Fiend - Widow,drums,eq_plus6,input,0.24020831286907196,0.25725066661834717,0.9857302620768671,0.9268216289774251,0.7626538787744906,1.6863501071929932,0.0
history_019_drums,Triviul feat. The Fiend - Widow,drums,eq_plus6,normalized,0.16714197397232056,0.16713285446166992,0.0004804767462829318,0.022955544615300028,0.3556905475351201,0.09794414788484573,0.0
history_019_drums,Triviul feat. The Fiend - Widow,drums,comp_ratio2,input,0.7762047648429871,0.7336450815200806,5.71188565143035,3.3992122578630592,2.5683558641432835,0.35583028197288513,0.0
history_019_drums,Triviul feat. The Fiend - Widow,drums,comp_ratio2,normalized,0.7657227516174316,0.7598094344139099,0.075122349649277,2.27531084812604,2.8040347426334007,0.20767594873905182,0.0
history_019_drums,Triviul feat. The Fiend - Widow,drums,comp_ratio4,input,1.0319790840148926,1.055415153503418,7.895661458602284,5.642128614841024,3.7902928940437595,0.6419344544410706,0.0
history_019_drums,Triviul feat. The Fiend - Widow,drums,comp_ratio4,normalized,1.085607886314392,1.0712984800338745,0.15990730039763434,3.740993883540991,3.9356013241239403,0.22597812116146088,0.0
history_019_vocals,The Sunshine Garcia Band - For I Am The Moon,vocals,identity,input,0.0,0.0,0.0,0.0,0.0,0.0,0.0
history_019_vocals,The Sunshine Garcia Band - For I Am The Moon,vocals,identity,normalized,0.0,0.0,0.0,0.0,0.0,0.0,0.0
history_019_vocals,The Sunshine Garcia Band - For I Am The Moon,vocals,gain_minus6,input,1.1841132640838623,1.03143847809406e-05,6.000000502206209,3.076600734175372e-07,8.202654206350879e-09,6.151014531496912e-06,0.0
history_019_vocals,The Sunshine Garcia Band - For I Am The Moon,vocals,gain_minus6,normalized,0.009065711870789528,0.009073537774384022,2.74425710244941e-06,4.202233974126557e-06,5.3304479757431546e-05,1.37540864670882e-05,0.0
history_019_vocals,The Sunshine Garcia Band - For I Am The Moon,vocals,gain_plus6,input,1.6844456195831299,1.1881081263709348e-05,5.999999757487636,2.0796520061594492e-08,9.028437393969026e-09,5.117953151057009e-06,0.0
history_019_vocals,The Sunshine Garcia Band - For I Am The Moon,vocals,gain_plus6,normalized,0.0062833684496581554,0.0062906756065785885,1.0650781412380184e-06,2.5939328338608902e-06,7.897803575733133e-05,8.698848432686646e-06,0.0
history_019_vocals,The Sunshine Garcia Band - For I Am The Moon,vocals,eq_minus6,input,0.36722463369369507,0.4358792006969452,2.3533416350338463,2.3188460471687655,1.0909584200364866,1.7094608545303345,0.0
history_019_vocals,The Sunshine Garcia Band - For I Am The Moon,vocals,eq_minus6,normalized,0.17838087677955627,0.17835979163646698,0.0032213864435064465,0.1712810667816207,0.037987806700691115,0.005102346185594797,0.0
history_019_vocals,The Sunshine Garcia Band - For I Am The Moon,vocals,eq_plus6,input,0.58420729637146,0.5272125005722046,3.0885890173870365,1.0269028155348074,1.2123492163744019,1.7643319368362427,0.0
history_019_vocals,The Sunshine Garcia Band - For I Am The Moon,vocals,eq_plus6,normalized,0.17601190507411957,0.1759941577911377,0.00346126053355178,0.006319908770276328,0.03713313445924557,0.005557781085371971,0.0
history_019_vocals,The Sunshine Garcia Band - For I Am The Moon,vocals,comp_ratio2,input,0.8193454742431641,0.24752306938171387,4.249696987844853,2.6385244448386196,1.4982121409218865,0.6246936321258545,0.0
history_019_vocals,The Sunshine Garcia Band - For I Am The Moon,vocals,comp_ratio2,normalized,0.4225254952907562,0.4109477996826172,0.28754421698862487,3.1352694672734636,1.340742815878306,1.2444589138031006,0.0
history_019_vocals,The Sunshine Garcia Band - For I Am The Moon,vocals,comp_ratio4,input,1.1590166091918945,0.37681421637535095,6.266921488081135,4.0548798775873784,2.2483426422122106,0.9434071779251099,0.0
history_019_vocals,The Sunshine Garcia Band - For I Am The Moon,vocals,comp_ratio4,normalized,0.5779136419296265,0.5592202544212341,0.4417970140033525,4.867655686540555,2.01503376717701,1.8579928874969482,0.0
history_019_other,Buitraker - Revo X,other,identity,input,0.0,0.0,0.0,0.0,0.0,0.0,0.0
history_019_other,Buitraker - Revo X,other,identity,normalized,0.0,0.0,0.0,0.0,0.0,0.0,0.0
history_019_other,Buitraker - Revo X,other,gain_minus6,input,1.1565327644348145,1.0799233677971642e-05,6.000000470023959,7.093966303273191e-08,8.661884184227672e-09,3.4119689189537894e-06,0.0
history_019_other,Buitraker - Revo X,other,gain_minus6,normalized,0.004659116268157959,0.004659116268157959,1.6184299056476448e-07,2.1805016032772073e-06,4.7531763282174e-05,6.151014531496912e-06,0.0
history_019_other,Buitraker - Revo X,other,gain_plus6,input,1.6710070371627808,1.1938888746954035e-05,5.999999775163008,1.0234623104565799e-07,8.939831152675328e-09,4.178791641606949e-06,0.0
history_019_other,Buitraker - Revo X,other,gain_plus6,normalized,0.003942516632378101,0.003954471554607153,7.675246180838258e-07,9.444180477657937e-07,5.2525098397197436e-05,1.8054442989523523e-05,0.0
history_019_other,Buitraker - Revo X,other,eq_minus6,input,0.31571370363235474,0.37291353940963745,1.8419101729751723,0.47882957091861655,0.4171302938869369,1.555906057357788,0.0
history_019_other,Buitraker - Revo X,other,eq_minus6,normalized,0.29559963941574097,0.2955985963344574,0.00014484998474983968,0.1594511898359663,0.03265695983692414,0.006067258305847645,0.0
history_019_other,Buitraker - Revo X,other,eq_plus6,input,0.4791897237300873,0.4528167247772217,2.431309924846598,0.1958223519071467,0.5075770951645351,1.6326944828033447,0.0
history_019_other,Buitraker - Revo X,other,eq_plus6,normalized,0.29528212547302246,0.2952772378921509,0.0010911634922408098,0.5042049499855885,0.0334690290369176,0.0057817744091153145,0.0
history_019_other,Buitraker - Revo X,other,comp_ratio2,input,0.24517235159873962,0.20868492126464844,1.2593251596987471,2.1975342780216316,0.7715420994261399,0.22357064485549927,0.0
history_019_other,Buitraker - Revo X,other,comp_ratio2,normalized,0.8602988123893738,0.4285202920436859,2.987173236853174,2.0233375278332524,0.9396912936914876,0.9156095385551453,0.0
history_019_other,Buitraker - Revo X,other,comp_ratio4,input,0.35311269760131836,0.307675302028656,1.8191944341676596,2.6042215039157526,1.149728981105337,0.33745133876800537,0.0
history_019_other,Buitraker - Revo X,other,comp_ratio4,normalized,1.194159984588623,0.5286824703216553,4.168131517258278,1.9068836016136927,1.3800628298086621,1.354193925857544,0.0
history_020_bass,Triviul feat. The Fiend - Widow,bass,identity,input,0.0,0.0,0.0,0.0,0.0,0.0,0.0
history_020_bass,Triviul feat. The Fiend - Widow,bass,identity,normalized,0.0,0.0,0.0,0.0,0.0,0.0,0.0
history_020_bass,Triviul feat. The Fiend - Widow,bass,gain_minus6,input,1.003127098083496,0.000123227306175977,6.000000486824639,3.306110443190846e-07,1.842174100510744e-08,1.7059844594768947e-06,0.0
history_020_bass,Triviul feat. The Fiend - Widow,bass,gain_minus6,normalized,0.05330922454595566,0.05330922454595566,1.1217809969821246e-07,1.1640279069524695e-06,8.382358609115188e-05,0.0002396953641436994,0.0
history_020_bass,Triviul feat. The Fiend - Widow,bass,gain_plus6,input,1.6210832595825195,0.0001446010428480804,5.999999806079142,2.5112148094308395e-07,1.319754110675535e-08,6.151014531496912e-06,0.0
history_020_bass,Triviul feat. The Fiend - Widow,bass,gain_plus6,normalized,0.047720767557621,0.047749266028404236,2.674584884232445e-06,3.200465062747071e-06,5.51248152770603e-05,0.0003135718288831413,0.0
history_020_bass,Triviul feat. The Fiend - Widow,bass,eq_minus6,input,0.1160973533987999,0.11628013104200363,0.20236654801097131,0.4781060619698092,0.18335556542995132,1.6530952453613281,0.0
history_020_bass,Triviul feat. The Fiend - Widow,bass,eq_minus6,normalized,0.41635507345199585,0.41636866331100464,0.0020461643381395334,0.06864015342430818,0.12699821167060665,0.03505294397473335,0.0
history_020_bass,Triviul feat. The Fiend - Widow,bass,eq_plus6,input,0.13882149755954742,0.14213013648986816,0.3372350763647418,1.4936299502607646,0.2190928634658283,1.7323381900787354,0.0
history_020_bass,Triviul feat. The Fiend - Widow,bass,eq_plus6,normalized,1.393462896347046,1.3961992263793945,0.048762446681180904,0.05172647863202684,0.7454822027226417,0.16240717470645905,0.0
history_020_bass,Triviul feat. The Fiend - Widow,bass,comp_ratio2,input,0.6528578996658325,0.17647096514701843,4.004367304550534,0.27655041378793754,1.4058370273190266,1.3380858898162842,0.0
history_020_bass,Triviul feat. The Fiend - Widow,bass,comp_ratio2,normalized,1.3910750150680542,1.382920742034912,0.14270366170913462,2.3314984273062844,1.5123355660452407,0.4970080256462097,0.0
history_020_bass,Triviul feat. The Fiend - Widow,bass,comp_ratio4,input,0.9014517664909363,0.2686942517757416,5.963069797570807,1.5736659182994366,2.0995936121221557,2.033050060272217,0.0
history_020_bass,Triviul feat. The Fiend - Widow,bass,comp_ratio4,normalized,1.40067458152771,1.3881328105926514,0.20721114883083658,3.993513553631475,2.186257149196968,0.759946882724762,0.0
history_020_drums,Side Effects Project - Sing With Me,drums,identity,input,0.0,0.0,0.0,0.0,0.0,0.0,0.0
history_020_drums,Side Effects Project - Sing With Me,drums,identity,normalized,0.0,0.0,0.0,0.0,0.0,0.0,0.0
history_020_drums,Side Effects Project - Sing With Me,drums,gain_minus6,input,1.0721482038497925,5.846326075698016e-06,6.000000491393752,1.5053363711103884e-07,0.9548111934743739,7.62939453125e-06,0.0
history_020_drums,Side Effects Project - Sing With Me,drums,gain_minus6,normalized,0.00975061021745205,0.009753153659403324,4.185265190415066e-06,5.337879798616996e-06,0.0003049073674167553,9.800134648685344e-06,0.0
history_020_drums,Side Effects Project - Sing With Me,drums,gain_plus6,input,1.6127208471298218,5.76151524001034e-06,5.9999997720478255,1.8683986802159325e-07,0.9548109123645298,8.529922524758149e-06,0.0
history_020_drums,Side Effects Project - Sing With Me,drums,gain_plus6,normalized,0.003052670042961836,0.0030565992929041386,8.575723029480287e-07,2.6364554628344194e-07,0.0003835070446673285,1.0923630725301336e-05,0.0
history_020_drums,Side Effects Project - Sing With Me,drums,eq_minus6,input,0.17491790652275085,0.20599716901779175,0.6765256422723382,0.23543212722362128,2.322865351554105,1.7535111904144287,0.0
history_020_drums,Side Effects Project - Sing With Me,drums,eq_minus6,normalized,0.19570392370224,0.19570282101631165,0.0004562880415193149,0.11169129077998008,0.10382711255785036,0.009401695802807808,0.0
history_020_drums,Side Effects Project - Sing With Me,drums,eq_plus6,input,0.2596029043197632,0.31056368350982666,1.3062166017744232,2.1429807507062932,3.483064032092532,1.8344159126281738,0.0
history_020_drums,Side Effects Project - Sing With Me,drums,eq_plus6,normalized,0.19418707489967346,0.19418714940547943,9.643986423668593e-06,0.01744916570698507,0.15135814613932158,0.011037093587219715,0.0
history_020_drums,Side Effects Project - Sing With Me,drums,comp_ratio2,input,0.8071526885032654,0.7880727052688599,6.141115344795491,3.1287701352212594,2.933108860643039,2.044142484664917,0.0
history_020_drums,Side Effects Project - Sing With Me,drums,comp_ratio2,normalized,1.7077140808105469,1.699913501739502,0.1991312667875107,7.324127080684065,10.251753863561367,3.6933059692382812,0.0
history_020_drums,Side Effects Project - Sing With Me,drums,comp_ratio4,input,1.0477147102355957,1.1455345153808594,8.410671156027345,5.752132186211707,4.359233504754596,3.008451223373413,0.0
history_020_drums,Side Effects Project - Sing With Me,drums,comp_ratio4,normalized,1.7802531719207764,1.7709999084472656,0.19538307798764976,8.951291485138086,10.60263607083267,3.7116878032684326,0.0
history_020_vocals,The Mountaineering Club - Mallory,vocals,identity,input,0.0,0.0,0.0,0.0,0.0,0.0,0.0
history_020_vocals,The Mountaineering Club - Mallory,vocals,identity,normalized,0.0,0.0,0.0,0.0,0.0,0.0,0.0
history_020_vocals,The Mountaineering Club - Mallory,vocals,gain_minus6,input,1.1348631381988525,1.2199149750813376e-05,6.000000464100733,1.4664811587294935e-07,4.715008252654905e-08,5.909703759243712e-06,0.0
history_020_vocals,The Mountaineering Club - Mallory,vocals,gain_minus6,normalized,0.00901431031525135,0.009019080549478531,1.259997453928463e-06,2.9847616431766255e-06,0.00012400944836691322,2.3141099518397823e-05,0.0
history_020_vocals,The Mountaineering Club - Mallory,vocals,gain_plus6,input,1.6628565788269043,1.3145838238415308e-05,5.999999792739256,2.2449540892921505e-08,1.4765772069862483e-08,7.62939453125e-06,0.0
history_020_vocals,The Mountaineering Club - Mallory,vocals,gain_plus6,normalized,0.006340562365949154,0.006345886737108231,1.5952577534505963e-06,3.699276831525822e-07,6.949262805906904e-05,9.027221494761761e-06,0.0
history_020_vocals,The Mountaineering Club - Mallory,vocals,eq_minus6,input,0.3511791229248047,0.4457429051399231,2.271950372205744,1.5063263131738651,0.9384027076523179,1.6852693557739258,0.0
history_020_vocals,The Mountaineering Club - Mallory,vocals,eq_minus6,normalized,1.613447904586792,1.6127427816390991,0.01523090515060943,0.3682381839249338,0.4889753714879644,0.04860381409525871,0.0
history_020_vocals,The Mountaineering Club - Mallory,vocals,eq_plus6,input,0.5692641735076904,0.5478448867797852,3.2488052080302516,1.1174317347648604,1.1521507476237793,1.7598966360092163,0.0
history_020_vocals,The Mountaineering Club - Mallory,vocals,eq_plus6,normalized,0.18844470381736755,0.18841448426246643,0.004275170371467851,0.12044782998464498,0.03951725629551906,0.0020768551621586084,0.0
history_020_vocals,The Mountaineering Club - Mallory,vocals,comp_ratio2,input,0.6871739625930786,0.5051531195640564,4.730932311756138,2.1810271725418957,2.3060872884097225,1.7755975723266602,0.0
history_020_vocals,The Mountaineering Club - Mallory,vocals,comp_ratio2,normalized,1.765324592590332,1.7502998113632202,0.27673015502154286,0.6130171379086491,1.9274397525087257,0.6344417333602905,0.0
history_020_vocals,The Mountaineering Club - Mallory,vocals,comp_ratio4,input,0.9451988935470581,0.7442152500152588,6.670029131064158,2.585403269945161,3.456821728967057,2.700061559677124,0.0
history_020_vocals,The Mountaineering Club - Mallory,vocals,comp_ratio4,normalized,1.8013075590133667,1.7873353958129883,0.2475321237387007,0.86181625577019,2.8997494595372935,0.9423655271530151,0.0
history_020_other,The Long Wait - Dark Horses,other,identity,input,0.0,0.0,0.0,0.0,0.0,0.0,0.0
history_020_other,The Long Wait - Dark Horses,other,identity,normalized,0.0,0.0,0.0,0.0,0.0,0.0,0.0
history_020_other,The Long Wait - Dark Horses,other,gain_minus6,input,1.1365017890930176,1.4925990399206057e-05,6.000000460799267,1.091896706384432e-08,8.22764265213668e-09,5.117953151057009e-06,0.0
history_020_other,The Long Wait - Dark Horses,other,gain_minus6,normalized,0.018296126276254654,0.01830771192908287,8.146126830865796e-07,9.189438827661434e-07,7.267183470492121e-05,4.837301094084978e-05,0.0
history_020_other,The Long Wait - Dark Horses,other,gain_plus6,input,1.6657569408416748,1.684479502728209e-05,5.999999819124362,1.6868623831101104e-07,8.498820388683165e-09,5.117953151057009e-06,0.0
history_020_other,The Long Wait - Dark Horses,other,gain_plus6,normalized,0.015498645603656769,0.01551160030066967,2.9355117163731848e-06,2.799955353793848e-06,6.891325157933596e-05,6.823937837907579e-06,0.0
history_020_other,The Long Wait - Dark Horses,other,eq_minus6,input,0.19144432246685028,0.20375750958919525,0.804864338304796,0.13782637683805277,0.23999152934612833,1.753326177597046,0.0
history_020_other,The Long Wait - Dark Horses,other,eq_minus6,normalized,0.3154796361923218,0.3154354393482208,0.028265526355475856,0.22312612425170997,0.056598307561852045,0.022217638790607452,0.0
history_020_other,The Long Wait - Dark Horses,other,eq_plus6,input,0.26308125257492065,0.2726815938949585,1.1206570018372695,0.32548968284160296,0.37940509362246744,1.8504531383514404,0.0
history_020_other,The Long Wait - Dark Horses,other,eq_plus6,normalized,0.3265751302242279,0.3265675902366638,0.002088587139780884,0.30258684245096745,0.05832094361536827,0.02383902296423912,0.0
history_020_other,The Long Wait - Dark Horses,other,comp_ratio2,input,0.6156548261642456,0.5265415906906128,3.661296654659882,4.119857717493122,1.9215327708973116,0.5969166159629822,0.0
history_020_other,The Long Wait - Dark Horses,other,comp_ratio2,normalized,1.6943635940551758,1.673754096031189,0.3803960197292682,3.248770363254419,2.2630577318993326,2.0899927616119385,0.0
history_020_other,The Long Wait - Dark Horses,other,comp_ratio4,input,0.8382147550582886,0.7531064748764038,5.067644846433087,4.830500081612616,2.87153023163341,0.8378828763961792,0.0
history_020_other,The Long Wait - Dark Horses,other,comp_ratio4,normalized,1.7582052946090698,1.7049427032470703,0.8667743973675925,3.321334599782052,3.0915660068530126,2.4470245838165283,0.0
history_021_bass,Skelpolu - Resurrection,bass,identity,input,0.0,0.0,0.0,0.0,0.0,0.0,0.0
history_021_bass,Skelpolu - Resurrection,bass,identity,normalized,0.0,0.0,0.0,0.0,0.0,0.0,0.0
history_021_bass,Skelpolu - Resurrection,bass,gain_minus6,input,0.8103339076042175,0.0001433781289961189,6.000000477109349,4.892101657105741e-08,0.7977067028211023,5.394796517066425e-06,0.0
history_021_bass,Skelpolu - Resurrection,bass,gain_minus6,normalized,0.06433277577161789,0.06433277577161789,1.924554489107777e-07,2.7975891505604977e-06,7.311550996217597e-05,0.0006173542933538556,0.0
history_021_bass,Skelpolu - Resurrection,bass,gain_plus6,input,1.4857591390609741,0.00017034748452715576,5.999999754855924,1.1421645851328321e-07,0.7977066830706344,5.394796517066425e-06,0.0
history_021_bass,Skelpolu - Resurrection,bass,gain_plus6,normalized,0.07586001604795456,0.07588760554790497,2.40468795809079e-06,5.3345439390284355e-06,6.71068897899824e-05,0.000585470930673182,0.0
history_021_bass,Skelpolu - Resurrection,bass,eq_minus6,input,0.10159574449062347,0.09875839948654175,0.12430732307106851,1.6063568807809077,0.20583868042677994,1.5341920852661133,0.0
history_021_bass,Skelpolu - Resurrection,bass,eq_minus6,normalized,0.44040554761886597,0.4404166638851166,0.001232952894632433,0.7919887292515035,0.0738565964730697,0.008830211125314236,0.0
history_021_bass,Skelpolu - Resurrection,bass,eq_plus6,input,0.112303726375103,0.1084240972995758,0.16497792984017323,1.8045333734872173,0.2585306277580896,1.6184380054473877,0.0
history_021_bass,Skelpolu - Resurrection,bass,eq_plus6,normalized,0.43506261706352234,0.4350491166114807,0.0012274946154242627,1.4661818735339303,0.08130832640133119,0.03380964696407318,0.0
history_021_bass,Skelpolu - Resurrection,bass,comp_ratio2,input,0.5579084157943726,0.11234733462333679,3.8459932941392445,2.9324742305482445,1.0371212553274733,1.4234404563903809,0.0
history_021_bass,Skelpolu - Resurrection,bass,comp_ratio2,normalized,0.5378939509391785,0.5376967787742615,0.018901536164559474,1.1503831220254277,0.9653621472665013,0.35104966163635254,0.0
history_021_bass,Skelpolu - Resurrection,bass,comp_ratio4,input,0.758049488067627,0.1724725067615509,5.721695392280338,4.505226622294007,1.5534240652699915,2.167804479598999,0.0
history_021_bass,Skelpolu - Resurrection,bass,comp_ratio4,normalized,0.611278235912323,0.6109215617179871,0.038262590003405705,1.26241865693504,6.363186895853292,0.5181321501731873,0.0
history_021_drums,Zeno - Signs,drums,identity,input,0.0,0.0,0.0,0.0,0.0,0.0,0.0
history_021_drums,Zeno - Signs,drums,identity,normalized,0.0,0.0,0.0,0.0,0.0,0.0,0.0
history_021_drums,Zeno - Signs,drums,gain_minus6,input,1.1862021684646606,3.867372470267583e-06,6.0000004975862,3.189029520456188e-07,1.0503945228338214e-08,5.117953151057009e-06,0.0
history_021_drums,Zeno - Signs,drums,gain_minus6,normalized,0.0014540024567395449,0.0014560455456376076,4.371762145183311e-06,4.4463892976409625e-06,6.112872760125803e-05,8.529922524758149e-06,0.0
history_021_drums,Zeno - Signs,drums,gain_plus6,input,1.6850464344024658,4.368993813841371e-06,5.999999813085438,4.079901394504759e-07,9.421317484301056e-09,7.62939453125e-06,0.0
history_021_drums,Zeno - Signs,drums,gain_plus6,normalized,0.003137686289846897,0.003139156848192215,1.6404910141432083e-06,4.136895888962044e-06,7.343339892362929e-05,5.117953151057009e-06,0.0
history_021_drums,Zeno - Signs,drums,eq_minus6,input,0.1460035741329193,0.15784189105033875,0.4445649216978964,0.24748875450413976,0.30449805198908436,1.6454998254776,0.0
history_021_drums,Zeno - Signs,drums,eq_minus6,normalized,0.11082190275192261,0.11083045601844788,0.011251662324312406,0.3146224085749161,0.08625552166931133,0.009720361791551113,0.0
history_021_drums,Zeno - Signs,drums,eq_plus6,input,0.1862306296825409,0.2026580572128296,0.6367015232475168,1.2718473807256032,0.4044022318983891,1.745409607887268,0.0
history_021_drums,Zeno - Signs,drums,eq_plus6,normalized,0.09507851302623749,0.09519179165363312,0.00571757565921871,0.6416358786024503,0.1968438879959839,0.06586752831935883,0.0
history_021_drums,Zeno - Signs,drums,comp_ratio2,input,0.8449978828430176,0.8167101740837097,6.001796917059586,0.11612048642424355,3.0486104896793247,2.0829455852508545,0.0
history_021_drums,Zeno - Signs,drums,comp_ratio2,normalized,1.6108894348144531,1.613822340965271,0.11064635382917487,1.7007167173858164,2.721165385787929,1.4474118947982788,0.0
history_021_drums,Zeno - Signs,drums,comp_ratio4,input,1.111415147781372,1.1545486450195312,7.938074075202593,0.4861496183181089,4.5065490570028075,3.0997257232666016,0.0
history_021_drums,Zeno - Signs,drums,comp_ratio4,normalized,1.787733793258667,1.7907990217208862,0.11011267460931862,1.0652624766325083,3.3287217830107116,1.5678410530090332,0.0
history_021_vocals,Georgia Wonder - Siren,vocals,identity,input,0.0,0.0,0.0,0.0,0.0,0.0,0.0
history_021_vocals,Georgia Wonder - Siren,vocals,identity,normalized,0.0,0.0,0.0,0.0,0.0,0.0,0.0
history_021_vocals,Georgia Wonder - Siren,vocals,gain_minus6,input,1.1661410331726074,7.80095342634013e-06,6.000000491608944,2.3344366439914666e-08,9.275933665219817e-09,5.909703759243712e-06,0.0
history_021_vocals,Georgia Wonder - Siren,vocals,gain_minus6,normalized,0.002091814298182726,0.0020985696464776993,5.245110656915131e-07,2.358921022960203e-07,2.3191946922176862e-05,6.823937837907579e-06,0.0
history_021_vocals,Georgia Wonder - Siren,vocals,gain_plus6,input,1.6764869689941406,8.516968591720797e-06,5.9999998046937755,2.932857547932599e-07,8.892973377512219e-09,6.151014531496912e-06,0.0
history_021_vocals,Georgia Wonder - Siren,vocals,gain_plus6,normalized,0.0032176445238292217,0.0032244082540273666,7.873922029943969e-07,4.979201975174874e-07,2.8174299056654913e-05,2.288818359375e-05,0.0
history_021_vocals,Georgia Wonder - Siren,vocals,eq_minus6,input,0.3929213881492615,0.5052123069763184,2.6757466459204693,1.4156308352725127,0.5723780935432159,1.814844012260437,0.0
history_021_vocals,Georgia Wonder - Siren,vocals,eq_minus6,normalized,0.2011927217245102,0.20122236013412476,0.009821931713517529,0.4522802135953512,0.036161861961162424,0.003938331734389067,0.0
history_021_vocals,Georgia Wonder - Siren,vocals,eq_plus6,input,0.6585456728935242,0.6041529178619385,3.690950584858914,0.8301393264553312,0.6141594042899242,1.8721448183059692,0.0
history_021_vocals,Georgia Wonder - Siren,vocals,eq_plus6,normalized,0.20728622376918793,0.20719656348228455,0.03234064765391054,0.37741676548435166,0.04313036973380241,0.020368661731481552,0.0
history_021_vocals,Georgia Wonder - Siren,vocals,comp_ratio2,input,0.1977704018354416,0.18137936294078827,0.9010586822924225,0.3262644724475656,0.5670774905050089,0.338662713766098,0.0
history_021_vocals,Georgia Wonder - Siren,vocals,comp_ratio2,normalized,1.7965362071990967,1.6589210033416748,2.0677010366222817,3.1360166137938137,2.067081320914362,1.4621745347976685,0.0
history_021_vocals,Georgia Wonder - Siren,vocals,comp_ratio4,input,0.2855396270751953,0.26685965061187744,1.2964681952598696,0.7236034522194394,0.8299547599085708,0.5417460203170776,0.0
history_021_vocals,Georgia Wonder - Siren,vocals,comp_ratio4,normalized,1.1451354026794434,0.3759860396385193,4.18907456865761,0.6538384956317635,0.977923421112445,0.4052596688270569,0.0
history_021_other,The Doppler Shift - Atrophy,other,identity,input,0.0,0.0,0.0,0.0,0.0,0.0,0.0
history_021_other,The Doppler Shift - Atrophy,other,identity,normalized,0.0,0.0,0.0,0.0,0.0,0.0,0.0
history_021_other,The Doppler Shift - Atrophy,other,gain_minus6,input,1.1817249059677124,1.3490249330061488e-05,6.000000520123784,8.769860571078425e-08,8.49955933130067e-09,1.194189189845929e-05,0.0
history_021_other,The Doppler Shift - Atrophy,other,gain_minus6,normalized,0.006342861335724592,0.006348495837301016,5.970573404567858e-07,1.0525907327973982e-06,3.7272490695266014e-05,1.6715166566427797e-05,0.0
history_021_other,The Doppler Shift - Atrophy,other,gain_plus6,input,1.683754801750183,1.535547744424548e-05,5.999999799391048,4.181238466571813e-09,8.213233011389798e-09,7.817802725185174e-06,0.0
history_021_other,The Doppler Shift - Atrophy,other,gain_plus6,normalized,0.011920923367142677,0.011920923367142677,3.0228798308939986e-07,6.064471627098555e-07,4.911943726425022e-05,9.650505489844363e-06,0.0
history_021_other,The Doppler Shift - Atrophy,other,eq_minus6,input,0.21691980957984924,0.25883325934410095,1.0022844705055611,0.24037423918902512,0.42121153889141805,1.612768530845642,0.0
history_021_other,The Doppler Shift - Atrophy,other,eq_minus6,normalized,1.6616343259811401,1.6833127737045288,0.5640275033712534,0.08522343289574863,1.3525387335042296,0.3769459128379822,0.0
history_021_other,The Doppler Shift - Atrophy,other,eq_plus6,input,0.30784153938293457,0.34081751108169556,1.4466984725661653,0.12143701968406262,0.5519370720077883,1.6922260522842407,0.0
history_021_other,The Doppler Shift - Atrophy,other,eq_plus6,normalized,0.1499662697315216,0.14930683374404907,0.027354634561294944,0.5407463161858015,0.06542285993955345,0.011842948384582996,0.0
history_021_other,The Doppler Shift - Atrophy,other,comp_ratio2,input,1.0707178115844727,0.2780172824859619,5.487309352437034,3.230161099169493,1.146597676853953,0.46793419122695923,0.0
history_021_other,The Doppler Shift - Atrophy,other,comp_ratio2,normalized,1.6961636543273926,1.7428936958312988,1.6466393364511198,0.8590748526146594,1.6823138056442306,0.8448470830917358,0.0
history_021_other,The Doppler Shift - Atrophy,other,comp_ratio4,input,1.4968597888946533,0.4109559953212738,8.088645143591727,3.0090750327230538,1.716020739897962,0.7046992778778076,0.0
history_021_other,The Doppler Shift - Atrophy,other,comp_ratio4,normalized,0.593900203704834,0.5122228860855103,1.9298268879513003,1.5991324098569368,1.777933922799003,0.865884006023407,0.0
history_022_bass,The Easton Ellises - Falcon 69,bass,identity,input,0.0,0.0,0.0,0.0,0.0,0.0,0.0
history_022_bass,The Easton Ellises - Falcon 69,bass,identity,normalized,0.0,0.0,0.0,0.0,0.0,0.0,0.0
history_022_bass,The Easton Ellises - Falcon 69,bass,gain_minus6,input,0.8072885274887085,9.019271237775683e-05,6.0000005148309015,3.182614243257831e-07,7.923844480735277e-09,0.42287635803222656,0.0
history_022_bass,The Easton Ellises - Falcon 69,bass,gain_minus6,normalized,0.05556488782167435,0.05560563504695892,3.1910107338717353e-06,4.2025652255972545e-06,4.6115406669637006e-05,0.0006854746607132256,0.0
history_022_bass,The Easton Ellises - Falcon 69,bass,gain_plus6,input,1.4877145290374756,0.00010544717952143401,5.999999799594555,1.4631318023816675e-07,8.027521501604178e-09,8.529922524758149e-06,0.0
history_022_bass,The Easton Ellises - Falcon 69,bass,gain_plus6,normalized,0.056531816720962524,0.05657117813825607,2.3739070798001194e-06,2.62777087201016e-06,4.088609554969741e-05,0.0016748849302530289,0.0
history_022_bass,The Easton Ellises - Falcon 69,bass,eq_minus6,input,0.11763288825750351,0.11038096994161606,0.24102107174145004,0.12233556797829515,0.1007185971078909,1.5258647203445435,0.0
history_022_bass,The Easton Ellises - Falcon 69,bass,eq_minus6,normalized,0.4330332279205322,0.4330470561981201,0.0011136961735580542,0.01741327915424762,0.044015061472239686,0.008241020143032074,0.0
history_022_bass,The Easton Ellises - Falcon 69,bass,eq_plus6,input,0.1295245885848999,0.11986859887838364,0.2822667832288559,0.10350989943961864,0.12380076206979944,1.5837376117706299,0.0
history_022_bass,The Easton Ellises - Falcon 69,bass,eq_plus6,normalized,0.4334380030632019,0.4334411025047302,0.00020742072707236048,0.012055216072745623,0.044407618799139896,0.008124418556690216,0.0
history_022_bass,The Easton Ellises - Falcon 69,bass,comp_ratio2,input,0.5752809047698975,0.19835111498832703,3.9586426741151364,2.421348305128582,0.9831049946665368,0.34771594405174255,0.0
history_022_bass,The Easton Ellises - Falcon 69,bass,comp_ratio2,normalized,1.4325096607208252,1.445228099822998,0.2476673332912327,0.9679265305417957,1.2358293553312176,1.656614899635315,0.0
history_022_bass,The Easton Ellises - Falcon 69,bass,comp_ratio4,input,0.7769726514816284,0.2959774434566498,5.822678375336881,2.9994066378264286,1.4720388179582728,0.5262622833251953,0.0
history_022_bass,The Easton Ellises - Falcon 69,bass,comp_ratio4,normalized,1.451715350151062,1.4669173955917358,0.28970472294516014,1.6548432856710242,1.686929498871558,2.114204168319702,0.0
history_022_drums,Juliet's Rescue - Heartbeats,drums,identity,input,0.0,0.0,0.0,0.0,0.0,0.0,0.0
history_022_drums,Juliet's Rescue - Heartbeats,drums,identity,normalized,0.0,0.0,0.0,0.0,0.0,0.0,0.0
history_022_drums,Juliet's Rescue - Heartbeats,drums,gain_minus6,input,1.1895630359649658,5.160256932867924e-07,6.000000505792631,1.4101433265523156e-07,1.0470875009211156e-08,6.151014531496912e-06,0.0
history_022_drums,Juliet's Rescue - Heartbeats,drums,gain_minus6,normalized,0.0005413705948740244,0.0005420504021458328,1.567968226368066e-06,2.2320955466170744e-06,7.434934339451324e-05,8.357583283213899e-06,0.0
history_022_drums,Juliet's Rescue - Heartbeats,drums,gain_plus6,input,1.6860287189483643,5.772039912699256e-07,5.999999785322597,5.771334343762646e-08,9.706079345519335e-09,7.817802725185174e-06,0.0
history_022_drums,Juliet's Rescue - Heartbeats,drums,gain_plus6,normalized,0.0006026026094332337,0.0006034399848431349,4.094058823511659e-06,5.32679836595662e-06,5.955278886065011e-05,1.2302029062993824e-05,0.0
history_022_drums,Juliet's Rescue - Heartbeats,drums,eq_minus6,input,0.11964599788188934,0.1273220032453537,0.2956836771130291,0.00020475373234773997,0.27352486358184724,1.5180890560150146,0.0
history_022_drums,Juliet's Rescue - Heartbeats,drums,eq_minus6,normalized,1.7358970642089844,1.6999051570892334,0.9032868209581721,0.27656479362107333,1.2294881796012966,1.3593438863754272,0.0
history_022_drums,Juliet's Rescue - Heartbeats,drums,eq_plus6,input,0.13810139894485474,0.1485668420791626,0.38888404001271226,0.2755321151578123,0.35650816452412415,1.5996822118759155,0.0
history_022_drums,Juliet's Rescue - Heartbeats,drums,eq_plus6,normalized,0.09018082916736603,0.08999307453632355,0.024931727148896243,0.2875915915960938,0.08455430972852032,0.040338240563869476,0.0
history_022_drums,Juliet's Rescue - Heartbeats,drums,comp_ratio2,input,0.6998637914657593,0.7448956370353699,4.0708849529263595,0.6796994786223642,2.523481153434667,2.5136778354644775,0.0
history_022_drums,Juliet's Rescue - Heartbeats,drums,comp_ratio2,normalized,0.6403071880340576,0.6176807880401611,0.45199214932367227,0.7575744143116196,2.1778268067126207,1.3717364072799683,0.0
history_022_drums,Juliet's Rescue - Heartbeats,drums,comp_ratio4,input,0.9151973724365234,1.0343083143234253,5.17341328451997,1.1536713313872013,3.7257923658565164,3.5672199726104736,0.0
history_022_drums,Juliet's Rescue - Heartbeats,drums,comp_ratio4,normalized,1.6847375631332397,1.6528441905975342,1.5833673712874585,0.8676222144467474,3.4700324755173138,2.7062008380889893,0.0
history_022_vocals,Little Chicago's Finest - My Own,vocals,identity,input,0.0,0.0,0.0,0.0,0.0,0.0,0.0
history_022_vocals,Little Chicago's Finest - My Own,vocals,identity,normalized,0.0,0.0,0.0,0.0,0.0,0.0,0.0
history_022_vocals,Little Chicago's Finest - My Own,vocals,gain_minus6,input,1.165000319480896,7.55094788473798e-06,6.000000476274575,1.3036694923584946e-07,5.298242672172384e-07,4.825252744922182e-06,0.0
history_022_vocals,Little Chicago's Finest - My Own,vocals,gain_minus6,normalized,0.0014518885873258114,0.0014606904005631804,5.954218949000278e-07,9.171651527140057e-07,3.452959463164536e-05,1.600355244590901e-05,0.0
history_022_vocals,Little Chicago's Finest - My Own,vocals,gain_plus6,input,1.6771248579025269,8.192459063138813e-06,5.999999769254963,2.4141828802726195e-07,9.671922391305875e-08,1.3647875675815158e-05,0.0
history_022_vocals,Little Chicago's Finest - My Own,vocals,gain_plus6,normalized,0.003484636079519987,0.0034938023891299963,2.6802365908906722e-06,2.9178533438312115e-06,0.0007658998981357689,1.600355244590901e-05,0.0
history_022_vocals,Little Chicago's Finest - My Own,vocals,eq_minus6,input,0.2875595688819885,0.32840949296951294,1.3280023357443476,1.1033726571896416,0.9826311221604594,1.9213039875030518,0.0
history_022_vocals,Little Chicago's Finest - My Own,vocals,eq_minus6,normalized,0.2773815989494324,0.2773796319961548,0.0037883784705101675,0.030751457769330415,0.05621409422074175,0.010895231738686562,0.0
history_022_vocals,Little Chicago's Finest - My Own,vocals,eq_plus6,input,0.45744284987449646,0.461524099111557,2.176472181417523,0.6357874866537401,1.2719661131497184,1.9643304347991943,0.0
history_022_vocals,Little Chicago's Finest - My Own,vocals,eq_plus6,normalized,0.2852727174758911,0.2852858304977417,0.008041575791878586,0.4416191358296011,0.06148967446610563,0.01811009645462036,0.0
history_022_vocals,Little Chicago's Finest - My Own,vocals,comp_ratio2,input,0.6334806680679321,0.39720654487609863,3.682218986421436,2.782745502636704,1.6224015677482264,0.7249361276626587,0.0
history_022_vocals,Little Chicago's Finest - My Own,vocals,comp_ratio2,normalized,0.6050162315368652,0.5401228666305542,0.8864164655443645,1.5217906329815811,1.683581384697691,0.6415517926216125,0.0
history_022_vocals,Little Chicago's Finest - My Own,vocals,comp_ratio4,input,0.8870117664337158,0.5861673355102539,5.269972379393476,4.203388007135636,2.406367761065123,1.0999222993850708,0.0
history_022_vocals,Little Chicago's Finest - My Own,vocals,comp_ratio4,normalized,0.7919331789016724,0.6976685523986816,1.2788248626580412,2.264579636066422,2.5109340423035897,0.9850919842720032,0.0
history_022_other,Moosmusic - Big Dummy Shake,other,identity,input,0.0,0.0,0.0,0.0,0.0,0.0,0.0
history_022_other,Moosmusic - Big Dummy Shake,other,identity,normalized,0.0,0.0,0.0,0.0,0.0,0.0,0.0
history_022_other,Moosmusic - Big Dummy Shake,other,gain_minus6,input,1.1297121047973633,3.6346780689200386e-05,6.000000506089322,9.604218043079982e-08,3.475762479133887e-08,3.814697265625e-06,0.0
history_022_other,Moosmusic - Big Dummy Shake,other,gain_minus6,normalized,0.006808988284319639,0.0068124099634587765,2.8237458273849825e-06,3.7218943518269043e-06,0.00022197124098326308,3.6349883885122836e-05,0.0
history_022_other,Moosmusic - Big Dummy Shake,other,gain_plus6,input,1.6633203029632568,4.0448448999086395e-05,5.999999787597577,1.511801297482407e-07,2.6647401658125925e-08,4.178791641606949e-06,0.0
history_022_other,Moosmusic - Big Dummy Shake,other,gain_plus6,normalized,0.006070259492844343,0.006073580123484135,1.7163907131134692e-06,2.2349701609414296e-06,0.0001233008812234944,4.923768210574053e-05,0.0
history_022_other,Moosmusic - Big Dummy Shake,other,eq_minus6,input,0.41949886083602905,0.544769287109375,2.8853861043895463,0.9628771617466665,0.8381920432022236,1.8507672548294067,0.0
history_022_other,Moosmusic - Big Dummy Shake,other,eq_minus6,normalized,0.16118435561656952,0.1611662358045578,0.0023086774026275236,0.30277956545683793,0.04990424695096558,0.01314647775143385,0.0
history_022_other,Moosmusic - Big Dummy Shake,other,eq_plus6,input,0.7184311151504517,0.6142642498016357,3.9324355908142863,1.3939535477722291,0.8730607194184831,1.9040499925613403,0.0
history_022_other,Moosmusic - Big Dummy Shake,other,eq_plus6,normalized,0.16670018434524536,0.16667422652244568,0.0018630455961599068,0.807063761216515,0.047380874676697535,0.019961709156632423,0.0
history_022_other,Moosmusic - Big Dummy Shake,other,comp_ratio2,input,0.8279354572296143,0.45508909225463867,5.113859489308755,1.4396971319444685,2.2027667236825454,0.2260875552892685,0.0
history_022_other,Moosmusic - Big Dummy Shake,other,comp_ratio2,normalized,0.551201581954956,0.5540792942047119,0.41977536341408594,2.199649112153878,2.2673978383318425,0.45950496196746826,0.0
history_022_other,Moosmusic - Big Dummy Shake,other,comp_ratio4,input,1.1435415744781494,0.6936191320419312,7.415314488962192,2.381191978804944,3.311917607472788,0.38898274302482605,0.0
history_022_other,Moosmusic - Big Dummy Shake,other,comp_ratio4,normalized,0.7370452880859375,0.7435113191604614,0.5803133174998365,2.407647326354521,3.078720940463465,0.5563942193984985,0.0
history_023_bass,James Elder & Mark M Thompson - The English Actor,bass,identity,input,0.0,0.0,0.0,0.0,0.0,0.0,0.0
history_023_bass,James Elder & Mark M Thompson - The English Actor,bass,identity,normalized,0.0,0.0,0.0,0.0,0.0,0.0,0.0
history_023_bass,James Elder & Mark M Thompson - The English Actor,bass,gain_minus6,input,0.8397418856620789,4.735404945677146e-05,6.0000004855410225,2.184681626715701e-07,1.9774894872664324,3.814697265625e-06,0.0
history_023_bass,James Elder & Mark M Thompson - The English Actor,bass,gain_minus6,normalized,0.026170192286372185,0.02619035169482231,1.3875890402914592e-05,1.3021648683775311e-05,0.00013918629929997816,0.00019798243010882288,0.0
history_023_bass,James Elder & Mark M Thompson - The English Actor,bass,gain_plus6,input,1.501096248626709,5.471634358400479e-05,5.99999974978466,2.7179548744982185e-07,1.977489217943344,3.814697265625e-06,0.0
history_023_bass,James Elder & Mark M Thompson - The English Actor,bass,gain_plus6,normalized,0.028409656137228012,0.028429528698325157,5.746083218127751e-07,1.6237230937576896e-06,0.0001467080033910322,0.00027917747502215207,0.0
history_023_bass,James Elder & Mark M Thompson - The English Actor,bass,eq_minus6,input,0.08066602796316147,0.07662566006183624,0.1825537919580782,0.06569125342241477,0.0944751997217197,1.7498763799667358,0.0
history_023_bass,James Elder & Mark M Thompson - The English Actor,bass,eq_minus6,normalized,0.47220513224601746,0.4720827043056488,0.011177852198315463,0.022573158834326534,0.0547613455263198,0.007035684306174517,0.0
history_023_bass,James Elder & Mark M Thompson - The English Actor,bass,eq_plus6,input,0.08665770292282104,0.08119258284568787,0.1900872355042722,0.07018061465869962,0.09519806343741255,1.827106237411499,0.0
history_023_bass,James Elder & Mark M Thompson - The English Actor,bass,eq_plus6,normalized,0.4717276096343994,0.4717791676521301,0.00707164873650612,0.022932107331048,0.05493078924552287,0.008920177817344666,0.0
history_023_bass,James Elder & Mark M Thompson - The English Actor,bass,comp_ratio2,input,0.34348005056381226,0.2856760621070862,1.8553973162270339,3.6419887598570284,1.1616207245003354,0.7981670498847961,0.0
history_023_bass,James Elder & Mark M Thompson - The English Actor,bass,comp_ratio2,normalized,0.9768607020378113,0.6793143153190613,3.2889169077679057,3.8236392354711732,2.002287311032985,0.8727377653121948,0.0
history_023_bass,James Elder & Mark M Thompson - The English Actor,bass,comp_ratio4,input,0.47179076075553894,0.41327589750289917,2.6314085537044605,4.366729513269931,1.7339767783013842,1.2813491821289062,0.0
history_023_bass,James Elder & Mark M Thompson - The English Actor,bass,comp_ratio4,normalized,1.2315757274627686,0.7663836479187012,4.365040853456435,3.8374243160228367,2.69349108245782,0.9940937757492065,0.0
history_023_drums,Louis Cressy Band - Good Time,drums,identity,input,0.0,0.0,0.0,0.0,0.0,0.0,0.0
history_023_drums,Louis Cressy Band - Good Time,drums,identity,normalized,0.0,0.0,0.0,0.0,0.0,0.0,0.0
history_023_drums,Louis Cressy Band - Good Time,drums,gain_minus6,input,1.1815215349197388,3.6773869851458585e-06,6.000000530525131,5.056591909635699e-07,9.910671669387228e-09,5.117953151057009e-06,0.0
history_023_drums,Louis Cressy Band - Good Time,drums,gain_minus6,normalized,0.0025316905230283737,0.002532504266127944,2.1507601459802572e-06,6.049647979011752e-06,0.00013350322230971947,1.0377098988101352e-05,0.0
history_023_drums,Louis Cressy Band - Good Time,drums,gain_plus6,input,1.6824922561645508,4.20537526224507e-06,5.999999742572985,2.3341750221561597e-07,9.512322393321644e-09,3.814697265625e-06,0.0
history_023_drums,Louis Cressy Band - Good Time,drums,gain_plus6,normalized,0.002253093058243394,0.002254517748951912,1.0687305810108683e-05,1.2263282556546073e-05,9.17427234639384e-05,5.909703759243712e-06,0.0
history_023_drums,Louis Cressy Band - Good Time,drums,eq_minus6,input,0.1856759637594223,0.20505540072917938,0.6174769729617537,0.49256278003998943,0.5505267863305365,1.6091320514678955,0.0
history_023_drums,Louis Cressy Band - Good Time,drums,eq_minus6,normalized,0.08156493306159973,0.08239519596099854,0.031264626300639975,0.18845327915702015,0.10206984241695072,0.05109230801463127,0.0
history_023_drums,Louis Cressy Band - Good Time,drums,eq_plus6,input,0.25770437717437744,0.27973443269729614,0.9810186041769917,2.789498535333532,0.7415421676260978,1.692595362663269,0.0
history_023_drums,Louis Cressy Band - Good Time,drums,eq_plus6,normalized,0.07997496426105499,0.07949566841125488,0.011385884874293595,0.18371579857054954,0.06898087251392297,0.017745627090334892,0.0
history_023_drums,Louis Cressy Band - Good Time,drums,comp_ratio2,input,1.0806336402893066,0.8290373086929321,6.6615150089986095,0.183004004948625,2.9751401297067446,2.393984794616699,0.0
history_023_drums,Louis Cressy Band - Good Time,drums,comp_ratio2,normalized,0.6177074909210205,0.603915810585022,0.24107025030660623,2.1771719079345893,2.3797735021399653,0.33113205432891846,0.0
history_023_drums,Louis Cressy Band - Good Time,drums,comp_ratio4,input,1.4176301956176758,1.1372839212417603,8.978872527242007,2.0159317162921546,4.409827720815978,3.3923583030700684,0.0
history_023_drums,Louis Cressy Band - Good Time,drums,comp_ratio4,normalized,1.9767411947250366,1.9734290838241577,0.06412511260511877,2.8605511537495296,4.129819974577032,0.5361319780349731,0.0
history_023_vocals,Punkdisco - Oral Hygiene,vocals,identity,input,0.0,0.0,0.0,0.0,0.0,0.0,0.0
history_023_vocals,Punkdisco - Oral Hygiene,vocals,identity,normalized,0.0,0.0,0.0,0.0,0.0,0.0,0.0
history_023_vocals,Punkdisco - Oral Hygiene,vocals,gain_minus6,input,1.1457512378692627,7.550973350589629e-06,6.000000486966943,1.0623648805108132e-07,7.728052691160064e-08,4.825252744922182e-06,0.0
history_023_vocals,Punkdisco - Oral Hygiene,vocals,gain_minus6,normalized,0.009090239182114601,0.009099410846829414,2.6943364055398433e-06,2.8455873604116277e-06,3.300303097023785e-05,1.1444091796875e-05,0.0
history_023_vocals,Punkdisco - Oral Hygiene,vocals,gain_plus6,input,1.6672277450561523,7.871812158555258e-06,5.999999744423246,4.2087876295227034e-08,4.406795255854602e-08,1.0377098988101352e-05,0.0
history_023_vocals,Punkdisco - Oral Hygiene,vocals,gain_plus6,normalized,0.011649318039417267,0.011656648479402065,1.8118898736929623e-06,2.1212122831570923e-06,9.325376786138472e-05,1.5728399375802837e-05,0.0
history_023_vocals,Punkdisco - Oral Hygiene,vocals,eq_minus6,input,0.4084271788597107,0.4722275137901306,2.4254221577951682,0.35130403195485727,1.5287926275317851,1.7153398990631104,0.0
history_023_vocals,Punkdisco - Oral Hygiene,vocals,eq_minus6,normalized,0.22488538920879364,0.2249474972486496,0.004598952384704091,0.555207130256516,0.0643102301211641,0.011227569542825222,0.0
history_023_vocals,Punkdisco - Oral Hygiene,vocals,eq_plus6,input,0.6709879636764526,0.5543497204780579,3.46394711547552,0.05538237061274742,1.7204676308706572,1.7662227153778076,0.0
history_023_vocals,Punkdisco - Oral Hygiene,vocals,eq_plus6,normalized,0.21259383857250214,0.21262496709823608,0.006005866459471321,0.3394681721638726,0.05451859993643429,0.01133948564529419,0.0
history_023_vocals,Punkdisco - Oral Hygiene,vocals,comp_ratio2,input,0.8922934532165527,0.6289700865745544,6.159520909654031,4.024677366935414,2.7912636201425736,1.2850804328918457,0.0
history_023_vocals,Punkdisco - Oral Hygiene,vocals,comp_ratio2,normalized,1.6930274963378906,1.7243258953094482,0.6728668776824094,2.037904625941774,2.366726636827742,0.6554900407791138,0.0
history_023_vocals,Punkdisco - Oral Hygiene,vocals,comp_ratio4,input,1.209224820137024,0.9302622079849243,8.801828077789946,2.384128428880505,4.169173361119989,1.9521138668060303,0.0
history_023_vocals,Punkdisco - Oral Hygiene,vocals,comp_ratio4,normalized,1.8000271320343018,1.8541269302368164,1.0303454658401527,0.3159348000382778,3.012081178178893,0.9680312275886536,0.0
history_023_other,PR - Oh No,other,identity,input,0.0,0.0,0.0,0.0,0.0,0.0,0.0
history_023_other,PR - Oh No,other,identity,normalized,0.0,0.0,0.0,0.0,0.0,0.0,0.0
history_023_other,PR - Oh No,other,gain_minus6,input,1.1089012622833252,2.748705810518004e-05,6.000000501573663,3.0746928558755826e-07,4.5657396238088365e-08,3.4119689189537894e-06,0.0
history_023_other,PR - Oh No,other,gain_minus6,normalized,0.02677084505558014,0.026773102581501007,6.199700592901536e-07,1.7898336821531302e-06,0.0010153974515568446,1.9301010979688726e-05,0.0
history_023_other,PR - Oh No,other,gain_plus6,input,1.6585062742233276,3.046446363441646e-05,5.999999783566977,2.0751848239797255e-08,2.027843125103314e-08,4.825252744922182e-06,0.0
history_023_other,PR - Oh No,other,gain_plus6,normalized,0.021753285080194473,0.021756021305918694,3.00693972121735e-06,4.748265986620481e-06,0.0007538664769347825,2.1913767341175117e-05,0.0
history_023_other,PR - Oh No,other,eq_minus6,input,0.24142536520957947,0.2683923840522766,1.224544219498437,0.004442659426320716,0.6189194556668525,1.6187174320220947,0.0
history_023_other,PR - Oh No,other,eq_minus6,normalized,0.2464839220046997,0.24652352929115295,0.012449413771925322,0.3018818641773713,0.05965251268715149,0.0069937692023813725,0.0
history_023_other,PR - Oh No,other,eq_plus6,input,0.3479550778865814,0.3498227000236511,1.700649660175106,0.8138577787038166,0.7291025327843442,1.7105793952941895,0.0
history_023_other,PR - Oh No,other,eq_plus6,normalized,0.2530709207057953,0.25315001606941223,0.012287843489069417,0.4598788924298489,0.059614410398231996,0.008016092702746391,0.0
history_023_other,PR - Oh No,other,comp_ratio2,input,0.7565587759017944,0.5878686904907227,5.277258324207697,2.151325513921634,2.5441121074091524,0.4891640543937683,0.0
history_023_other,PR - Oh No,other,comp_ratio2,normalized,0.6154176592826843,0.6103352904319763,0.12606891041959756,1.2233173918620146,2.532949325256081,0.5158289670944214,0.0
history_023_other,PR - Oh No,other,comp_ratio4,input,1.021545648574829,0.8740209341049194,7.545807416011751,2.1266241341170513,3.79502175888233,0.8419464826583862,0.0
history_023_other,PR - Oh No,other,comp_ratio4,normalized,0.865382194519043,0.8549138903617859,0.2165905330643625,0.25059661117582266,3.7793626146744663,0.7912734150886536,0.0
history_024_bass,Sambasevam Shanmugam - Kaathaadi,bass,identity,input,0.0,0.0,0.0,0.0,0.0,0.0,0.0
history_024_bass,Sambasevam Shanmugam - Kaathaadi,bass,identity,normalized,0.0,0.0,0.0,0.0,0.0,0.0,0.0
history_024_bass,Sambasevam Shanmugam - Kaathaadi,bass,gain_minus6,input,1.0025471448898315,5.709420292987488e-05,6.000000460091677,4.601651948377139e-07,1.1757551522320389,3.814697265625e-06,0.0
history_024_bass,Sambasevam Shanmugam - Kaathaadi,bass,gain_minus6,normalized,0.04849329590797424,0.04850462079048157,1.1696381839954029e-05,1.177437593824493e-05,0.000581355489561595,0.00016501377103850245,0.0
history_024_bass,Sambasevam Shanmugam - Kaathaadi,bass,gain_plus6,input,1.6009591817855835,6.552838021889329e-05,5.999999811054863,2.788966710909335e-07,1.1757550319457195,8.357583283213899e-06,0.0
history_024_bass,Sambasevam Shanmugam - Kaathaadi,bass,gain_plus6,normalized,0.04364172741770744,0.043655361980199814,7.1841088988833235e-06,7.406418749411614e-06,0.0005601140338947449,0.00014302825729828328,0.0
history_024_bass,Sambasevam Shanmugam - Kaathaadi,bass,eq_minus6,input,0.1214030534029007,0.12046246230602264,0.19879282287675082,0.010583351243653283,0.4106571673902368,1.6398447751998901,0.0
history_024_bass,Sambasevam Shanmugam - Kaathaadi,bass,eq_minus6,normalized,0.4100283086299896,0.4098178744316101,0.013853059691015801,0.02434270179869813,0.07774305487887696,0.010457677766680717,0.0
history_024_bass,Sambasevam Shanmugam - Kaathaadi,bass,eq_plus6,input,0.15149334073066711,0.14918899536132812,0.2675717990340729,0.341096303829282,0.6106876537198038,1.7045198678970337,0.0
history_024_bass,Sambasevam Shanmugam - Kaathaadi,bass,eq_plus6,normalized,0.41079601645469666,0.41106098890304565,0.014888290455900233,0.061018861250261125,0.08754317453595092,0.010149563662707806,0.0
history_024_bass,Sambasevam Shanmugam - Kaathaadi,bass,comp_ratio2,input,0.6651792526245117,0.6057000756263733,5.174660838918985,2.1037774821102477,2.3454537546173073,1.159659743309021,0.0
history_024_bass,Sambasevam Shanmugam - Kaathaadi,bass,comp_ratio2,normalized,0.6758796572685242,0.6824476718902588,0.161572599613109,2.6163561990501947,2.231686303061924,0.5527157783508301,0.0
history_024_bass,Sambasevam Shanmugam - Kaathaadi,bass,comp_ratio4,input,0.8881300687789917,0.8989964723587036,7.288609296257999,3.197960386002743,3.504934715624976,1.7282304763793945,0.0
history_024_bass,Sambasevam Shanmugam - Kaathaadi,bass,comp_ratio4,normalized,0.8588757514953613,0.8693937063217163,0.2039565141456272,3.405635556914227,3.2985629038659554,0.7922086715698242,0.0
history_024_drums,M.E.R.C. Music - Knockout,drums,identity,input,0.0,0.0,0.0,0.0,0.0,0.0,0.0
history_024_drums,M.E.R.C. Music - Knockout,drums,identity,normalized,0.0,0.0,0.0,0.0,0.0,0.0,0.0
history_024_drums,M.E.R.C. Music - Knockout,drums,gain_minus6,input,1.052164912223816,7.483899935323279e-06,6.0000004999541865,3.628526847876401e-07,1.9637148349672549,7.817802725185174e-06,0.0
history_024_drums,M.E.R.C. Music - Knockout,drums,gain_minus6,normalized,0.008370179682970047,0.008374057710170746,3.3922375664019455e-06,2.0593102405541686e-06,0.0005499950981687955,7.62939453125e-06,0.0
history_024_drums,M.E.R.C. Music - Knockout,drums,gain_plus6,input,1.570540428161621,8.376689947908744e-06,5.999999791464845,2.0008787515735094e-07,1.963714578359114,5.909703759243712e-06,0.0
history_024_drums,M.E.R.C. Music - Knockout,drums,gain_plus6,normalized,0.00938328355550766,0.009387227706611156,3.204476293205971e-06,9.358904051737227e-07,0.0004977989364729413,5.117953151057009e-06,0.0
history_024_drums,M.E.R.C. Music - Knockout,drums,eq_minus6,input,0.1455000340938568,0.15669876337051392,0.48603281510943575,0.6064819329468918,0.38604554966769866,1.717980980873108,0.0
history_024_drums,M.E.R.C. Music - Knockout,drums,eq_minus6,normalized,0.16898223757743835,0.16906701028347015,0.00738556538953361,0.26295184512016334,0.09934596904385712,0.012070448137819767,0.0
history_024_drums,M.E.R.C. Music - Knockout,drums,eq_plus6,input,0.19704103469848633,0.2177082598209381,0.8269404965213951,0.8805140547177857,0.5443559399665303,1.8052172660827637,0.0
history_024_drums,M.E.R.C. Music - Knockout,drums,eq_plus6,normalized,0.14015837013721466,0.1401595175266266,0.0005021341698565607,0.07596555312368025,0.15777737097333394,0.011127748526632786,0.0
history_024_drums,M.E.R.C. Music - Knockout,drums,comp_ratio2,input,0.7238235473632812,0.6100509762763977,5.773469684837433,1.2153907211456279,2.5328166240938965,0.47815799713134766,0.0
history_024_drums,M.E.R.C. Music - Knockout,drums,comp_ratio2,normalized,0.680656909942627,0.7401689887046814,0.8162447162436521,1.9868939386317095,10.823761776788935,0.29468756914138794,0.0
history_024_drums,M.E.R.C. Music - Knockout,drums,comp_ratio4,input,0.9727916121482849,0.8785392642021179,7.890431990765631,0.14583804684664514,3.776591388939865,0.7686485052108765,0.0
history_024_drums,M.E.R.C. Music - Knockout,drums,comp_ratio4,normalized,1.582756757736206,1.6418393850326538,0.9349514874648222,2.9818338060258682,9.036932970580386,0.589983344078064,0.0
history_024_vocals,Buitraker - Revo X,vocals,identity,input,0.0,0.0,0.0,0.0,0.0,0.0,0.0
history_024_vocals,Buitraker - Revo X,vocals,identity,normalized,0.0,0.0,0.0,0.0,0.0,0.0,0.0
history_024_vocals,Buitraker - Revo X,vocals,gain_minus6,input,1.1604254245758057,3.4514901017246302e-06,6.000000539471618,3.314552401434412e-07,3.1981910459640436e-08,7.817802725185174e-06,0.0
history_024_vocals,Buitraker - Revo X,vocals,gain_minus6,normalized,0.0016985523980110884,0.001702796434983611,2.223321221350716e-06,2.449036088592038e-06,3.441626119348972e-05,5.909703759243712e-06,0.0
history_024_vocals,Buitraker - Revo X,vocals,gain_plus6,input,1.6738173961639404,3.4984000194526743e-06,5.999999765640492,4.640577166981075e-08,1.787542148142125e-08,6.151014531496912e-06,0.0
history_024_vocals,Buitraker - Revo X,vocals,gain_plus6,normalized,0.0027402767445892096,0.0027402767445892096,2.8222488168694326e-07,1.692284001819644e-07,4.380262610742958e-05,7.62939453125e-06,0.0
history_024_vocals,Buitraker - Revo X,vocals,eq_minus6,input,0.40458810329437256,0.4725587069988251,2.671925487490629,0.7516319243016696,1.140839562527527,1.6536363363265991,0.0
history_024_vocals,Buitraker - Revo X,vocals,eq_minus6,normalized,0.15674176812171936,0.15675419569015503,0.0007795733368709534,0.2931631121064129,0.04483991662904336,0.008280348032712936,0.0
history_024_vocals,Buitraker - Revo X,vocals,eq_plus6,input,0.6646139621734619,0.5471214056015015,3.3722309455384725,0.8651341671607078,1.2765613486495273,1.7521249055862427,0.0
history_024_vocals,Buitraker - Revo X,vocals,eq_plus6,normalized,0.1560036838054657,0.15604007244110107,0.0031914678083211356,0.22854826391277427,0.04170315520650448,0.00607041921466589,0.0
history_024_vocals,Buitraker - Revo X,vocals,comp_ratio2,input,0.7559577226638794,0.3606341779232025,4.416261041481501,0.047510292704341595,2.015582046546182,0.7151495814323425,0.0
history_024_vocals,Buitraker - Revo X,vocals,comp_ratio2,normalized,0.4130595624446869,0.40970486402511597,0.08311737823482446,0.9887899740467994,2.0305599620375365,0.12001337856054306,0.0
history_024_vocals,Buitraker - Revo X,vocals,comp_ratio4,input,1.0591732263565063,0.5472862720489502,6.493310977095742,0.345503276322912,3.0100136511382294,1.1734009981155396,0.0
history_024_vocals,Buitraker - Revo X,vocals,comp_ratio4,normalized,0.6003154516220093,0.5973736643791199,0.05980969273833381,0.445544527979731,3.0274838983278354,0.1964503675699234,0.0
history_024_other,Ben Carrigan - We'll Talk About It All Tonight,other,identity,input,0.0,0.0,0.0,0.0,0.0,0.0,0.0
history_024_other,Ben Carrigan - We'll Talk About It All Tonight,other,identity,normalized,0.0,0.0,0.0,0.0,0.0,0.0,0.0
history_024_other,Ben Carrigan - We'll Talk About It All Tonight,other,gain_minus6,input,0.8521270751953125,1.8233071386930533e-05,6.000000540043779,2.7132660562756428e-08,1.5273383778946864e-08,1.2766418876708485e-05,0.0
history_024_other,Ben Carrigan - We'll Talk About It All Tonight,other,gain_minus6,normalized,0.0037772669456899166,0.003794391406700015,1.8620233390720387e-06,1.90288937318428e-06,6.669357198538188e-05,9.027221494761761e-06,0.0
history_024_other,Ben Carrigan - We'll Talk About It All Tonight,other,gain_plus6,input,1.5202264785766602,1.7933374692802317e-05,5.99999977556908,1.328233345532226e-07,1.0623933360647753e-08,1.406790852342965e-05,0.0
history_024_other,Ben Carrigan - We'll Talk About It All Tonight,other,gain_plus6,normalized,0.02229744754731655,0.02231128327548504,4.7011398720542275e-06,3.074518687640193e-06,0.00010316991354312595,9.443205635761842e-05,0.0
history_024_other,Ben Carrigan - We'll Talk About It All Tonight,other,eq_minus6,input,0.3956885039806366,0.4026292562484741,3.2284373416182603,0.8414457997321563,0.5650936683833302,1.5597410202026367,0.0
history_024_other,Ben Carrigan - We'll Talk About It All Tonight,other,eq_minus6,normalized,0.4698309302330017,0.46136006712913513,0.15998308407500872,0.2925006707273141,0.0422189524858714,0.023267004638910294,0.0
history_024_other,Ben Carrigan - We'll Talk About It All Tonight,other,eq_plus6,input,0.6197686195373535,0.3650696277618408,3.7467935884475736,0.9162079874543636,0.46850266630042375,1.6064249277114868,0.0
history_024_other,Ben Carrigan - We'll Talk About It All Tonight,other,eq_plus6,normalized,1.431877851486206,1.3769440650939941,0.8745162376420197,0.5796977311337628,2.0622093744831855,1.21970534324646,0.0
history_024_other,Ben Carrigan - We'll Talk About It All Tonight,other,comp_ratio2,input,0.23647987842559814,0.2535094618797302,1.1606487496392717,2.4908487386543143,0.8561840092964123,0.352313369512558,0.0
history_024_other,Ben Carrigan - We'll Talk About It All Tonight,other,comp_ratio2,normalized,1.1778193712234497,0.6646424531936646,4.377072843111918,2.5982474352256197,1.0300987290600463,0.7927891612052917,0.0
history_024_other,Ben Carrigan - We'll Talk About It All Tonight,other,comp_ratio4,input,0.3284715414047241,0.36506956815719604,1.593109218242077,3.5086496724871026,1.261492036203117,0.49544429779052734,0.0
history_024_other,Ben Carrigan - We'll Talk About It All Tonight,other,comp_ratio4,normalized,1.5497627258300781,0.8056504726409912,5.854572791169616,2.776367506864254,1.5554888302222816,1.0417128801345825,0.0
