encoder,id,song,stem,domain,condition,cosine_distance
relativefx,history_000_bass,Timboz - Pony,bass,input,identity,-3.5762786865234375e-07
relativefx,history_000_bass,Timboz - Pony,bass,input,gain_minus6,0.1623665690422058
relativefx,history_000_bass,Timboz - Pony,bass,input,gain_plus6,0.21787190437316895
relativefx,history_000_bass,Timboz - Pony,bass,input,eq_minus6,0.06870073080062866
relativefx,history_000_bass,Timboz - Pony,bass,input,eq_plus6,0.054891228675842285
relativefx,history_000_bass,Timboz - Pony,bass,input,comp_ratio2,0.09378784894943237
relativefx,history_000_bass,Timboz - Pony,bass,input,comp_ratio4,0.17620474100112915
relativefx,history_000_bass,Timboz - Pony,bass,input,identity_repeat,-3.5762786865234375e-07
relativefx,history_000_bass,Timboz - Pony,bass,normalized,identity,-1.1920928955078125e-07
relativefx,history_000_bass,Timboz - Pony,bass,normalized,gain_minus6,2.1457672119140625e-06
relativefx,history_000_bass,Timboz - Pony,bass,normalized,gain_plus6,2.0742416381835938e-05
relativefx,history_000_bass,Timboz - Pony,bass,normalized,eq_minus6,0.09791582822799683
relativefx,history_000_bass,Timboz - Pony,bass,normalized,eq_plus6,0.00020492076873779297
relativefx,history_000_bass,Timboz - Pony,bass,normalized,comp_ratio2,0.010073721408843994
relativefx,history_000_bass,Timboz - Pony,bass,normalized,comp_ratio4,0.01820307970046997
relativefx,history_000_bass,Timboz - Pony,bass,normalized,identity_repeat,-1.1920928955078125e-07
relativefx,history_000_drums,Cristina Vane - So Easy,drums,input,identity,-3.5762786865234375e-07
relativefx,history_000_drums,Cristina Vane - So Easy,drums,input,gain_minus6,0.10344099998474121
relativefx,history_000_drums,Cristina Vane - So Easy,drums,input,gain_plus6,0.1865314245223999
relativefx,history_000_drums,Cristina Vane - So Easy,drums,input,eq_minus6,0.12419396638870239
relativefx,history_000_drums,Cristina Vane - So Easy,drums,input,eq_plus6,0.1322804093360901
relativefx,history_000_drums,Cristina Vane - So Easy,drums,input,comp_ratio2,0.17088478803634644
relativefx,history_000_drums,Cristina Vane - So Easy,drums,input,comp_ratio4,0.21399539709091187
relativefx,history_000_drums,Cristina Vane - So Easy,drums,input,identity_repeat,-3.5762786865234375e-07
relativefx,history_000_drums,Cristina Vane - So Easy,drums,normalized,identity,-3.5762786865234375e-07
relativefx,history_000_drums,Cristina Vane - So Easy,drums,normalized,gain_minus6,-2.384185791015625e-07
relativefx,history_000_drums,Cristina Vane - So Easy,drums,normalized,gain_plus6,-1.1920928955078125e-07
relativefx,history_000_drums,Cristina Vane - So Easy,drums,normalized,eq_minus6,0.0010687708854675293
relativefx,history_000_drums,Cristina Vane - So Easy,drums,normalized,eq_plus6,4.929304122924805e-05
relativefx,history_000_drums,Cristina Vane - So Easy,drums,normalized,comp_ratio2,0.07592231035232544
relativefx,history_000_drums,Cristina Vane - So Easy,drums,normalized,comp_ratio4,0.11395370960235596
relativefx,history_000_drums,Cristina Vane - So Easy,drums,normalized,identity_repeat,-3.5762786865234375e-07
relativefx,history_000_vocals,Tom McKenzie - Directions,vocals,input,identity,-3.5762786865234375e-07
relativefx,history_000_vocals,Tom McKenzie - Directions,vocals,input,gain_minus6,0.147438645362854
relativefx,history_000_vocals,Tom McKenzie - Directions,vocals,input,gain_plus6,0.2179863452911377
relativefx,history_000_vocals,Tom McKenzie - Directions,vocals,input,eq_minus6,0.09063619375228882
relativefx,history_000_vocals,Tom McKenzie - Directions,vocals,input,eq_plus6,0.10412049293518066
relativefx,history_000_vocals,Tom McKenzie - Directions,vocals,input,comp_ratio2,0.1142759919166565
relativefx,history_000_vocals,Tom McKenzie - Directions,vocals,input,comp_ratio4,0.1636332869529724
relativefx,history_000_vocals,Tom McKenzie - Directions,vocals,input,identity_repeat,-3.5762786865234375e-07
relativefx,history_000_vocals,Tom McKenzie - Directions,vocals,normalized,identity,-2.384185791015625e-07
relativefx,history_000_vocals,Tom McKenzie - Directions,vocals,normalized,gain_minus6,-1.1920928955078125e-07
relativefx,history_000_vocals,Tom McKenzie - Directions,vocals,normalized,gain_plus6,-2.384185791015625e-07
relativefx,history_000_vocals,Tom McKenzie - Directions,vocals,normalized,eq_minus6,0.0005357861518859863
relativefx,history_000_vocals,Tom McKenzie - Directions,vocals,normalized,eq_plus6,0.00018602609634399414
relativefx,history_000_vocals,Tom McKenzie - Directions,vocals,normalized,comp_ratio2,0.0103529691696167
relativefx,history_000_vocals,Tom McKenzie - Directions,vocals,normalized,comp_ratio4,0.02329045534133911
relativefx,history_000_vocals,Tom McKenzie - Directions,vocals,normalized,identity_repeat,-2.384185791015625e-07
relativefx,history_000_other,Bobby Nobody - Stitch Up,other,input,identity,-3.5762786865234375e-07
relativefx,history_000_other,Bobby Nobody - Stitch Up,other,input,gain_minus6,0.19700103998184204
relativefx,history_000_other,Bobby Nobody - Stitch Up,other,input,gain_plus6,0.3072018027305603
relativefx,history_000_other,Bobby Nobody - Stitch Up,other,input,eq_minus6,0.09043151140213013
relativefx,history_000_other,Bobby Nobody - Stitch Up,other,input,eq_plus6,0.0853758454322815
relativefx,history_000_other,Bobby Nobody - Stitch Up,other,input,comp_ratio2,0.19511383771896362
relativefx,history_000_other,Bobby Nobody - Stitch Up,other,input,comp_ratio4,0.29408568143844604
relativefx,history_000_other,Bobby Nobody - Stitch Up,other,input,identity_repeat,-3.5762786865234375e-07
relativefx,history_000_other,Bobby Nobody - Stitch Up,other,normalized,identity,-2.384185791015625e-07
relativefx,history_000_other,Bobby Nobody - Stitch Up,other,normalized,gain_minus6,-1.1920928955078125e-07
relativefx,history_000_other,Bobby Nobody - Stitch Up,other,normalized,gain_plus6,-2.384185791015625e-07
relativefx,history_000_other,Bobby Nobody - Stitch Up,other,normalized,eq_minus6,0.002218961715698242
relativefx,history_000_other,Bobby Nobody - Stitch Up,other,normalized,eq_plus6,0.004671812057495117
relativefx,history_000_other,Bobby Nobody - Stitch Up,other,normalized,comp_ratio2,0.06314855813980103
relativefx,history_000_other,Bobby Nobody - Stitch Up,other,normalized,comp_ratio4,0.1133841872215271
relativefx,history_000_other,Bobby Nobody - Stitch Up,other,normalized,identity_repeat,-2.384185791015625e-07
relativefx,history_001_bass,Raft Monk - Tiring,bass,input,identity,-2.384185791015625e-07
relativefx,history_001_bass,Raft Monk - Tiring,bass,input,gain_minus6,0.13768792152404785
relativefx,history_001_bass,Raft Monk - Tiring,bass,input,gain_plus6,0.25271373987197876
relativefx,history_001_bass,Raft Monk - Tiring,bass,input,eq_minus6,0.03852623701095581
relativefx,history_001_bass,Raft Monk - Tiring,bass,input,eq_plus6,0.04469245672225952
relativefx,history_001_bass,Raft Monk - Tiring,bass,input,comp_ratio2,0.10339176654815674
relativefx,history_001_bass,Raft Monk - Tiring,bass,input,comp_ratio4,0.1662408709526062
relativefx,history_001_bass,Raft Monk - Tiring,bass,normalized,identity,-1.1920928955078125e-07
relativefx,history_001_bass,Raft Monk - Tiring,bass,normalized,gain_minus6,6.556510925292969e-07
relativefx,history_001_bass,Raft Monk - Tiring,bass,normalized,gain_plus6,5.960464477539062e-07
relativefx,history_001_bass,Raft Monk - Tiring,bass,normalized,eq_minus6,0.0001996755599975586
relativefx,history_001_bass,Raft Monk - Tiring,bass,normalized,eq_plus6,4.0531158447265625e-05
relativefx,history_001_bass,Raft Monk - Tiring,bass,normalized,comp_ratio2,0.14118266105651855
relativefx,history_001_bass,Raft Monk - Tiring,bass,normalized,comp_ratio4,0.1485692858695984
relativefx,history_001_drums,Moosmusic - Big Dummy Shake,drums,input,identity,-1.1920928955078125e-07
relativefx,history_001_drums,Moosmusic - Big Dummy Shake,drums,input,gain_minus6,0.1627323031425476
relativefx,history_001_drums,Moosmusic - Big Dummy Shake,drums,input,gain_plus6,0.21378928422927856
relativefx,history_001_drums,Moosmusic - Big Dummy Shake,drums,input,eq_minus6,0.08606284856796265
relativefx,history_001_drums,Moosmusic - Big Dummy Shake,drums,input,eq_plus6,0.08423054218292236
relativefx,history_001_drums,Moosmusic - Big Dummy Shake,drums,input,comp_ratio2,0.10647737979888916
relativefx,history_001_drums,Moosmusic - Big Dummy Shake,drums,input,comp_ratio4,0.16551315784454346
relativefx,history_001_drums,Moosmusic - Big Dummy Shake,drums,normalized,identity,-1.1920928955078125e-07
relativefx,history_001_drums,Moosmusic - Big Dummy Shake,drums,normalized,gain_minus6,7.152557373046875e-07
relativefx,history_001_drums,Moosmusic - Big Dummy Shake,drums,normalized,gain_plus6,0.0
relativefx,history_001_drums,Moosmusic - Big Dummy Shake,drums,normalized,eq_minus6,0.0011991262435913086
relativefx,history_001_drums,Moosmusic - Big Dummy Shake,drums,normalized,eq_plus6,0.001009225845336914
relativefx,history_001_drums,Moosmusic - Big Dummy Shake,drums,normalized,comp_ratio2,0.13616043329238892
relativefx,history_001_drums,Moosmusic - Big Dummy Shake,drums,normalized,comp_ratio4,0.13850706815719604
relativefx,history_001_vocals,Raft Monk - Tiring,vocals,input,identity,-3.5762786865234375e-07
relativefx,history_001_vocals,Raft Monk - Tiring,vocals,input,gain_minus6,0.11609607934951782
relativefx,history_001_vocals,Raft Monk - Tiring,vocals,input,gain_plus6,0.23578298091888428
relativefx,history_001_vocals,Raft Monk - Tiring,vocals,input,eq_minus6,0.06923532485961914
relativefx,history_001_vocals,Raft Monk - Tiring,vocals,input,eq_plus6,0.0829852819442749
relativefx,history_001_vocals,Raft Monk - Tiring,vocals,input,comp_ratio2,0.07647013664245605
relativefx,history_001_vocals,Raft Monk - Tiring,vocals,input,comp_ratio4,0.13308274745941162
relativefx,history_001_vocals,Raft Monk - Tiring,vocals,normalized,identity,-2.384185791015625e-07
relativefx,history_001_vocals,Raft Monk - Tiring,vocals,normalized,gain_minus6,-2.384185791015625e-07
relativefx,history_001_vocals,Raft Monk - Tiring,vocals,normalized,gain_plus6,-1.1920928955078125e-07
relativefx,history_001_vocals,Raft Monk - Tiring,vocals,normalized,eq_minus6,3.319978713989258e-05
relativefx,history_001_vocals,Raft Monk - Tiring,vocals,normalized,eq_plus6,0.041363298892974854
relativefx,history_001_vocals,Raft Monk - Tiring,vocals,normalized,comp_ratio2,0.010020673274993896
relativefx,history_001_vocals,Raft Monk - Tiring,vocals,normalized,comp_ratio4,0.03550255298614502
relativefx,history_001_other,Georgia Wonder - Siren,other,input,identity,-3.5762786865234375e-07
relativefx,history_001_other,Georgia Wonder - Siren,other,input,gain_minus6,0.062342822551727295
relativefx,history_001_other,Georgia Wonder - Siren,other,input,gain_plus6,0.1299830675125122
relativefx,history_001_other,Georgia Wonder - Siren,other,input,eq_minus6,0.0902068018913269
relativefx,history_001_other,Georgia Wonder - Siren,other,input,eq_plus6,0.0912289023399353
relativefx,history_001_other,Georgia Wonder - Siren,other,input,comp_ratio2,0.015511512756347656
relativefx,history_001_other,Georgia Wonder - Siren,other,input,comp_ratio4,0.027113676071166992
relativefx,history_001_other,Georgia Wonder - Siren,other,normalized,identity,-1.1920928955078125e-07
relativefx,history_001_other,Georgia Wonder - Siren,other,normalized,gain_minus6,0.0
relativefx,history_001_other,Georgia Wonder - Siren,other,normalized,gain_plus6,0.0
relativefx,history_001_other,Georgia Wonder - Siren,other,normalized,eq_minus6,0.0005195736885070801
relativefx,history_001_other,Georgia Wonder - Siren,other,normalized,eq_plus6,0.0009101629257202148
relativefx,history_001_other,Georgia Wonder - Siren,other,normalized,comp_ratio2,0.013051390647888184
relativefx,history_001_other,Georgia Wonder - Siren,other,normalized,comp_ratio4,0.15808874368667603
relativefx,history_002_bass,We Fell From The Sky - Not You,bass,input,identity,-2.384185791015625e-07
relativefx,history_002_bass,We Fell From The Sky - Not You,bass,input,gain_minus6,0.17862612009048462
relativefx,history_002_bass,We Fell From The Sky - Not You,bass,input,gain_plus6,0.2112637162208557
relativefx,history_002_bass,We Fell From The Sky - Not You,bass,input,eq_minus6,0.07005232572555542
relativefx,history_002_bass,We Fell From The Sky - Not You,bass,input,eq_plus6,0.05600780248641968
relativefx,history_002_bass,We Fell From The Sky - Not You,bass,input,comp_ratio2,0.12133878469467163
relativefx,history_002_bass,We Fell From The Sky - Not You,bass,input,comp_ratio4,0.17035961151123047
relativefx,history_002_bass,We Fell From The Sky - Not You,bass,normalized,identity,0.0
relativefx,history_002_bass,We Fell From The Sky - Not You,bass,normalized,gain_minus6,6.556510925292969e-07
relativefx,history_002_bass,We Fell From The Sky - Not You,bass,normalized,gain_plus6,1.2516975402832031e-06
relativefx,history_002_bass,We Fell From The Sky - Not You,bass,normalized,eq_minus6,0.004331469535827637
relativefx,history_002_bass,We Fell From The Sky - Not You,bass,normalized,eq_plus6,0.0004487037658691406
relativefx,history_002_bass,We Fell From The Sky - Not You,bass,normalized,comp_ratio2,0.05038052797317505
relativefx,history_002_bass,We Fell From The Sky - Not You,bass,normalized,comp_ratio4,0.03819680213928223
relativefx,history_002_drums,PR - Oh No,drums,input,identity,-2.384185791015625e-07
relativefx,history_002_drums,PR - Oh No,drums,input,gain_minus6,0.1503731608390808
relativefx,history_002_drums,PR - Oh No,drums,input,gain_plus6,0.22069358825683594
relativefx,history_002_drums,PR - Oh No,drums,input,eq_minus6,0.07894545793533325
relativefx,history_002_drums,PR - Oh No,drums,input,eq_plus6,0.11184698343276978
relativefx,history_002_drums,PR - Oh No,drums,input,comp_ratio2,0.11258459091186523
relativefx,history_002_drums,PR - Oh No,drums,input,comp_ratio4,0.17222672700881958
relativefx,history_002_drums,PR - Oh No,drums,normalized,identity,-1.1920928955078125e-07
relativefx,history_002_drums,PR - Oh No,drums,normalized,gain_minus6,0.0
relativefx,history_002_drums,PR - Oh No,drums,normalized,gain_plus6,1.1920928955078125e-07
relativefx,history_002_drums,PR - Oh No,drums,normalized,eq_minus6,1.1265277862548828e-05
relativefx,history_002_drums,PR - Oh No,drums,normalized,eq_plus6,4.3332576751708984e-05
relativefx,history_002_drums,PR - Oh No,drums,normalized,comp_ratio2,0.034793198108673096
relativefx,history_002_drums,PR - Oh No,drums,normalized,comp_ratio4,0.05510073900222778
relativefx,history_002_vocals,Sambasevam Shanmugam - Kaathaadi,vocals,input,identity,-3.5762786865234375e-07
relativefx,history_002_vocals,Sambasevam Shanmugam - Kaathaadi,vocals,input,gain_minus6,0.13121312856674194
relativefx,history_002_vocals,Sambasevam Shanmugam - Kaathaadi,vocals,input,gain_plus6,0.2227916121482849
relativefx,history_002_vocals,Sambasevam Shanmugam - Kaathaadi,vocals,input,eq_minus6,0.0618014931678772
relativefx,history_002_vocals,Sambasevam Shanmugam - Kaathaadi,vocals,input,eq_plus6,0.11513584852218628
relativefx,history_002_vocals,Sambasevam Shanmugam - Kaathaadi,vocals,input,comp_ratio2,0.1252206563949585
relativefx,history_002_vocals,Sambasevam Shanmugam - Kaathaadi,vocals,input,comp_ratio4,0.20443713665008545
relativefx,history_002_vocals,Sambasevam Shanmugam - Kaathaadi,vocals,normalized,identity,-2.384185791015625e-07
relativefx,history_002_vocals,Sambasevam Shanmugam - Kaathaadi,vocals,normalized,gain_minus6,-1.1920928955078125e-07
relativefx,history_002_vocals,Sambasevam Shanmugam - Kaathaadi,vocals,normalized,gain_plus6,-1.1920928955078125e-07
relativefx,history_002_vocals,Sambasevam Shanmugam - Kaathaadi,vocals,normalized,eq_minus6,0.05691850185394287
relativefx,history_002_vocals,Sambasevam Shanmugam - Kaathaadi,vocals,normalized,eq_plus6,8.511543273925781e-05
relativefx,history_002_vocals,Sambasevam Shanmugam - Kaathaadi,vocals,normalized,comp_ratio2,0.02558588981628418
relativefx,history_002_vocals,Sambasevam Shanmugam - Kaathaadi,vocals,normalized,comp_ratio4,0.07350128889083862
relativefx,history_002_other,Enda Reilly - Cur An Long Ag Seol,other,input,identity,-1.1920928955078125e-07
relativefx,history_002_other,Enda Reilly - Cur An Long Ag Seol,other,input,gain_minus6,0.10454815626144409
relativefx,history_002_other,Enda Reilly - Cur An Long Ag Seol,other,input,gain_plus6,0.18778765201568604
relativefx,history_002_other,Enda Reilly - Cur An Long Ag Seol,other,input,eq_minus6,0.0963447093963623
relativefx,history_002_other,Enda Reilly - Cur An Long Ag Seol,other,input,eq_plus6,0.07244342565536499
relativefx,history_002_other,Enda Reilly - Cur An Long Ag Seol,other,input,comp_ratio2,0.175018310546875
relativefx,history_002_other,Enda Reilly - Cur An Long Ag Seol,other,input,comp_ratio4,0.25037258863449097
relativefx,history_002_other,Enda Reilly - Cur An Long Ag Seol,other,normalized,identity,-3.5762786865234375e-07
relativefx,history_002_other,Enda Reilly - Cur An Long Ag Seol,other,normalized,gain_minus6,0.0
relativefx,history_002_other,Enda Reilly - Cur An Long Ag Seol,other,normalized,gain_plus6,0.0
relativefx,history_002_other,Enda Reilly - Cur An Long Ag Seol,other,normalized,eq_minus6,0.00034993886947631836
relativefx,history_002_other,Enda Reilly - Cur An Long Ag Seol,other,normalized,eq_plus6,0.00018584728240966797
relativefx,history_002_other,Enda Reilly - Cur An Long Ag Seol,other,normalized,comp_ratio2,0.08278101682662964
relativefx,history_002_other,Enda Reilly - Cur An Long Ag Seol,other,normalized,comp_ratio4,0.22443580627441406
relativefx,history_003_bass,Girls Under Glass - We Feel Alright,bass,input,identity,-1.1920928955078125e-07
relativefx,history_003_bass,Girls Under Glass - We Feel Alright,bass,input,gain_minus6,0.1904887557029724
relativefx,history_003_bass,Girls Under Glass - We Feel Alright,bass,input,gain_plus6,0.25145018100738525
relativefx,history_003_bass,Girls Under Glass - We Feel Alright,bass,input,eq_minus6,0.07315939664840698
relativefx,history_003_bass,Girls Under Glass - We Feel Alright,bass,input,eq_plus6,0.06518065929412842
relativefx,history_003_bass,Girls Under Glass - We Feel Alright,bass,input,comp_ratio2,0.10941147804260254
relativefx,history_003_bass,Girls Under Glass - We Feel Alright,bass,input,comp_ratio4,0.1757611632347107
relativefx,history_003_bass,Girls Under Glass - We Feel Alright,bass,normalized,identity,0.0
relativefx,history_003_bass,Girls Under Glass - We Feel Alright,bass,normalized,gain_minus6,5.960464477539062e-07
relativefx,history_003_bass,Girls Under Glass - We Feel Alright,bass,normalized,gain_plus6,4.172325134277344e-07
relativefx,history_003_bass,Girls Under Glass - We Feel Alright,bass,normalized,eq_minus6,2.962350845336914e-05
relativefx,history_003_bass,Girls Under Glass - We Feel Alright,bass,normalized,eq_plus6,4.3451786041259766e-05
relativefx,history_003_bass,Girls Under Glass - We Feel Alright,bass,normalized,comp_ratio2,0.057235538959503174
relativefx,history_003_bass,Girls Under Glass - We Feel Alright,bass,normalized,comp_ratio4,0.0600132942199707
relativefx,history_003_drums,Signe Jakobsen - What Have You Done To Me,drums,input,identity,-3.5762786865234375e-07
relativefx,history_003_drums,Signe Jakobsen - What Have You Done To Me,drums,input,gain_minus6,0.10469305515289307
relativefx,history_003_drums,Signe Jakobsen - What Have You Done To Me,drums,input,gain_plus6,0.18125677108764648
relativefx,history_003_drums,Signe Jakobsen - What Have You Done To Me,drums,input,eq_minus6,0.12148493528366089
relativefx,history_003_drums,Signe Jakobsen - What Have You Done To Me,drums,input,eq_plus6,0.12439185380935669
relativefx,history_003_drums,Signe Jakobsen - What Have You Done To Me,drums,input,comp_ratio2,0.1942216157913208
relativefx,history_003_drums,Signe Jakobsen - What Have You Done To Me,drums,input,comp_ratio4,0.2686300277709961
relativefx,history_003_drums,Signe Jakobsen - What Have You Done To Me,drums,normalized,identity,-2.384185791015625e-07
relativefx,history_003_drums,Signe Jakobsen - What Have You Done To Me,drums,normalized,gain_minus6,0.0
relativefx,history_003_drums,Signe Jakobsen - What Have You Done To Me,drums,normalized,gain_plus6,-1.1920928955078125e-07
relativefx,history_003_drums,Signe Jakobsen - What Have You Done To Me,drums,normalized,eq_minus6,7.3909759521484375e-06
relativefx,history_003_drums,Signe Jakobsen - What Have You Done To Me,drums,normalized,eq_plus6,2.2292137145996094e-05
relativefx,history_003_drums,Signe Jakobsen - What Have You Done To Me,drums,normalized,comp_ratio2,0.0664777159690857
relativefx,history_003_drums,Signe Jakobsen - What Have You Done To Me,drums,normalized,comp_ratio4,0.12524616718292236
relativefx,history_003_vocals,Nerve 9 - Pray For The Rain,vocals,input,identity,-2.384185791015625e-07
relativefx,history_003_vocals,Nerve 9 - Pray For The Rain,vocals,input,gain_minus6,0.08204984664916992
relativefx,history_003_vocals,Nerve 9 - Pray For The Rain,vocals,input,gain_plus6,0.14321327209472656
relativefx,history_003_vocals,Nerve 9 - Pray For The Rain,vocals,input,eq_minus6,0.04269611835479736
relativefx,history_003_vocals,Nerve 9 - Pray For The Rain,vocals,input,eq_plus6,0.07600551843643188
relativefx,history_003_vocals,Nerve 9 - Pray For The Rain,vocals,input,comp_ratio2,0.024074316024780273
relativefx,history_003_vocals,Nerve 9 - Pray For The Rain,vocals,input,comp_ratio4,0.04030495882034302
relativefx,history_003_vocals,Nerve 9 - Pray For The Rain,vocals,normalized,identity,-3.5762786865234375e-07
relativefx,history_003_vocals,Nerve 9 - Pray For The Rain,vocals,normalized,gain_minus6,-2.384185791015625e-07
relativefx,history_003_vocals,Nerve 9 - Pray For The Rain,vocals,normalized,gain_plus6,-2.384185791015625e-07
relativefx,history_003_vocals,Nerve 9 - Pray For The Rain,vocals,normalized,eq_minus6,1.3768672943115234e-05
relativefx,history_003_vocals,Nerve 9 - Pray For The Rain,vocals,normalized,eq_plus6,0.00025898218154907227
relativefx,history_003_vocals,Nerve 9 - Pray For The Rain,vocals,normalized,comp_ratio2,0.011628150939941406
relativefx,history_003_vocals,Nerve 9 - Pray For The Rain,vocals,normalized,comp_ratio4,0.03270900249481201
relativefx,history_003_other,Secretariat - Borderline,other,input,identity,-1.1920928955078125e-07
relativefx,history_003_other,Secretariat - Borderline,other,input,gain_minus6,0.10220640897750854
relativefx,history_003_other,Secretariat - Borderline,other,input,gain_plus6,0.188501238822937
relativefx,history_003_other,Secretariat - Borderline,other,input,eq_minus6,0.08241617679595947
relativefx,history_003_other,Secretariat - Borderline,other,input,eq_plus6,0.07084375619888306
relativefx,history_003_other,Secretariat - Borderline,other,input,comp_ratio2,0.11030739545822144
relativefx,history_003_other,Secretariat - Borderline,other,input,comp_ratio4,0.1540105938911438
relativefx,history_003_other,Secretariat - Borderline,other,normalized,identity,-1.1920928955078125e-07
relativefx,history_003_other,Secretariat - Borderline,other,normalized,gain_minus6,-1.1920928955078125e-07
relativefx,history_003_other,Secretariat - Borderline,other,normalized,gain_plus6,-1.1920928955078125e-07
relativefx,history_003_other,Secretariat - Borderline,other,normalized,eq_minus6,0.000689387321472168
relativefx,history_003_other,Secretariat - Borderline,other,normalized,eq_plus6,0.002510547637939453
relativefx,history_003_other,Secretariat - Borderline,other,normalized,comp_ratio2,0.12314265966415405
relativefx,history_003_other,Secretariat - Borderline,other,normalized,comp_ratio4,0.12813669443130493
relativefx,history_004_bass,Zeno - Signs,bass,input,identity,-2.384185791015625e-07
relativefx,history_004_bass,Zeno - Signs,bass,input,gain_minus6,0.12020230293273926
relativefx,history_004_bass,Zeno - Signs,bass,input,gain_plus6,0.3518742322921753
relativefx,history_004_bass,Zeno - Signs,bass,input,eq_minus6,0.05841350555419922
relativefx,history_004_bass,Zeno - Signs,bass,input,eq_plus6,0.060516953468322754
relativefx,history_004_bass,Zeno - Signs,bass,input,comp_ratio2,0.13381069898605347
relativefx,history_004_bass,Zeno - Signs,bass,input,comp_ratio4,0.18230432271957397
relativefx,history_004_bass,Zeno - Signs,bass,normalized,identity,0.0
relativefx,history_004_bass,Zeno - Signs,bass,normalized,gain_minus6,5.960464477539063e-08
relativefx,history_004_bass,Zeno - Signs,bass,normalized,gain_plus6,8.940696716308594e-07
relativefx,history_004_bass,Zeno - Signs,bass,normalized,eq_minus6,0.00010269880294799805
relativefx,history_004_bass,Zeno - Signs,bass,normalized,eq_plus6,4.470348358154297e-05
relativefx,history_004_bass,Zeno - Signs,bass,normalized,comp_ratio2,0.12439382076263428
relativefx,history_004_bass,Zeno - Signs,bass,normalized,comp_ratio4,0.13268417119979858
relativefx,history_004_drums,BKS - Bulldozer,drums,input,identity,-3.5762786865234375e-07
relativefx,history_004_drums,BKS - Bulldozer,drums,input,gain_minus6,0.12164056301116943
relativefx,history_004_drums,BKS - Bulldozer,drums,input,gain_plus6,0.19030970335006714
relativefx,history_004_drums,BKS - Bulldozer,drums,input,eq_minus6,0.09677410125732422
relativefx,history_004_drums,BKS - Bulldozer,drums,input,eq_plus6,0.10928595066070557
relativefx,history_004_drums,BKS - Bulldozer,drums,input,comp_ratio2,0.20633530616760254
relativefx,history_004_drums,BKS - Bulldozer,drums,input,comp_ratio4,0.2697731852531433
relativefx,history_004_drums,BKS - Bulldozer,drums,normalized,identity,-2.384185791015625e-07
relativefx,history_004_drums,BKS - Bulldozer,drums,normalized,gain_minus6,-2.384185791015625e-07
relativefx,history_004_drums,BKS - Bulldozer,drums,normalized,gain_plus6,-3.5762786865234375e-07
relativefx,history_004_drums,BKS - Bulldozer,drums,normalized,eq_minus6,5.245208740234375e-06
relativefx,history_004_drums,BKS - Bulldozer,drums,normalized,eq_plus6,2.47955322265625e-05
relativefx,history_004_drums,BKS - Bulldozer,drums,normalized,comp_ratio2,0.03494030237197876
relativefx,history_004_drums,BKS - Bulldozer,drums,normalized,comp_ratio4,0.053882718086242676
relativefx,history_004_vocals,Secretariat - Borderline,vocals,input,identity,-2.384185791015625e-07
relativefx,history_004_vocals,Secretariat - Borderline,vocals,input,gain_minus6,0.12276571989059448
relativefx,history_004_vocals,Secretariat - Borderline,vocals,input,gain_plus6,0.18311262130737305
relativefx,history_004_vocals,Secretariat - Borderline,vocals,input,eq_minus6,0.060838520526885986
relativefx,history_004_vocals,Secretariat - Borderline,vocals,input,eq_plus6,0.06499099731445312
relativefx,history_004_vocals,Secretariat - Borderline,vocals,input,comp_ratio2,0.07997399568557739
relativefx,history_004_vocals,Secretariat - Borderline,vocals,input,comp_ratio4,0.13124465942382812
relativefx,history_004_vocals,Secretariat - Borderline,vocals,normalized,identity,-3.5762786865234375e-07
relativefx,history_004_vocals,Secretariat - Borderline,vocals,normalized,gain_minus6,-1.1920928955078125e-07
relativefx,history_004_vocals,Secretariat - Borderline,vocals,normalized,gain_plus6,-2.384185791015625e-07
relativefx,history_004_vocals,Secretariat - Borderline,vocals,normalized,eq_minus6,6.783008575439453e-05
relativefx,history_004_vocals,Secretariat - Borderline,vocals,normalized,eq_plus6,0.0017365217208862305
relativefx,history_004_vocals,Secretariat - Borderline,vocals,normalized,comp_ratio2,0.01224440336227417
relativefx,history_004_vocals,Secretariat - Borderline,vocals,normalized,comp_ratio4,0.035435259342193604
relativefx,history_004_other,Triviul feat. The Fiend - Widow,other,input,identity,-1.1920928955078125e-07
relativefx,history_004_other,Triviul feat. The Fiend - Widow,other,input,gain_minus6,0.08664000034332275
relativefx,history_004_other,Triviul feat. The Fiend - Widow,other,input,gain_plus6,0.1234864592552185
relativefx,history_004_other,Triviul feat. The Fiend - Widow,other,input,eq_minus6,0.034165918827056885
relativefx,history_004_other,Triviul feat. The Fiend - Widow,other,input,eq_plus6,0.06158405542373657
relativefx,history_004_other,Triviul feat. The Fiend - Widow,other,input,comp_ratio2,0.09415185451507568
relativefx,history_004_other,Triviul feat. The Fiend - Widow,other,input,comp_ratio4,0.16375881433486938
relativefx,history_004_other,Triviul feat. The Fiend - Widow,other,normalized,identity,-2.384185791015625e-07
relativefx,history_004_other,Triviul feat. The Fiend - Widow,other,normalized,gain_minus6,1.3113021850585938e-06
relativefx,history_004_other,Triviul feat. The Fiend - Widow,other,normalized,gain_plus6,-1.1920928955078125e-07
relativefx,history_004_other,Triviul feat. The Fiend - Widow,other,normalized,eq_minus6,0.0004074573516845703
relativefx,history_004_other,Triviul feat. The Fiend - Widow,other,normalized,eq_plus6,0.0001462101936340332
relativefx,history_004_other,Triviul feat. The Fiend - Widow,other,normalized,comp_ratio2,0.027108311653137207
relativefx,history_004_other,Triviul feat. The Fiend - Widow,other,normalized,comp_ratio4,0.049946725368499756
relativefx,history_005_bass,Buitraker - Revo X,bass,input,identity,-1.1920928955078125e-07
relativefx,history_005_bass,Buitraker - Revo X,bass,input,gain_minus6,0.10718965530395508
relativefx,history_005_bass,Buitraker - Revo X,bass,input,gain_plus6,0.2478817105293274
relativefx,history_005_bass,Buitraker - Revo X,bass,input,eq_minus6,0.03248858451843262
relativefx,history_005_bass,Buitraker - Revo X,bass,input,eq_plus6,0.041253089904785156
relativefx,history_005_bass,Buitraker - Revo X,bass,input,comp_ratio2,0.054169535636901855
relativefx,history_005_bass,Buitraker - Revo X,bass,input,comp_ratio4,0.08523833751678467
relativefx,history_005_bass,Buitraker - Revo X,bass,normalized,identity,-2.384185791015625e-07
relativefx,history_005_bass,Buitraker - Revo X,bass,normalized,gain_minus6,8.344650268554688e-07
relativefx,history_005_bass,Buitraker - Revo X,bass,normalized,gain_plus6,1.5497207641601562e-06
relativefx,history_005_bass,Buitraker - Revo X,bass,normalized,eq_minus6,0.10865813493728638
relativefx,history_005_bass,Buitraker - Revo X,bass,normalized,eq_plus6,0.0021732449531555176
relativefx,history_005_bass,Buitraker - Revo X,bass,normalized,comp_ratio2,0.02667975425720215
relativefx,history_005_bass,Buitraker - Revo X,bass,normalized,comp_ratio4,0.03278553485870361
relativefx,history_005_drums,Lyndsey Ollard - Catching Up,drums,input,identity,-2.384185791015625e-07
relativefx,history_005_drums,Lyndsey Ollard - Catching Up,drums,input,gain_minus6,0.1008991003036499
relativefx,history_005_drums,Lyndsey Ollard - Catching Up,drums,input,gain_plus6,0.16423189640045166
relativefx,history_005_drums,Lyndsey Ollard - Catching Up,drums,input,eq_minus6,0.08410906791687012
relativefx,history_005_drums,Lyndsey Ollard - Catching Up,drums,input,eq_plus6,0.07743328809738159
relativefx,history_005_drums,Lyndsey Ollard - Catching Up,drums,input,comp_ratio2,0.1790807843208313
relativefx,history_005_drums,Lyndsey Ollard - Catching Up,drums,input,comp_ratio4,0.22932744026184082
relativefx,history_005_drums,Lyndsey Ollard - Catching Up,drums,normalized,identity,-2.384185791015625e-07
relativefx,history_005_drums,Lyndsey Ollard - Catching Up,drums,normalized,gain_minus6,-1.1920928955078125e-07
relativefx,history_005_drums,Lyndsey Ollard - Catching Up,drums,normalized,gain_plus6,0.0
relativefx,history_005_drums,Lyndsey Ollard - Catching Up,drums,normalized,eq_minus6,0.0009034872055053711
relativefx,history_005_drums,Lyndsey Ollard - Catching Up,drums,normalized,eq_plus6,0.0007879137992858887
relativefx,history_005_drums,Lyndsey Ollard - Catching Up,drums,normalized,comp_ratio2,0.04243636131286621
relativefx,history_005_drums,Lyndsey Ollard - Catching Up,drums,normalized,comp_ratio4,0.08331888914108276
relativefx,history_005_vocals,Zeno - Signs,vocals,input,identity,-2.384185791015625e-07
relativefx,history_005_vocals,Zeno - Signs,vocals,input,gain_minus6,0.1229243278503418
relativefx,history_005_vocals,Zeno - Signs,vocals,input,gain_plus6,0.20545673370361328
relativefx,history_005_vocals,Zeno - Signs,vocals,input,eq_minus6,0.07159560918807983
relativefx,history_005_vocals,Zeno - Signs,vocals,input,eq_plus6,0.10752695798873901
relativefx,history_005_vocals,Zeno - Signs,vocals,input,comp_ratio2,0.11061012744903564
relativefx,history_005_vocals,Zeno - Signs,vocals,input,comp_ratio4,0.17186176776885986
relativefx,history_005_vocals,Zeno - Signs,vocals,normalized,identity,-2.384185791015625e-07
relativefx,history_005_vocals,Zeno - Signs,vocals,normalized,gain_minus6,-2.384185791015625e-07
relativefx,history_005_vocals,Zeno - Signs,vocals,normalized,gain_plus6,-1.1920928955078125e-07
relativefx,history_005_vocals,Zeno - Signs,vocals,normalized,eq_minus6,4.9054622650146484e-05
relativefx,history_005_vocals,Zeno - Signs,vocals,normalized,eq_plus6,4.553794860839844e-05
relativefx,history_005_vocals,Zeno - Signs,vocals,normalized,comp_ratio2,0.01880776882171631
relativefx,history_005_vocals,Zeno - Signs,vocals,normalized,comp_ratio4,0.044619977474212646
relativefx,history_005_other,Sambasevam Shanmugam - Kaathaadi,other,input,identity,-1.1920928955078125e-07
relativefx,history_005_other,Sambasevam Shanmugam - Kaathaadi,other,input,gain_minus6,0.08622252941131592
relativefx,history_005_other,Sambasevam Shanmugam - Kaathaadi,other,input,gain_plus6,0.12444114685058594
relativefx,history_005_other,Sambasevam Shanmugam - Kaathaadi,other,input,eq_minus6,0.04972577095031738
relativefx,history_005_other,Sambasevam Shanmugam - Kaathaadi,other,input,eq_plus6,0.053441643714904785
relativefx,history_005_other,Sambasevam Shanmugam - Kaathaadi,other,input,comp_ratio2,0.0927811861038208
relativefx,history_005_other,Sambasevam Shanmugam - Kaathaadi,other,input,comp_ratio4,0.13605189323425293
relativefx,history_005_other,Sambasevam Shanmugam - Kaathaadi,other,normalized,identity,-2.384185791015625e-07
relativefx,history_005_other,Sambasevam Shanmugam - Kaathaadi,other,normalized,gain_minus6,2.384185791015625e-07
relativefx,history_005_other,Sambasevam Shanmugam - Kaathaadi,other,normalized,gain_plus6,5.364418029785156e-07
relativefx,history_005_other,Sambasevam Shanmugam - Kaathaadi,other,normalized,eq_minus6,0.0001793503761291504
relativefx,history_005_other,Sambasevam Shanmugam - Kaathaadi,other,normalized,eq_plus6,3.2901763916015625e-05
relativefx,history_005_other,Sambasevam Shanmugam - Kaathaadi,other,normalized,comp_ratio2,0.039338111877441406
relativefx,history_005_other,Sambasevam Shanmugam - Kaathaadi,other,normalized,comp_ratio4,0.09643900394439697
relativefx,history_006_bass,Carlos Gonzalez - A Place For Us,bass,input,identity,-2.384185791015625e-07
relativefx,history_006_bass,Carlos Gonzalez - A Place For Us,bass,input,gain_minus6,0.0626102089881897
relativefx,history_006_bass,Carlos Gonzalez - A Place For Us,bass,input,gain_plus6,0.1612270474433899
relativefx,history_006_bass,Carlos Gonzalez - A Place For Us,bass,input,eq_minus6,0.07431501150131226
relativefx,history_006_bass,Carlos Gonzalez - A Place For Us,bass,input,eq_plus6,0.07615453004837036
relativefx,history_006_bass,Carlos Gonzalez - A Place For Us,bass,input,comp_ratio2,0.028213202953338623
relativefx,history_006_bass,Carlos Gonzalez - A Place For Us,bass,input,comp_ratio4,0.04804593324661255
relativefx,history_006_bass,Carlos Gonzalez - A Place For Us,bass,normalized,identity,-2.384185791015625e-07
relativefx,history_006_bass,Carlos Gonzalez - A Place For Us,bass,normalized,gain_minus6,2.562999725341797e-05
relativefx,history_006_bass,Carlos Gonzalez - A Place For Us,bass,normalized,gain_plus6,1.5914440155029297e-05
relativefx,history_006_bass,Carlos Gonzalez - A Place For Us,bass,normalized,eq_minus6,0.0003656744956970215
relativefx,history_006_bass,Carlos Gonzalez - A Place For Us,bass,normalized,eq_plus6,0.00021219253540039062
relativefx,history_006_bass,Carlos Gonzalez - A Place For Us,bass,normalized,comp_ratio2,0.09345215559005737
relativefx,history_006_bass,Carlos Gonzalez - A Place For Us,bass,normalized,comp_ratio4,0.14643031358718872
relativefx,history_006_drums,Raft Monk - Tiring,drums,input,identity,-3.5762786865234375e-07
relativefx,history_006_drums,Raft Monk - Tiring,drums,input,gain_minus6,0.170340895652771
relativefx,history_006_drums,Raft Monk - Tiring,drums,input,gain_plus6,0.235176682472229
relativefx,history_006_drums,Raft Monk - Tiring,drums,input,eq_minus6,0.10711109638214111
relativefx,history_006_drums,Raft Monk - Tiring,drums,input,eq_plus6,0.11009341478347778
relativefx,history_006_drums,Raft Monk - Tiring,drums,input,comp_ratio2,0.21434056758880615
relativefx,history_006_drums,Raft Monk - Tiring,drums,input,comp_ratio4,0.2779540419578552
relativefx,history_006_drums,Raft Monk - Tiring,drums,normalized,identity,-1.1920928955078125e-07
relativefx,history_006_drums,Raft Monk - Tiring,drums,normalized,gain_minus6,-1.1920928955078125e-07
relativefx,history_006_drums,Raft Monk - Tiring,drums,normalized,gain_plus6,-1.1920928955078125e-07
relativefx,history_006_drums,Raft Monk - Tiring,drums,normalized,eq_minus6,2.8312206268310547e-05
relativefx,history_006_drums,Raft Monk - Tiring,drums,normalized,eq_plus6,0.000574648380279541
relativefx,history_006_drums,Raft Monk - Tiring,drums,normalized,comp_ratio2,0.0771591067314148
relativefx,history_006_drums,Raft Monk - Tiring,drums,normalized,comp_ratio4,0.0851738452911377
relativefx,history_006_vocals,Skelpolu - Resurrection,vocals,input,identity,-3.5762786865234375e-07
relativefx,history_006_vocals,Skelpolu - Resurrection,vocals,input,gain_minus6,0.14365047216415405
relativefx,history_006_vocals,Skelpolu - Resurrection,vocals,input,gain_plus6,0.25321000814437866
relativefx,history_006_vocals,Skelpolu - Resurrection,vocals,input,eq_minus6,0.08792310953140259
relativefx,history_006_vocals,Skelpolu - Resurrection,vocals,input,eq_plus6,0.09504836797714233
relativefx,history_006_vocals,Skelpolu - Resurrection,vocals,input,comp_ratio2,0.11530834436416626
relativefx,history_006_vocals,Skelpolu - Resurrection,vocals,input,comp_ratio4,0.19778114557266235
relativefx,history_006_vocals,Skelpolu - Resurrection,vocals,normalized,identity,-2.384185791015625e-07
relativefx,history_006_vocals,Skelpolu - Resurrection,vocals,normalized,gain_minus6,-1.1920928955078125e-07
relativefx,history_006_vocals,Skelpolu - Resurrection,vocals,normalized,gain_plus6,-2.384185791015625e-07
relativefx,history_006_vocals,Skelpolu - Resurrection,vocals,normalized,eq_minus6,0.0005778670310974121
relativefx,history_006_vocals,Skelpolu - Resurrection,vocals,normalized,eq_plus6,0.0007951259613037109
relativefx,history_006_vocals,Skelpolu - Resurrection,vocals,normalized,comp_ratio2,0.009877681732177734
relativefx,history_006_vocals,Skelpolu - Resurrection,vocals,normalized,comp_ratio4,0.01663750410079956
relativefx,history_006_other,The Easton Ellises (Baumi) - SDRNR,other,input,identity,-3.5762786865234375e-07
relativefx,history_006_other,The Easton Ellises (Baumi) - SDRNR,other,input,gain_minus6,0.13324451446533203
relativefx,history_006_other,The Easton Ellises (Baumi) - SDRNR,other,input,gain_plus6,0.22660362720489502
relativefx,history_006_other,The Easton Ellises (Baumi) - SDRNR,other,input,eq_minus6,0.09424096345901489
relativefx,history_006_other,The Easton Ellises (Baumi) - SDRNR,other,input,eq_plus6,0.11251705884933472
relativefx,history_006_other,The Easton Ellises (Baumi) - SDRNR,other,input,comp_ratio2,0.14300459623336792
relativefx,history_006_other,The Easton Ellises (Baumi) - SDRNR,other,input,comp_ratio4,0.20589566230773926
relativefx,history_006_other,The Easton Ellises (Baumi) - SDRNR,other,normalized,identity,-2.384185791015625e-07
relativefx,history_006_other,The Easton Ellises (Baumi) - SDRNR,other,normalized,gain_minus6,1.1920928955078125e-07
relativefx,history_006_other,The Easton Ellises (Baumi) - SDRNR,other,normalized,gain_plus6,0.0
relativefx,history_006_other,The Easton Ellises (Baumi) - SDRNR,other,normalized,eq_minus6,6.93202018737793e-05
relativefx,history_006_other,The Easton Ellises (Baumi) - SDRNR,other,normalized,eq_plus6,2.6524066925048828e-05
relativefx,history_006_other,The Easton Ellises (Baumi) - SDRNR,other,normalized,comp_ratio2,0.04308736324310303
relativefx,history_006_other,The Easton Ellises (Baumi) - SDRNR,other,normalized,comp_ratio4,0.05828821659088135
relativefx,history_007_bass,The Long Wait - Dark Horses,bass,input,identity,-3.5762786865234375e-07
relativefx,history_007_bass,The Long Wait - Dark Horses,bass,input,gain_minus6,0.11831057071685791
relativefx,history_007_bass,The Long Wait - Dark Horses,bass,input,gain_plus6,0.23394858837127686
relativefx,history_007_bass,The Long Wait - Dark Horses,bass,input,eq_minus6,0.07670032978057861
relativefx,history_007_bass,The Long Wait - Dark Horses,bass,input,eq_plus6,0.06224089860916138
relativefx,history_007_bass,The Long Wait - Dark Horses,bass,input,comp_ratio2,0.10519766807556152
relativefx,history_007_bass,The Long Wait - Dark Horses,bass,input,comp_ratio4,0.187333881855011
relativefx,history_007_bass,The Long Wait - Dark Horses,bass,normalized,identity,-3.5762786865234375e-07
relativefx,history_007_bass,The Long Wait - Dark Horses,bass,normalized,gain_minus6,4.76837158203125e-07
relativefx,history_007_bass,The Long Wait - Dark Horses,bass,normalized,gain_plus6,1.1920928955078125e-07
relativefx,history_007_bass,The Long Wait - Dark Horses,bass,normalized,eq_minus6,0.0007956624031066895
relativefx,history_007_bass,The Long Wait - Dark Horses,bass,normalized,eq_plus6,0.0006718039512634277
relativefx,history_007_bass,The Long Wait - Dark Horses,bass,normalized,comp_ratio2,0.13347089290618896
relativefx,history_007_bass,The Long Wait - Dark Horses,bass,normalized,comp_ratio4,0.1529982089996338
relativefx,history_007_drums,PR - Happy Daze,drums,input,identity,-2.384185791015625e-07
relativefx,history_007_drums,PR - Happy Daze,drums,input,gain_minus6,0.1739950180053711
relativefx,history_007_drums,PR - Happy Daze,drums,input,gain_plus6,0.23252856731414795
relativefx,history_007_drums,PR - Happy Daze,drums,input,eq_minus6,0.06524741649627686
relativefx,history_007_drums,PR - Happy Daze,drums,input,eq_plus6,0.09663879871368408
relativefx,history_007_drums,PR - Happy Daze,drums,input,comp_ratio2,0.10555857419967651
relativefx,history_007_drums,PR - Happy Daze,drums,input,comp_ratio4,0.16119378805160522
relativefx,history_007_drums,PR - Happy Daze,drums,normalized,identity,-2.384185791015625e-07
relativefx,history_007_drums,PR - Happy Daze,drums,normalized,gain_minus6,-1.1920928955078125e-07
relativefx,history_007_drums,PR - Happy Daze,drums,normalized,gain_plus6,-1.1920928955078125e-07
relativefx,history_007_drums,PR - Happy Daze,drums,normalized,eq_minus6,0.0019162297248840332
relativefx,history_007_drums,PR - Happy Daze,drums,normalized,eq_plus6,0.0220070481300354
relativefx,history_007_drums,PR - Happy Daze,drums,normalized,comp_ratio2,0.020011544227600098
relativefx,history_007_drums,PR - Happy Daze,drums,normalized,comp_ratio4,0.03740936517715454
relativefx,history_007_vocals,Al James - Schoolboy Facination,vocals,input,identity,-2.384185791015625e-07
relativefx,history_007_vocals,Al James - Schoolboy Facination,vocals,input,gain_minus6,0.11770528554916382
relativefx,history_007_vocals,Al James - Schoolboy Facination,vocals,input,gain_plus6,0.21945536136627197
relativefx,history_007_vocals,Al James - Schoolboy Facination,vocals,input,eq_minus6,0.07895880937576294
relativefx,history_007_vocals,Al James - Schoolboy Facination,vocals,input,eq_plus6,0.09391230344772339
relativefx,history_007_vocals,Al James - Schoolboy Facination,vocals,input,comp_ratio2,0.1294606328010559
relativefx,history_007_vocals,Al James - Schoolboy Facination,vocals,input,comp_ratio4,0.1986265778541565
relativefx,history_007_vocals,Al James - Schoolboy Facination,vocals,normalized,identity,-2.384185791015625e-07
relativefx,history_007_vocals,Al James - Schoolboy Facination,vocals,normalized,gain_minus6,-1.1920928955078125e-07
relativefx,history_007_vocals,Al James - Schoolboy Facination,vocals,normalized,gain_plus6,-1.1920928955078125e-07
relativefx,history_007_vocals,Al James - Schoolboy Facination,vocals,normalized,eq_minus6,0.03803819417953491
relativefx,history_007_vocals,Al James - Schoolboy Facination,vocals,normalized,eq_plus6,0.0003317594528198242
relativefx,history_007_vocals,Al James - Schoolboy Facination,vocals,normalized,comp_ratio2,0.023898720741271973
relativefx,history_007_vocals,Al James - Schoolboy Facination,vocals,normalized,comp_ratio4,0.0530552864074707
relativefx,history_007_other,Hollow Ground - Ill Fate,other,input,identity,-1.1920928955078125e-07
relativefx,history_007_other,Hollow Ground - Ill Fate,other,input,gain_minus6,0.17541885375976562
relativefx,history_007_other,Hollow Ground - Ill Fate,other,input,gain_plus6,0.25473326444625854
relativefx,history_007_other,Hollow Ground - Ill Fate,other,input,eq_minus6,0.07643365859985352
relativefx,history_007_other,Hollow Ground - Ill Fate,other,input,eq_plus6,0.07574647665023804
relativefx,history_007_other,Hollow Ground - Ill Fate,other,input,comp_ratio2,0.11332470178604126
relativefx,history_007_other,Hollow Ground - Ill Fate,other,input,comp_ratio4,0.16302335262298584
relativefx,history_007_other,Hollow Ground - Ill Fate,other,normalized,identity,-2.384185791015625e-07
relativefx,history_007_other,Hollow Ground - Ill Fate,other,normalized,gain_minus6,0.0
relativefx,history_007_other,Hollow Ground - Ill Fate,other,normalized,gain_plus6,0.012955844402313232
relativefx,history_007_other,Hollow Ground - Ill Fate,other,normalized,eq_minus6,0.013130664825439453
relativefx,history_007_other,Hollow Ground - Ill Fate,other,normalized,eq_plus6,0.013162314891815186
relativefx,history_007_other,Hollow Ground - Ill Fate,other,normalized,comp_ratio2,0.06096845865249634
relativefx,history_007_other,Hollow Ground - Ill Fate,other,normalized,comp_ratio4,0.06954586505889893
relativefx,history_008_bass,Arise - Run Run Run,bass,input,identity,-2.384185791015625e-07
relativefx,history_008_bass,Arise - Run Run Run,bass,input,gain_minus6,0.2119244933128357
relativefx,history_008_bass,Arise - Run Run Run,bass,input,gain_plus6,0.2216750979423523
relativefx,history_008_bass,Arise - Run Run Run,bass,input,eq_minus6,0.05210644006729126
relativefx,history_008_bass,Arise - Run Run Run,bass,input,eq_plus6,0.041034162044525146
relativefx,history_008_bass,Arise - Run Run Run,bass,input,comp_ratio2,0.1642400026321411
relativefx,history_008_bass,Arise - Run Run Run,bass,input,comp_ratio4,0.25497573614120483
relativefx,history_008_bass,Arise - Run Run Run,bass,normalized,identity,-3.5762786865234375e-07
relativefx,history_008_bass,Arise - Run Run Run,bass,normalized,gain_minus6,4.172325134277344e-07
relativefx,history_008_bass,Arise - Run Run Run,bass,normalized,gain_plus6,4.172325134277344e-07
relativefx,history_008_bass,Arise - Run Run Run,bass,normalized,eq_minus6,0.0003215670585632324
relativefx,history_008_bass,Arise - Run Run Run,bass,normalized,eq_plus6,0.0026660561561584473
relativefx,history_008_bass,Arise - Run Run Run,bass,normalized,comp_ratio2,0.026880741119384766
relativefx,history_008_bass,Arise - Run Run Run,bass,normalized,comp_ratio4,0.07450568675994873
relativefx,history_008_drums,Bobby Nobody - Stitch Up,drums,input,identity,-1.1920928955078125e-07
relativefx,history_008_drums,Bobby Nobody - Stitch Up,drums,input,gain_minus6,0.12219643592834473
relativefx,history_008_drums,Bobby Nobody - Stitch Up,drums,input,gain_plus6,0.17180347442626953
relativefx,history_008_drums,Bobby Nobody - Stitch Up,drums,input,eq_minus6,0.13641035556793213
relativefx,history_008_drums,Bobby Nobody - Stitch Up,drums,input,eq_plus6,0.11189669370651245
relativefx,history_008_drums,Bobby Nobody - Stitch Up,drums,input,comp_ratio2,0.21721482276916504
relativefx,history_008_drums,Bobby Nobody - Stitch Up,drums,input,comp_ratio4,0.29978662729263306
relativefx,history_008_drums,Bobby Nobody - Stitch Up,drums,normalized,identity,-2.384185791015625e-07
relativefx,history_008_drums,Bobby Nobody - Stitch Up,drums,normalized,gain_minus6,1.1324882507324219e-06
relativefx,history_008_drums,Bobby Nobody - Stitch Up,drums,normalized,gain_plus6,1.7881393432617188e-07
relativefx,history_008_drums,Bobby Nobody - Stitch Up,drums,normalized,eq_minus6,4.863739013671875e-05
relativefx,history_008_drums,Bobby Nobody - Stitch Up,drums,normalized,eq_plus6,2.485513687133789e-05
relativefx,history_008_drums,Bobby Nobody - Stitch Up,drums,normalized,comp_ratio2,0.045399248600006104
relativefx,history_008_drums,Bobby Nobody - Stitch Up,drums,normalized,comp_ratio4,0.07671868801116943
relativefx,history_008_vocals,M.E.R.C. Music - Knockout,vocals,input,identity,-2.384185791015625e-07
relativefx,history_008_vocals,M.E.R.C. Music - Knockout,vocals,input,gain_minus6,0.13411444425582886
relativefx,history_008_vocals,M.E.R.C. Music - Knockout,vocals,input,gain_plus6,0.22498035430908203
relativefx,history_008_vocals,M.E.R.C. Music - Knockout,vocals,input,eq_minus6,0.08557742834091187
relativefx,history_008_vocals,M.E.R.C. Music - Knockout,vocals,input,eq_plus6,0.13542473316192627
relativefx,history_008_vocals,M.E.R.C. Music - Knockout,vocals,input,comp_ratio2,0.1630479097366333
relativefx,history_008_vocals,M.E.R.C. Music - Knockout,vocals,input,comp_ratio4,0.21768397092819214
relativefx,history_008_vocals,M.E.R.C. Music - Knockout,vocals,normalized,identity,-2.384185791015625e-07
relativefx,history_008_vocals,M.E.R.C. Music - Knockout,vocals,normalized,gain_minus6,-2.384185791015625e-07
relativefx,history_008_vocals,M.E.R.C. Music - Knockout,vocals,normalized,gain_plus6,-2.384185791015625e-07
relativefx,history_008_vocals,M.E.R.C. Music - Knockout,vocals,normalized,eq_minus6,6.681680679321289e-05
relativefx,history_008_vocals,M.E.R.C. Music - Knockout,vocals,normalized,eq_plus6,6.794929504394531e-06
relativefx,history_008_vocals,M.E.R.C. Music - Knockout,vocals,normalized,comp_ratio2,0.0991477370262146
relativefx,history_008_vocals,M.E.R.C. Music - Knockout,vocals,normalized,comp_ratio4,0.15584862232208252
relativefx,history_008_other,M.E.R.C. Music - Knockout,other,input,identity,0.0
relativefx,history_008_other,M.E.R.C. Music - Knockout,other,input,gain_minus6,0.1070660948753357
relativefx,history_008_other,M.E.R.C. Music - Knockout,other,input,gain_plus6,0.20288610458374023
relativefx,history_008_other,M.E.R.C. Music - Knockout,other,input,eq_minus6,0.06410360336303711
relativefx,history_008_other,M.E.R.C. Music - Knockout,other,input,eq_plus6,0.08248656988143921
relativefx,history_008_other,M.E.R.C. Music - Knockout,other,input,comp_ratio2,0.12935876846313477
relativefx,history_008_other,M.E.R.C. Music - Knockout,other,input,comp_ratio4,0.18298375606536865
relativefx,history_008_other,M.E.R.C. Music - Knockout,other,normalized,identity,0.0
relativefx,history_008_other,M.E.R.C. Music - Knockout,other,normalized,gain_minus6,-1.1920928955078125e-07
relativefx,history_008_other,M.E.R.C. Music - Knockout,other,normalized,gain_plus6,3.5762786865234375e-07
relativefx,history_008_other,M.E.R.C. Music - Knockout,other,normalized,eq_minus6,0.0003148317337036133
relativefx,history_008_other,M.E.R.C. Music - Knockout,other,normalized,eq_plus6,0.0010900497436523438
relativefx,history_008_other,M.E.R.C. Music - Knockout,other,normalized,comp_ratio2,0.02113628387451172
relativefx,history_008_other,M.E.R.C. Music - Knockout,other,normalized,comp_ratio4,0.048803091049194336
relativefx,history_009_bass,Georgia Wonder - Siren,bass,input,identity,-1.1920928955078125e-07
relativefx,history_009_bass,Georgia Wonder - Siren,bass,input,gain_minus6,0.2543871998786926
relativefx,history_009_bass,Georgia Wonder - Siren,bass,input,gain_plus6,0.3193916082382202
relativefx,history_009_bass,Georgia Wonder - Siren,bass,input,eq_minus6,0.05998432636260986
relativefx,history_009_bass,Georgia Wonder - Siren,bass,input,eq_plus6,0.04504364728927612
relativefx,history_009_bass,Georgia Wonder - Siren,bass,input,comp_ratio2,0.28004854917526245
relativefx,history_009_bass,Georgia Wonder - Siren,bass,input,comp_ratio4,0.3914642333984375
relativefx,history_009_bass,Georgia Wonder - Siren,bass,normalized,identity,0.0
relativefx,history_009_bass,Georgia Wonder - Siren,bass,normalized,gain_minus6,1.3709068298339844e-06
relativefx,history_009_bass,Georgia Wonder - Siren,bass,normalized,gain_plus6,1.7285346984863281e-06
relativefx,history_009_bass,Georgia Wonder - Siren,bass,normalized,eq_minus6,0.0001188516616821289
relativefx,history_009_bass,Georgia Wonder - Siren,bass,normalized,eq_plus6,0.0003237128257751465
relativefx,history_009_bass,Georgia Wonder - Siren,bass,normalized,comp_ratio2,0.09369367361068726
relativefx,history_009_bass,Georgia Wonder - Siren,bass,normalized,comp_ratio4,0.1369989514350891
relativefx,history_009_drums,Motor Tapes - Shore,drums,input,identity,-2.384185791015625e-07
relativefx,history_009_drums,Motor Tapes - Shore,drums,input,gain_minus6,0.08885133266448975
relativefx,history_009_drums,Motor Tapes - Shore,drums,input,gain_plus6,0.1716267466545105
relativefx,history_009_drums,Motor Tapes - Shore,drums,input,eq_minus6,0.1344425082206726
relativefx,history_009_drums,Motor Tapes - Shore,drums,input,eq_plus6,0.11671662330627441
relativefx,history_009_drums,Motor Tapes - Shore,drums,input,comp_ratio2,0.2123103141784668
relativefx,history_009_drums,Motor Tapes - Shore,drums,input,comp_ratio4,0.29764264822006226
relativefx,history_009_drums,Motor Tapes - Shore,drums,normalized,identity,0.0
relativefx,history_009_drums,Motor Tapes - Shore,drums,normalized,gain_minus6,0.0
relativefx,history_009_drums,Motor Tapes - Shore,drums,normalized,gain_plus6,-1.1920928955078125e-07
relativefx,history_009_drums,Motor Tapes - Shore,drums,normalized,eq_minus6,0.00015145540237426758
relativefx,history_009_drums,Motor Tapes - Shore,drums,normalized,eq_plus6,4.881620407104492e-05
relativefx,history_009_drums,Motor Tapes - Shore,drums,normalized,comp_ratio2,0.08431196212768555
relativefx,history_009_drums,Motor Tapes - Shore,drums,normalized,comp_ratio4,0.15209347009658813
relativefx,history_009_vocals,AM Contra - Heart Peripheral,vocals,input,identity,-2.384185791015625e-07
relativefx,history_009_vocals,AM Contra - Heart Peripheral,vocals,input,gain_minus6,0.07290405035018921
relativefx,history_009_vocals,AM Contra - Heart Peripheral,vocals,input,gain_plus6,0.13462692499160767
relativefx,history_009_vocals,AM Contra - Heart Peripheral,vocals,input,eq_minus6,0.04510408639907837
relativefx,history_009_vocals,AM Contra - Heart Peripheral,vocals,input,eq_plus6,0.05697000026702881
relativefx,history_009_vocals,AM Contra - Heart Peripheral,vocals,input,comp_ratio2,0.02243971824645996
relativefx,history_009_vocals,AM Contra - Heart Peripheral,vocals,input,comp_ratio4,0.04226452112197876
relativefx,history_009_vocals,AM Contra - Heart Peripheral,vocals,normalized,identity,-2.384185791015625e-07
relativefx,history_009_vocals,AM Contra - Heart Peripheral,vocals,normalized,gain_minus6,-2.384185791015625e-07
relativefx,history_009_vocals,AM Contra - Heart Peripheral,vocals,normalized,gain_plus6,-1.1920928955078125e-07
relativefx,history_009_vocals,AM Contra - Heart Peripheral,vocals,normalized,eq_minus6,2.4497509002685547e-05
relativefx,history_009_vocals,AM Contra - Heart Peripheral,vocals,normalized,eq_plus6,0.000232696533203125
relativefx,history_009_vocals,AM Contra - Heart Peripheral,vocals,normalized,comp_ratio2,0.01185762882232666
relativefx,history_009_vocals,AM Contra - Heart Peripheral,vocals,normalized,comp_ratio4,0.02388906478881836
relativefx,history_009_other,BKS - Too Much,other,input,identity,-2.384185791015625e-07
relativefx,history_009_other,BKS - Too Much,other,input,gain_minus6,0.07676225900650024
relativefx,history_009_other,BKS - Too Much,other,input,gain_plus6,0.19971871376037598
relativefx,history_009_other,BKS - Too Much,other,input,eq_minus6,0.07115888595581055
relativefx,history_009_other,BKS - Too Much,other,input,eq_plus6,0.08076667785644531
relativefx,history_009_other,BKS - Too Much,other,input,comp_ratio2,0.018864333629608154
relativefx,history_009_other,BKS - Too Much,other,input,comp_ratio4,0.032850027084350586
relativefx,history_009_other,BKS - Too Much,other,normalized,identity,-1.1920928955078125e-07
relativefx,history_009_other,BKS - Too Much,other,normalized,gain_minus6,1.1920928955078125e-07
relativefx,history_009_other,BKS - Too Much,other,normalized,gain_plus6,4.76837158203125e-07
relativefx,history_009_other,BKS - Too Much,other,normalized,eq_minus6,0.0014408230781555176
relativefx,history_009_other,BKS - Too Much,other,normalized,eq_plus6,0.003330707550048828
relativefx,history_009_other,BKS - Too Much,other,normalized,comp_ratio2,0.028644442558288574
relativefx,history_009_other,BKS - Too Much,other,normalized,comp_ratio4,0.038693130016326904
relativefx,history_010_bass,Cristina Vane - So Easy,bass,input,identity,-2.384185791015625e-07
relativefx,history_010_bass,Cristina Vane - So Easy,bass,input,gain_minus6,0.13902437686920166
relativefx,history_010_bass,Cristina Vane - So Easy,bass,input,gain_plus6,0.22143888473510742
relativefx,history_010_bass,Cristina Vane - So Easy,bass,input,eq_minus6,0.0708656907081604
relativefx,history_010_bass,Cristina Vane - So Easy,bass,input,eq_plus6,0.06949293613433838
relativefx,history_010_bass,Cristina Vane - So Easy,bass,input,comp_ratio2,0.10462158918380737
relativefx,history_010_bass,Cristina Vane - So Easy,bass,input,comp_ratio4,0.17523670196533203
relativefx,history_010_bass,Cristina Vane - So Easy,bass,normalized,identity,-2.384185791015625e-07
relativefx,history_010_bass,Cristina Vane - So Easy,bass,normalized,gain_minus6,5.0067901611328125e-06
relativefx,history_010_bass,Cristina Vane - So Easy,bass,normalized,gain_plus6,2.8014183044433594e-06
relativefx,history_010_bass,Cristina Vane - So Easy,bass,normalized,eq_minus6,0.00025653839111328125
relativefx,history_010_bass,Cristina Vane - So Easy,bass,normalized,eq_plus6,0.0001589059829711914
relativefx,history_010_bass,Cristina Vane - So Easy,bass,normalized,comp_ratio2,0.03029400110244751
relativefx,history_010_bass,Cristina Vane - So Easy,bass,normalized,comp_ratio4,0.12711870670318604
relativefx,history_010_drums,Tom McKenzie - Directions,drums,input,identity,-1.1920928955078125e-07
relativefx,history_010_drums,Tom McKenzie - Directions,drums,input,gain_minus6,0.09423708915710449
relativefx,history_010_drums,Tom McKenzie - Directions,drums,input,gain_plus6,0.1792249083518982
relativefx,history_010_drums,Tom McKenzie - Directions,drums,input,eq_minus6,0.08751201629638672
relativefx,history_010_drums,Tom McKenzie - Directions,drums,input,eq_plus6,0.07377785444259644
relativefx,history_010_drums,Tom McKenzie - Directions,drums,input,comp_ratio2,0.14525938034057617
relativefx,history_010_drums,Tom McKenzie - Directions,drums,input,comp_ratio4,0.18707197904586792
relativefx,history_010_drums,Tom McKenzie - Directions,drums,normalized,identity,-3.5762786865234375e-07
relativefx,history_010_drums,Tom McKenzie - Directions,drums,normalized,gain_minus6,-2.384185791015625e-07
relativefx,history_010_drums,Tom McKenzie - Directions,drums,normalized,gain_plus6,-3.5762786865234375e-07
relativefx,history_010_drums,Tom McKenzie - Directions,drums,normalized,eq_minus6,0.07451927661895752
relativefx,history_010_drums,Tom McKenzie - Directions,drums,normalized,eq_plus6,0.00030940771102905273
relativefx,history_010_drums,Tom McKenzie - Directions,drums,normalized,comp_ratio2,0.04778164625167847
relativefx,history_010_drums,Tom McKenzie - Directions,drums,normalized,comp_ratio4,0.09652256965637207
relativefx,history_010_vocals,BKS - Bulldozer,vocals,input,identity,-3.5762786865234375e-07
relativefx,history_010_vocals,BKS - Bulldozer,vocals,input,gain_minus6,0.10974633693695068
relativefx,history_010_vocals,BKS - Bulldozer,vocals,input,gain_plus6,0.19440728425979614
relativefx,history_010_vocals,BKS - Bulldozer,vocals,input,eq_minus6,0.09293562173843384
relativefx,history_010_vocals,BKS - Bulldozer,vocals,input,eq_plus6,0.08463907241821289
relativefx,history_010_vocals,BKS - Bulldozer,vocals,input,comp_ratio2,0.06745237112045288
relativefx,history_010_vocals,BKS - Bulldozer,vocals,input,comp_ratio4,0.10100287199020386
relativefx,history_010_vocals,BKS - Bulldozer,vocals,normalized,identity,-2.384185791015625e-07
relativefx,history_010_vocals,BKS - Bulldozer,vocals,normalized,gain_minus6,-2.384185791015625e-07
relativefx,history_010_vocals,BKS - Bulldozer,vocals,normalized,gain_plus6,-3.5762786865234375e-07
relativefx,history_010_vocals,BKS - Bulldozer,vocals,normalized,eq_minus6,1.615285873413086e-05
relativefx,history_010_vocals,BKS - Bulldozer,vocals,normalized,eq_plus6,0.00027996301651000977
relativefx,history_010_vocals,BKS - Bulldozer,vocals,normalized,comp_ratio2,0.007413744926452637
relativefx,history_010_vocals,BKS - Bulldozer,vocals,normalized,comp_ratio4,0.017564117908477783
relativefx,history_010_other,Skelpolu - Resurrection,other,input,identity,-2.384185791015625e-07
relativefx,history_010_other,Skelpolu - Resurrection,other,input,gain_minus6,0.11294138431549072
relativefx,history_010_other,Skelpolu - Resurrection,other,input,gain_plus6,0.19631654024124146
relativefx,history_010_other,Skelpolu - Resurrection,other,input,eq_minus6,0.09594666957855225
relativefx,history_010_other,Skelpolu - Resurrection,other,input,eq_plus6,0.10716968774795532
relativefx,history_010_other,Skelpolu - Resurrection,other,input,comp_ratio2,0.11122667789459229
relativefx,history_010_other,Skelpolu - Resurrection,other,input,comp_ratio4,0.16917091608047485
relativefx,history_010_other,Skelpolu - Resurrection,other,normalized,identity,-2.384185791015625e-07
relativefx,history_010_other,Skelpolu - Resurrection,other,normalized,gain_minus6,-2.384185791015625e-07
relativefx,history_010_other,Skelpolu - Resurrection,other,normalized,gain_plus6,-3.5762786865234375e-07
relativefx,history_010_other,Skelpolu - Resurrection,other,normalized,eq_minus6,9.59634780883789e-06
relativefx,history_010_other,Skelpolu - Resurrection,other,normalized,eq_plus6,5.781650543212891e-06
relativefx,history_010_other,Skelpolu - Resurrection,other,normalized,comp_ratio2,0.10610461235046387
relativefx,history_010_other,Skelpolu - Resurrection,other,normalized,comp_ratio4,0.11715000867843628
relativefx,history_011_bass,Motor Tapes - Shore,bass,input,identity,-2.384185791015625e-07
relativefx,history_011_bass,Motor Tapes - Shore,bass,input,gain_minus6,0.22370487451553345
relativefx,history_011_bass,Motor Tapes - Shore,bass,input,gain_plus6,0.26171553134918213
relativefx,history_011_bass,Motor Tapes - Shore,bass,input,eq_minus6,0.03545558452606201
relativefx,history_011_bass,Motor Tapes - Shore,bass,input,eq_plus6,0.03734320402145386
relativefx,history_011_bass,Motor Tapes - Shore,bass,input,comp_ratio2,0.2408779263496399
relativefx,history_011_bass,Motor Tapes - Shore,bass,input,comp_ratio4,0.28464746475219727
relativefx,history_011_bass,Motor Tapes - Shore,bass,normalized,identity,0.0
relativefx,history_011_bass,Motor Tapes - Shore,bass,normalized,gain_minus6,2.086162567138672e-06
relativefx,history_011_bass,Motor Tapes - Shore,bass,normalized,gain_plus6,5.960464477539062e-07
relativefx,history_011_bass,Motor Tapes - Shore,bass,normalized,eq_minus6,0.00016987323760986328
relativefx,history_011_bass,Motor Tapes - Shore,bass,normalized,eq_plus6,0.0009971857070922852
relativefx,history_011_bass,Motor Tapes - Shore,bass,normalized,comp_ratio2,0.0728069543838501
relativefx,history_011_bass,Motor Tapes - Shore,bass,normalized,comp_ratio4,0.10901415348052979
relativefx,history_011_drums,Arise - Run Run Run,drums,input,identity,-2.384185791015625e-07
relativefx,history_011_drums,Arise - Run Run Run,drums,input,gain_minus6,0.10947167873382568
relativefx,history_011_drums,Arise - Run Run Run,drums,input,gain_plus6,0.167883038520813
relativefx,history_011_drums,Arise - Run Run Run,drums,input,eq_minus6,0.10735106468200684
relativefx,history_011_drums,Arise - Run Run Run,drums,input,eq_plus6,0.1157306432723999
relativefx,history_011_drums,Arise - Run Run Run,drums,input,comp_ratio2,0.18666130304336548
relativefx,history_011_drums,Arise - Run Run Run,drums,input,comp_ratio4,0.23234683275222778
relativefx,history_011_drums,Arise - Run Run Run,drums,normalized,identity,-2.384185791015625e-07
relativefx,history_011_drums,Arise - Run Run Run,drums,normalized,gain_minus6,-1.1920928955078125e-07
relativefx,history_011_drums,Arise - Run Run Run,drums,normalized,gain_plus6,-2.384185791015625e-07
relativefx,history_011_drums,Arise - Run Run Run,drums,normalized,eq_minus6,0.0002251267433166504
relativefx,history_011_drums,Arise - Run Run Run,drums,normalized,eq_plus6,0.0007588863372802734
relativefx,history_011_drums,Arise - Run Run Run,drums,normalized,comp_ratio2,0.05956310033798218
relativefx,history_011_drums,Arise - Run Run Run,drums,normalized,comp_ratio4,0.1182030439376831
relativefx,history_011_vocals,Hollow Ground - Ill Fate,vocals,input,identity,-3.5762786865234375e-07
relativefx,history_011_vocals,Hollow Ground - Ill Fate,vocals,input,gain_minus6,0.1294492483139038
relativefx,history_011_vocals,Hollow Ground - Ill Fate,vocals,input,gain_plus6,0.19914239645004272
relativefx,history_011_vocals,Hollow Ground - Ill Fate,vocals,input,eq_minus6,0.07895845174789429
relativefx,history_011_vocals,Hollow Ground - Ill Fate,vocals,input,eq_plus6,0.12933897972106934
relativefx,history_011_vocals,Hollow Ground - Ill Fate,vocals,input,comp_ratio2,0.0870211124420166
relativefx,history_011_vocals,Hollow Ground - Ill Fate,vocals,input,comp_ratio4,0.14265024662017822
relativefx,history_011_vocals,Hollow Ground - Ill Fate,vocals,normalized,identity,-3.5762786865234375e-07
relativefx,history_011_vocals,Hollow Ground - Ill Fate,vocals,normalized,gain_minus6,-3.5762786865234375e-07
relativefx,history_011_vocals,Hollow Ground - Ill Fate,vocals,normalized,gain_plus6,-4.76837158203125e-07
relativefx,history_011_vocals,Hollow Ground - Ill Fate,vocals,normalized,eq_minus6,0.034712791442871094
relativefx,history_011_vocals,Hollow Ground - Ill Fate,vocals,normalized,eq_plus6,3.618001937866211e-05
relativefx,history_011_vocals,Hollow Ground - Ill Fate,vocals,normalized,comp_ratio2,0.004928946495056152
relativefx,history_011_vocals,Hollow Ground - Ill Fate,vocals,normalized,comp_ratio4,0.04820263385772705
relativefx,history_011_other,Angels In Amplifiers - I'm Alright,other,input,identity,-3.5762786865234375e-07
relativefx,history_011_other,Angels In Amplifiers - I'm Alright,other,input,gain_minus6,0.11206036806106567
relativefx,history_011_other,Angels In Amplifiers - I'm Alright,other,input,gain_plus6,0.1959754228591919
relativefx,history_011_other,Angels In Amplifiers - I'm Alright,other,input,eq_minus6,0.13672959804534912
relativefx,history_011_other,Angels In Amplifiers - I'm Alright,other,input,eq_plus6,0.10048091411590576
relativefx,history_011_other,Angels In Amplifiers - I'm Alright,other,input,comp_ratio2,0.12948071956634521
relativefx,history_011_other,Angels In Amplifiers - I'm Alright,other,input,comp_ratio4,0.18760085105895996
relativefx,history_011_other,Angels In Amplifiers - I'm Alright,other,normalized,identity,-2.384185791015625e-07
relativefx,history_011_other,Angels In Amplifiers - I'm Alright,other,normalized,gain_minus6,-1.1920928955078125e-07
relativefx,history_011_other,Angels In Amplifiers - I'm Alright,other,normalized,gain_plus6,-1.1920928955078125e-07
relativefx,history_011_other,Angels In Amplifiers - I'm Alright,other,normalized,eq_minus6,0.0004291534423828125
relativefx,history_011_other,Angels In Amplifiers - I'm Alright,other,normalized,eq_plus6,0.05757796764373779
relativefx,history_011_other,Angels In Amplifiers - I'm Alright,other,normalized,comp_ratio2,0.05174297094345093
relativefx,history_011_other,Angels In Amplifiers - I'm Alright,other,normalized,comp_ratio4,0.05267179012298584
relativefx,history_012_bass,AM Contra - Heart Peripheral,bass,input,identity,-2.384185791015625e-07
relativefx,history_012_bass,AM Contra - Heart Peripheral,bass,input,gain_minus6,0.1783934235572815
relativefx,history_012_bass,AM Contra - Heart Peripheral,bass,input,gain_plus6,0.3676401972770691
relativefx,history_012_bass,AM Contra - Heart Peripheral,bass,input,eq_minus6,0.04767054319381714
relativefx,history_012_bass,AM Contra - Heart Peripheral,bass,input,eq_plus6,0.03909718990325928
relativefx,history_012_bass,AM Contra - Heart Peripheral,bass,input,comp_ratio2,0.08507740497589111
relativefx,history_012_bass,AM Contra - Heart Peripheral,bass,input,comp_ratio4,0.14735114574432373
relativefx,history_012_bass,AM Contra - Heart Peripheral,bass,normalized,identity,-1.1920928955078125e-07
relativefx,history_012_bass,AM Contra - Heart Peripheral,bass,normalized,gain_minus6,2.6226043701171875e-06
relativefx,history_012_bass,AM Contra - Heart Peripheral,bass,normalized,gain_plus6,2.2649765014648438e-06
relativefx,history_012_bass,AM Contra - Heart Peripheral,bass,normalized,eq_minus6,0.00017708539962768555
relativefx,history_012_bass,AM Contra - Heart Peripheral,bass,normalized,eq_plus6,0.00025087594985961914
relativefx,history_012_bass,AM Contra - Heart Peripheral,bass,normalized,comp_ratio2,0.006779670715332031
relativefx,history_012_bass,AM Contra - Heart Peripheral,bass,normalized,comp_ratio4,0.01764547824859619
relativefx,history_012_drums,Al James - Schoolboy Facination,drums,input,identity,-2.384185791015625e-07
relativefx,history_012_drums,Al James - Schoolboy Facination,drums,input,gain_minus6,0.16248875856399536
relativefx,history_012_drums,Al James - Schoolboy Facination,drums,input,gain_plus6,0.20246118307113647
relativefx,history_012_drums,Al James - Schoolboy Facination,drums,input,eq_minus6,0.12064701318740845
relativefx,history_012_drums,Al James - Schoolboy Facination,drums,input,eq_plus6,0.11943250894546509
relativefx,history_012_drums,Al James - Schoolboy Facination,drums,input,comp_ratio2,0.23753631114959717
relativefx,history_012_drums,Al James - Schoolboy Facination,drums,input,comp_ratio4,0.3240126967430115
relativefx,history_012_drums,Al James - Schoolboy Facination,drums,normalized,identity,-3.5762786865234375e-07
relativefx,history_012_drums,Al James - Schoolboy Facination,drums,normalized,gain_minus6,-2.384185791015625e-07
relativefx,history_012_drums,Al James - Schoolboy Facination,drums,normalized,gain_plus6,-2.384185791015625e-07
relativefx,history_012_drums,Al James - Schoolboy Facination,drums,normalized,eq_minus6,0.00023555755615234375
relativefx,history_012_drums,Al James - Schoolboy Facination,drums,normalized,eq_plus6,4.553794860839844e-05
relativefx,history_012_drums,Al James - Schoolboy Facination,drums,normalized,comp_ratio2,0.05705106258392334
relativefx,history_012_drums,Al James - Schoolboy Facination,drums,normalized,comp_ratio4,0.09455376863479614
relativefx,history_012_vocals,Ben Carrigan - We'll Talk About It All Tonight,vocals,input,identity,-2.384185791015625e-07
relativefx,history_012_vocals,Ben Carrigan - We'll Talk About It All Tonight,vocals,input,gain_minus6,0.14667671918869019
relativefx,history_012_vocals,Ben Carrigan - We'll Talk About It All Tonight,vocals,input,gain_plus6,0.21099096536636353
relativefx,history_012_vocals,Ben Carrigan - We'll Talk About It All Tonight,vocals,input,eq_minus6,0.08579546213150024
relativefx,history_012_vocals,Ben Carrigan - We'll Talk About It All Tonight,vocals,input,eq_plus6,0.12549197673797607
relativefx,history_012_vocals,Ben Carrigan - We'll Talk About It All Tonight,vocals,input,comp_ratio2,0.1362437605857849
relativefx,history_012_vocals,Ben Carrigan - We'll Talk About It All Tonight,vocals,input,comp_ratio4,0.20880979299545288
relativefx,history_012_vocals,Ben Carrigan - We'll Talk About It All Tonight,vocals,normalized,identity,-2.384185791015625e-07
relativefx,history_012_vocals,Ben Carrigan - We'll Talk About It All Tonight,vocals,normalized,gain_minus6,-1.1920928955078125e-07
relativefx,history_012_vocals,Ben Carrigan - We'll Talk About It All Tonight,vocals,normalized,gain_plus6,-2.384185791015625e-07
relativefx,history_012_vocals,Ben Carrigan - We'll Talk About It All Tonight,vocals,normalized,eq_minus6,0.055406153202056885
relativefx,history_012_vocals,Ben Carrigan - We'll Talk About It All Tonight,vocals,normalized,eq_plus6,0.00016295909881591797
relativefx,history_012_vocals,Ben Carrigan - We'll Talk About It All Tonight,vocals,normalized,comp_ratio2,0.03270488977432251
relativefx,history_012_vocals,Ben Carrigan - We'll Talk About It All Tonight,vocals,normalized,comp_ratio4,0.0630347728729248
relativefx,history_012_other,Tom McKenzie - Directions,other,input,identity,-2.384185791015625e-07
relativefx,history_012_other,Tom McKenzie - Directions,other,input,gain_minus6,0.12865513563156128
relativefx,history_012_other,Tom McKenzie - Directions,other,input,gain_plus6,0.17626065015792847
relativefx,history_012_other,Tom McKenzie - Directions,other,input,eq_minus6,0.06699776649475098
relativefx,history_012_other,Tom McKenzie - Directions,other,input,eq_plus6,0.06891942024230957
relativefx,history_012_other,Tom McKenzie - Directions,other,input,comp_ratio2,0.09666424989700317
relativefx,history_012_other,Tom McKenzie - Directions,other,input,comp_ratio4,0.14437222480773926
relativefx,history_012_other,Tom McKenzie - Directions,other,normalized,identity,-1.1920928955078125e-07
relativefx,history_012_other,Tom McKenzie - Directions,other,normalized,gain_minus6,4.172325134277344e-07
relativefx,history_012_other,Tom McKenzie - Directions,other,normalized,gain_plus6,-1.1920928955078125e-07
relativefx,history_012_other,Tom McKenzie - Directions,other,normalized,eq_minus6,0.0005867481231689453
relativefx,history_012_other,Tom McKenzie - Directions,other,normalized,eq_plus6,0.0034945011138916016
relativefx,history_012_other,Tom McKenzie - Directions,other,normalized,comp_ratio2,0.022233128547668457
relativefx,history_012_other,Tom McKenzie - Directions,other,normalized,comp_ratio4,0.040120840072631836
relativefx,history_013_bass,Little Chicago's Finest - My Own,bass,input,identity,-2.384185791015625e-07
relativefx,history_013_bass,Little Chicago's Finest - My Own,bass,input,gain_minus6,0.11803126335144043
relativefx,history_013_bass,Little Chicago's Finest - My Own,bass,input,gain_plus6,0.3539355397224426
relativefx,history_013_bass,Little Chicago's Finest - My Own,bass,input,eq_minus6,0.0689287781715393
relativefx,history_013_bass,Little Chicago's Finest - My Own,bass,input,eq_plus6,0.1747315526008606
relativefx,history_013_bass,Little Chicago's Finest - My Own,bass,input,comp_ratio2,0.10921937227249146
relativefx,history_013_bass,Little Chicago's Finest - My Own,bass,input,comp_ratio4,0.13683021068572998
relativefx,history_013_bass,Little Chicago's Finest - My Own,bass,normalized,identity,-1.1920928955078125e-07
relativefx,history_013_bass,Little Chicago's Finest - My Own,bass,normalized,gain_minus6,1.049041748046875e-05
relativefx,history_013_bass,Little Chicago's Finest - My Own,bass,normalized,gain_plus6,1.6570091247558594e-05
relativefx,history_013_bass,Little Chicago's Finest - My Own,bass,normalized,eq_minus6,0.0029241442680358887
relativefx,history_013_bass,Little Chicago's Finest - My Own,bass,normalized,eq_plus6,0.0022980570793151855
relativefx,history_013_bass,Little Chicago's Finest - My Own,bass,normalized,comp_ratio2,0.09932327270507812
relativefx,history_013_bass,Little Chicago's Finest - My Own,bass,normalized,comp_ratio4,0.09605342149734497
relativefx,history_013_drums,Nerve 9 - Pray For The Rain,drums,input,identity,-2.384185791015625e-07
relativefx,history_013_drums,Nerve 9 - Pray For The Rain,drums,input,gain_minus6,0.08672773838043213
relativefx,history_013_drums,Nerve 9 - Pray For The Rain,drums,input,gain_plus6,0.1530969738960266
relativefx,history_013_drums,Nerve 9 - Pray For The Rain,drums,input,eq_minus6,0.10984653234481812
relativefx,history_013_drums,Nerve 9 - Pray For The Rain,drums,input,eq_plus6,0.09218013286590576
relativefx,history_013_drums,Nerve 9 - Pray For The Rain,drums,input,comp_ratio2,0.189935564994812
relativefx,history_013_drums,Nerve 9 - Pray For The Rain,drums,input,comp_ratio4,0.2378711700439453
relativefx,history_013_drums,Nerve 9 - Pray For The Rain,drums,normalized,identity,-1.1920928955078125e-07
relativefx,history_013_drums,Nerve 9 - Pray For The Rain,drums,normalized,gain_minus6,-1.1920928955078125e-07
relativefx,history_013_drums,Nerve 9 - Pray For The Rain,drums,normalized,gain_plus6,-1.1920928955078125e-07
relativefx,history_013_drums,Nerve 9 - Pray For The Rain,drums,normalized,eq_minus6,0.0010706782341003418
relativefx,history_013_drums,Nerve 9 - Pray For The Rain,drums,normalized,eq_plus6,3.802776336669922e-05
relativefx,history_013_drums,Nerve 9 - Pray For The Rain,drums,normalized,comp_ratio2,0.08242207765579224
relativefx,history_013_drums,Nerve 9 - Pray For The Rain,drums,normalized,comp_ratio4,0.1262582540512085
relativefx,history_013_vocals,Lyndsey Ollard - Catching Up,vocals,input,identity,-2.384185791015625e-07
relativefx,history_013_vocals,Lyndsey Ollard - Catching Up,vocals,input,gain_minus6,0.14893484115600586
relativefx,history_013_vocals,Lyndsey Ollard - Catching Up,vocals,input,gain_plus6,0.2755293846130371
relativefx,history_013_vocals,Lyndsey Ollard - Catching Up,vocals,input,eq_minus6,0.07669144868850708
relativefx,history_013_vocals,Lyndsey Ollard - Catching Up,vocals,input,eq_plus6,0.12439382076263428
relativefx,history_013_vocals,Lyndsey Ollard - Catching Up,vocals,input,comp_ratio2,0.21376335620880127
relativefx,history_013_vocals,Lyndsey Ollard - Catching Up,vocals,input,comp_ratio4,0.2786073088645935
relativefx,history_013_vocals,Lyndsey Ollard - Catching Up,vocals,normalized,identity,-2.384185791015625e-07
relativefx,history_013_vocals,Lyndsey Ollard - Catching Up,vocals,normalized,gain_minus6,-1.1920928955078125e-07
relativefx,history_013_vocals,Lyndsey Ollard - Catching Up,vocals,normalized,gain_plus6,-1.1920928955078125e-07
relativefx,history_013_vocals,Lyndsey Ollard - Catching Up,vocals,normalized,eq_minus6,0.00013840198516845703
relativefx,history_013_vocals,Lyndsey Ollard - Catching Up,vocals,normalized,eq_plus6,3.540515899658203e-05
relativefx,history_013_vocals,Lyndsey Ollard - Catching Up,vocals,normalized,comp_ratio2,0.05020970106124878
relativefx,history_013_vocals,Lyndsey Ollard - Catching Up,vocals,normalized,comp_ratio4,0.1089179515838623
relativefx,history_013_other,Speak Softly - Broken Man,other,input,identity,-1.1920928955078125e-07
relativefx,history_013_other,Speak Softly - Broken Man,other,input,gain_minus6,0.11033868789672852
relativefx,history_013_other,Speak Softly - Broken Man,other,input,gain_plus6,0.21424245834350586
relativefx,history_013_other,Speak Softly - Broken Man,other,input,eq_minus6,0.04573172330856323
relativefx,history_013_other,Speak Softly - Broken Man,other,input,eq_plus6,0.04887688159942627
relativefx,history_013_other,Speak Softly - Broken Man,other,input,comp_ratio2,0.09290945529937744
relativefx,history_013_other,Speak Softly - Broken Man,other,input,comp_ratio4,0.15283536911010742
relativefx,history_013_other,Speak Softly - Broken Man,other,normalized,identity,-3.5762786865234375e-07
relativefx,history_013_other,Speak Softly - Broken Man,other,normalized,gain_minus6,1.2516975402832031e-06
relativefx,history_013_other,Speak Softly - Broken Man,other,normalized,gain_plus6,5.364418029785156e-07
relativefx,history_013_other,Speak Softly - Broken Man,other,normalized,eq_minus6,3.2901763916015625e-05
relativefx,history_013_other,Speak Softly - Broken Man,other,normalized,eq_plus6,0.00011342763900756836
relativefx,history_013_other,Speak Softly - Broken Man,other,normalized,comp_ratio2,0.09399813413619995
relativefx,history_013_other,Speak Softly - Broken Man,other,normalized,comp_ratio4,0.11825144290924072
relativefx,history_014_bass,Al James - Schoolboy Facination,bass,input,identity,0.0
relativefx,history_014_bass,Al James - Schoolboy Facination,bass,input,gain_minus6,0.1279786229133606
relativefx,history_014_bass,Al James - Schoolboy Facination,bass,input,gain_plus6,0.4811698794364929
relativefx,history_014_bass,Al James - Schoolboy Facination,bass,input,eq_minus6,0.01356440782546997
relativefx,history_014_bass,Al James - Schoolboy Facination,bass,input,eq_plus6,0.027793586254119873
relativefx,history_014_bass,Al James - Schoolboy Facination,bass,input,comp_ratio2,0.1274278163909912
relativefx,history_014_bass,Al James - Schoolboy Facination,bass,input,comp_ratio4,0.1847844123840332
relativefx,history_014_bass,Al James - Schoolboy Facination,bass,normalized,identity,0.0
relativefx,history_014_bass,Al James - Schoolboy Facination,bass,normalized,gain_minus6,4.351139068603516e-06
relativefx,history_014_bass,Al James - Schoolboy Facination,bass,normalized,gain_plus6,5.304813385009766e-06
relativefx,history_014_bass,Al James - Schoolboy Facination,bass,normalized,eq_minus6,2.753734588623047e-05
relativefx,history_014_bass,Al James - Schoolboy Facination,bass,normalized,eq_plus6,0.00013244152069091797
relativefx,history_014_bass,Al James - Schoolboy Facination,bass,normalized,comp_ratio2,0.18058276176452637
relativefx,history_014_bass,Al James - Schoolboy Facination,bass,normalized,comp_ratio4,0.23622095584869385
relativefx,history_014_drums,Carlos Gonzalez - A Place For Us,drums,input,identity,-1.1920928955078125e-07
relativefx,history_014_drums,Carlos Gonzalez - A Place For Us,drums,input,gain_minus6,0.13883322477340698
relativefx,history_014_drums,Carlos Gonzalez - A Place For Us,drums,input,gain_plus6,0.20017826557159424
relativefx,history_014_drums,Carlos Gonzalez - A Place For Us,drums,input,eq_minus6,0.08722907304763794
relativefx,history_014_drums,Carlos Gonzalez - A Place For Us,drums,input,eq_plus6,0.10559207201004028
relativefx,history_014_drums,Carlos Gonzalez - A Place For Us,drums,input,comp_ratio2,0.1923045516014099
relativefx,history_014_drums,Carlos Gonzalez - A Place For Us,drums,input,comp_ratio4,0.26315057277679443
relativefx,history_014_drums,Carlos Gonzalez - A Place For Us,drums,normalized,identity,-3.5762786865234375e-07
relativefx,history_014_drums,Carlos Gonzalez - A Place For Us,drums,normalized,gain_minus6,-1.1920928955078125e-07
relativefx,history_014_drums,Carlos Gonzalez - A Place For Us,drums,normalized,gain_plus6,-2.384185791015625e-07
relativefx,history_014_drums,Carlos Gonzalez - A Place For Us,drums,normalized,eq_minus6,2.002716064453125e-05
relativefx,history_014_drums,Carlos Gonzalez - A Place For Us,drums,normalized,eq_plus6,0.00017309188842773438
relativefx,history_014_drums,Carlos Gonzalez - A Place For Us,drums,normalized,comp_ratio2,0.05014193058013916
relativefx,history_014_drums,Carlos Gonzalez - A Place For Us,drums,normalized,comp_ratio4,0.09168845415115356
relativefx,history_014_vocals,Carlos Gonzalez - A Place For Us,vocals,input,identity,-2.384185791015625e-07
relativefx,history_014_vocals,Carlos Gonzalez - A Place For Us,vocals,input,gain_minus6,0.12382638454437256
relativefx,history_014_vocals,Carlos Gonzalez - A Place For Us,vocals,input,gain_plus6,0.21581202745437622
relativefx,history_014_vocals,Carlos Gonzalez - A Place For Us,vocals,input,eq_minus6,0.06048285961151123
relativefx,history_014_vocals,Carlos Gonzalez - A Place For Us,vocals,input,eq_plus6,0.09905833005905151
relativefx,history_014_vocals,Carlos Gonzalez - A Place For Us,vocals,input,comp_ratio2,0.1300908923149109
relativefx,history_014_vocals,Carlos Gonzalez - A Place For Us,vocals,input,comp_ratio4,0.20083600282669067
relativefx,history_014_vocals,Carlos Gonzalez - A Place For Us,vocals,normalized,identity,-1.1920928955078125e-07
relativefx,history_014_vocals,Carlos Gonzalez - A Place For Us,vocals,normalized,gain_minus6,-2.384185791015625e-07
relativefx,history_014_vocals,Carlos Gonzalez - A Place For Us,vocals,normalized,gain_plus6,-2.384185791015625e-07
relativefx,history_014_vocals,Carlos Gonzalez - A Place For Us,vocals,normalized,eq_minus6,1.52587890625e-05
relativefx,history_014_vocals,Carlos Gonzalez - A Place For Us,vocals,normalized,eq_plus6,0.0016028285026550293
relativefx,history_014_vocals,Carlos Gonzalez - A Place For Us,vocals,normalized,comp_ratio2,0.018231749534606934
relativefx,history_014_vocals,Carlos Gonzalez - A Place For Us,vocals,normalized,comp_ratio4,0.04344892501831055
relativefx,history_014_other,Forkupines - Semantics,other,input,identity,-2.384185791015625e-07
relativefx,history_014_other,Forkupines - Semantics,other,input,gain_minus6,0.1596740484237671
relativefx,history_014_other,Forkupines - Semantics,other,input,gain_plus6,0.245719313621521
relativefx,history_014_other,Forkupines - Semantics,other,input,eq_minus6,0.053652048110961914
relativefx,history_014_other,Forkupines - Semantics,other,input,eq_plus6,0.08566528558731079
relativefx,history_014_other,Forkupines - Semantics,other,input,comp_ratio2,0.12179619073867798
relativefx,history_014_other,Forkupines - Semantics,other,input,comp_ratio4,0.19714140892028809
relativefx,history_014_other,Forkupines - Semantics,other,normalized,identity,-2.384185791015625e-07
relativefx,history_014_other,Forkupines - Semantics,other,normalized,gain_minus6,-3.5762786865234375e-07
relativefx,history_014_other,Forkupines - Semantics,other,normalized,gain_plus6,-2.384185791015625e-07
relativefx,history_014_other,Forkupines - Semantics,other,normalized,eq_minus6,5.4836273193359375e-05
relativefx,history_014_other,Forkupines - Semantics,other,normalized,eq_plus6,8.225440979003906e-05
relativefx,history_014_other,Forkupines - Semantics,other,normalized,comp_ratio2,0.004313528537750244
relativefx,history_014_other,Forkupines - Semantics,other,normalized,comp_ratio4,0.010407686233520508
relativefx,history_015_bass,PR - Oh No,bass,input,identity,-1.1920928955078125e-07
relativefx,history_015_bass,PR - Oh No,bass,input,gain_minus6,0.34937500953674316
relativefx,history_015_bass,PR - Oh No,bass,input,gain_plus6,0.2877909541130066
relativefx,history_015_bass,PR - Oh No,bass,input,eq_minus6,0.03628510236740112
relativefx,history_015_bass,PR - Oh No,bass,input,eq_plus6,0.03737950325012207
relativefx,history_015_bass,PR - Oh No,bass,input,comp_ratio2,0.09881085157394409
relativefx,history_015_bass,PR - Oh No,bass,input,comp_ratio4,0.1652105450630188
relativefx,history_015_bass,PR - Oh No,bass,normalized,identity,0.0
relativefx,history_015_bass,PR - Oh No,bass,normalized,gain_minus6,1.4901161193847656e-06
relativefx,history_015_bass,PR - Oh No,bass,normalized,gain_plus6,4.827976226806641e-06
relativefx,history_015_bass,PR - Oh No,bass,normalized,eq_minus6,0.0004696846008300781
relativefx,history_015_bass,PR - Oh No,bass,normalized,eq_plus6,0.07150846719741821
relativefx,history_015_bass,PR - Oh No,bass,normalized,comp_ratio2,0.08195841312408447
relativefx,history_015_bass,PR - Oh No,bass,normalized,comp_ratio4,0.10577690601348877
relativefx,history_015_drums,Speak Softly - Broken Man,drums,input,identity,-2.384185791015625e-07
relativefx,history_015_drums,Speak Softly - Broken Man,drums,input,gain_minus6,0.1005861759185791
relativefx,history_015_drums,Speak Softly - Broken Man,drums,input,gain_plus6,0.1926407814025879
relativefx,history_015_drums,Speak Softly - Broken Man,drums,input,eq_minus6,0.08380502462387085
relativefx,history_015_drums,Speak Softly - Broken Man,drums,input,eq_plus6,0.08458107709884644
relativefx,history_015_drums,Speak Softly - Broken Man,drums,input,comp_ratio2,0.16350531578063965
relativefx,history_015_drums,Speak Softly - Broken Man,drums,input,comp_ratio4,0.21370607614517212
relativefx,history_015_drums,Speak Softly - Broken Man,drums,normalized,identity,-2.384185791015625e-07
relativefx,history_015_drums,Speak Softly - Broken Man,drums,normalized,gain_minus6,-2.384185791015625e-07
relativefx,history_015_drums,Speak Softly - Broken Man,drums,normalized,gain_plus6,-2.384185791015625e-07
relativefx,history_015_drums,Speak Softly - Broken Man,drums,normalized,eq_minus6,1.5139579772949219e-05
relativefx,history_015_drums,Speak Softly - Broken Man,drums,normalized,eq_plus6,4.231929779052734e-06
relativefx,history_015_drums,Speak Softly - Broken Man,drums,normalized,comp_ratio2,0.11821043491363525
relativefx,history_015_drums,Speak Softly - Broken Man,drums,normalized,comp_ratio4,0.2053704857826233
relativefx,history_015_vocals,The Doppler Shift - Atrophy,vocals,input,identity,-2.384185791015625e-07
relativefx,history_015_vocals,The Doppler Shift - Atrophy,vocals,input,gain_minus6,0.08582264184951782
relativefx,history_015_vocals,The Doppler Shift - Atrophy,vocals,input,gain_plus6,0.16188126802444458
relativefx,history_015_vocals,The Doppler Shift - Atrophy,vocals,input,eq_minus6,0.046967506408691406
relativefx,history_015_vocals,The Doppler Shift - Atrophy,vocals,input,eq_plus6,0.06276464462280273
relativefx,history_015_vocals,The Doppler Shift - Atrophy,vocals,input,comp_ratio2,0.05957639217376709
relativefx,history_015_vocals,The Doppler Shift - Atrophy,vocals,input,comp_ratio4,0.09284943342208862
relativefx,history_015_vocals,The Doppler Shift - Atrophy,vocals,normalized,identity,-1.1920928955078125e-07
relativefx,history_015_vocals,The Doppler Shift - Atrophy,vocals,normalized,gain_minus6,-1.1920928955078125e-07
relativefx,history_015_vocals,The Doppler Shift - Atrophy,vocals,normalized,gain_plus6,-1.1920928955078125e-07
relativefx,history_015_vocals,The Doppler Shift - Atrophy,vocals,normalized,eq_minus6,4.13060188293457e-05
relativefx,history_015_vocals,The Doppler Shift - Atrophy,vocals,normalized,eq_plus6,0.00018602609634399414
relativefx,history_015_vocals,The Doppler Shift - Atrophy,vocals,normalized,comp_ratio2,0.011896491050720215
relativefx,history_015_vocals,The Doppler Shift - Atrophy,vocals,normalized,comp_ratio4,0.04945272207260132
relativefx,history_015_other,Lyndsey Ollard - Catching Up,other,input,identity,-2.384185791015625e-07
relativefx,history_015_other,Lyndsey Ollard - Catching Up,other,input,gain_minus6,0.11540055274963379
relativefx,history_015_other,Lyndsey Ollard - Catching Up,other,input,gain_plus6,0.19176095724105835
relativefx,history_015_other,Lyndsey Ollard - Catching Up,other,input,eq_minus6,0.15221929550170898
relativefx,history_015_other,Lyndsey Ollard - Catching Up,other,input,eq_plus6,0.13082391023635864
relativefx,history_015_other,Lyndsey Ollard - Catching Up,other,input,comp_ratio2,0.20326411724090576
relativefx,history_015_other,Lyndsey Ollard - Catching Up,other,input,comp_ratio4,0.277069091796875
relativefx,history_015_other,Lyndsey Ollard - Catching Up,other,normalized,identity,-1.1920928955078125e-07
relativefx,history_015_other,Lyndsey Ollard - Catching Up,other,normalized,gain_minus6,4.76837158203125e-07
relativefx,history_015_other,Lyndsey Ollard - Catching Up,other,normalized,gain_plus6,2.980232238769531e-07
relativefx,history_015_other,Lyndsey Ollard - Catching Up,other,normalized,eq_minus6,0.0006902217864990234
relativefx,history_015_other,Lyndsey Ollard - Catching Up,other,normalized,eq_plus6,6.514787673950195e-05
relativefx,history_015_other,Lyndsey Ollard - Catching Up,other,normalized,comp_ratio2,0.09679436683654785
relativefx,history_015_other,Lyndsey Ollard - Catching Up,other,normalized,comp_ratio4,0.20023071765899658
relativefx,history_016_bass,Secretariat - Over The Top,bass,input,identity,-1.1920928955078125e-07
relativefx,history_016_bass,Secretariat - Over The Top,bass,input,gain_minus6,0.13713449239730835
relativefx,history_016_bass,Secretariat - Over The Top,bass,input,gain_plus6,0.23607921600341797
relativefx,history_016_bass,Secretariat - Over The Top,bass,input,eq_minus6,0.044242799282073975
relativefx,history_016_bass,Secretariat - Over The Top,bass,input,eq_plus6,0.05904644727706909
relativefx,history_016_bass,Secretariat - Over The Top,bass,input,comp_ratio2,0.06003427505493164
relativefx,history_016_bass,Secretariat - Over The Top,bass,input,comp_ratio4,0.09508228302001953
relativefx,history_016_bass,Secretariat - Over The Top,bass,normalized,identity,0.0
relativefx,history_016_bass,Secretariat - Over The Top,bass,normalized,gain_minus6,6.306171417236328e-05
relativefx,history_016_bass,Secretariat - Over The Top,bass,normalized,gain_plus6,1.0132789611816406e-05
relativefx,history_016_bass,Secretariat - Over The Top,bass,normalized,eq_minus6,0.00048673152923583984
relativefx,history_016_bass,Secretariat - Over The Top,bass,normalized,eq_plus6,0.0004749298095703125
relativefx,history_016_bass,Secretariat - Over The Top,bass,normalized,comp_ratio2,0.2288517951965332
relativefx,history_016_bass,Secretariat - Over The Top,bass,normalized,comp_ratio4,0.2536535859107971
relativefx,history_016_drums,James Elder & Mark M Thompson - The English Actor,drums,input,identity,-1.1920928955078125e-07
relativefx,history_016_drums,James Elder & Mark M Thompson - The English Actor,drums,input,gain_minus6,0.09115928411483765
relativefx,history_016_drums,James Elder & Mark M Thompson - The English Actor,drums,input,gain_plus6,0.17022603750228882
relativefx,history_016_drums,James Elder & Mark M Thompson - The English Actor,drums,input,eq_minus6,0.1252867579460144
relativefx,history_016_drums,James Elder & Mark M Thompson - The English Actor,drums,input,eq_plus6,0.10894548892974854
relativefx,history_016_drums,James Elder & Mark M Thompson - The English Actor,drums,input,comp_ratio2,0.2805233597755432
relativefx,history_016_drums,James Elder & Mark M Thompson - The English Actor,drums,input,comp_ratio4,0.3318222165107727
relativefx,history_016_drums,James Elder & Mark M Thompson - The English Actor,drums,normalized,identity,-1.1920928955078125e-07
relativefx,history_016_drums,James Elder & Mark M Thompson - The English Actor,drums,normalized,gain_minus6,-2.384185791015625e-07
relativefx,history_016_drums,James Elder & Mark M Thompson - The English Actor,drums,normalized,gain_plus6,-2.384185791015625e-07
relativefx,history_016_drums,James Elder & Mark M Thompson - The English Actor,drums,normalized,eq_minus6,0.0011581182479858398
relativefx,history_016_drums,James Elder & Mark M Thompson - The English Actor,drums,normalized,eq_plus6,0.0004546642303466797
relativefx,history_016_drums,James Elder & Mark M Thompson - The English Actor,drums,normalized,comp_ratio2,0.1412321925163269
relativefx,history_016_drums,James Elder & Mark M Thompson - The English Actor,drums,normalized,comp_ratio4,0.27211904525756836
relativefx,history_016_vocals,BKS - Too Much,vocals,input,identity,-2.384185791015625e-07
relativefx,history_016_vocals,BKS - Too Much,vocals,input,gain_minus6,0.13992327451705933
relativefx,history_016_vocals,BKS - Too Much,vocals,input,gain_plus6,0.2254454493522644
relativefx,history_016_vocals,BKS - Too Much,vocals,input,eq_minus6,0.07122856378555298
relativefx,history_016_vocals,BKS - Too Much,vocals,input,eq_plus6,0.11475366353988647
relativefx,history_016_vocals,BKS - Too Much,vocals,input,comp_ratio2,0.11206388473510742
relativefx,history_016_vocals,BKS - Too Much,vocals,input,comp_ratio4,0.18507742881774902
relativefx,history_016_vocals,BKS - Too Much,vocals,normalized,identity,-2.384185791015625e-07
relativefx,history_016_vocals,BKS - Too Much,vocals,normalized,gain_minus6,-3.5762786865234375e-07
relativefx,history_016_vocals,BKS - Too Much,vocals,normalized,gain_plus6,-2.384185791015625e-07
relativefx,history_016_vocals,BKS - Too Much,vocals,normalized,eq_minus6,3.49879264831543e-05
relativefx,history_016_vocals,BKS - Too Much,vocals,normalized,eq_plus6,0.043346524238586426
relativefx,history_016_vocals,BKS - Too Much,vocals,normalized,comp_ratio2,0.057677626609802246
relativefx,history_016_vocals,BKS - Too Much,vocals,normalized,comp_ratio4,0.051538050174713135
relativefx,history_016_other,Detsky Sad - Walkie Talkie,other,input,identity,-2.384185791015625e-07
relativefx,history_016_other,Detsky Sad - Walkie Talkie,other,input,gain_minus6,0.1748766303062439
relativefx,history_016_other,Detsky Sad - Walkie Talkie,other,input,gain_plus6,0.2930448651313782
relativefx,history_016_other,Detsky Sad - Walkie Talkie,other,input,eq_minus6,0.11486071348190308
relativefx,history_016_other,Detsky Sad - Walkie Talkie,other,input,eq_plus6,0.10725140571594238
relativefx,history_016_other,Detsky Sad - Walkie Talkie,other,input,comp_ratio2,0.11697453260421753
relativefx,history_016_other,Detsky Sad - Walkie Talkie,other,input,comp_ratio4,0.19427675008773804
relativefx,history_016_other,Detsky Sad - Walkie Talkie,other,normalized,identity,-1.1920928955078125e-07
relativefx,history_016_other,Detsky Sad - Walkie Talkie,other,normalized,gain_minus6,0.0
relativefx,history_016_other,Detsky Sad - Walkie Talkie,other,normalized,gain_plus6,-1.1920928955078125e-07
relativefx,history_016_other,Detsky Sad - Walkie Talkie,other,normalized,eq_minus6,0.0005668401718139648
relativefx,history_016_other,Detsky Sad - Walkie Talkie,other,normalized,eq_plus6,2.6524066925048828e-05
relativefx,history_016_other,Detsky Sad - Walkie Talkie,other,normalized,comp_ratio2,0.0006766319274902344
relativefx,history_016_other,Detsky Sad - Walkie Talkie,other,normalized,comp_ratio4,0.011339843273162842
relativefx,history_017_bass,Hollow Ground - Ill Fate,bass,input,identity,-1.1920928955078125e-07
relativefx,history_017_bass,Hollow Ground - Ill Fate,bass,input,gain_minus6,0.1583651304244995
relativefx,history_017_bass,Hollow Ground - Ill Fate,bass,input,gain_plus6,0.3642973303794861
relativefx,history_017_bass,Hollow Ground - Ill Fate,bass,input,eq_minus6,0.04624581336975098
relativefx,history_017_bass,Hollow Ground - Ill Fate,bass,input,eq_plus6,0.048057615756988525
relativefx,history_017_bass,Hollow Ground - Ill Fate,bass,input,comp_ratio2,0.09751629829406738
relativefx,history_017_bass,Hollow Ground - Ill Fate,bass,input,comp_ratio4,0.16628098487854004
relativefx,history_017_bass,Hollow Ground - Ill Fate,bass,normalized,identity,-2.384185791015625e-07
relativefx,history_017_bass,Hollow Ground - Ill Fate,bass,normalized,gain_minus6,2.2649765014648438e-06
relativefx,history_017_bass,Hollow Ground - Ill Fate,bass,normalized,gain_plus6,7.152557373046875e-07
relativefx,history_017_bass,Hollow Ground - Ill Fate,bass,normalized,eq_minus6,0.00014483928680419922
relativefx,history_017_bass,Hollow Ground - Ill Fate,bass,normalized,eq_plus6,7.909536361694336e-05
relativefx,history_017_bass,Hollow Ground - Ill Fate,bass,normalized,comp_ratio2,0.11066722869873047
relativefx,history_017_bass,Hollow Ground - Ill Fate,bass,normalized,comp_ratio4,0.009390532970428467
relativefx,history_017_drums,Secretariat - Over The Top,drums,input,identity,-2.384185791015625e-07
relativefx,history_017_drums,Secretariat - Over The Top,drums,input,gain_minus6,0.11048847436904907
relativefx,history_017_drums,Secretariat - Over The Top,drums,input,gain_plus6,0.18400752544403076
relativefx,history_017_drums,Secretariat - Over The Top,drums,input,eq_minus6,0.13430798053741455
relativefx,history_017_drums,Secretariat - Over The Top,drums,input,eq_plus6,0.10715138912200928
relativefx,history_017_drums,Secretariat - Over The Top,drums,input,comp_ratio2,0.26197606325149536
relativefx,history_017_drums,Secretariat - Over The Top,drums,input,comp_ratio4,0.29581278562545776
relativefx,history_017_drums,Secretariat - Over The Top,drums,normalized,identity,-2.384185791015625e-07
relativefx,history_017_drums,Secretariat - Over The Top,drums,normalized,gain_minus6,-3.5762786865234375e-07
relativefx,history_017_drums,Secretariat - Over The Top,drums,normalized,gain_plus6,-2.384185791015625e-07
relativefx,history_017_drums,Secretariat - Over The Top,drums,normalized,eq_minus6,2.9206275939941406e-06
relativefx,history_017_drums,Secretariat - Over The Top,drums,normalized,eq_plus6,3.635883331298828e-06
relativefx,history_017_drums,Secretariat - Over The Top,drums,normalized,comp_ratio2,0.08674967288970947
relativefx,history_017_drums,Secretariat - Over The Top,drums,normalized,comp_ratio4,0.12378722429275513
relativefx,history_017_vocals,Louis Cressy Band - Good Time,vocals,input,identity,-2.384185791015625e-07
relativefx,history_017_vocals,Louis Cressy Band - Good Time,vocals,input,gain_minus6,0.12586867809295654
relativefx,history_017_vocals,Louis Cressy Band - Good Time,vocals,input,gain_plus6,0.18586361408233643
relativefx,history_017_vocals,Louis Cressy Band - Good Time,vocals,input,eq_minus6,0.058809101581573486
relativefx,history_017_vocals,Louis Cressy Band - Good Time,vocals,input,eq_plus6,0.08955109119415283
relativefx,history_017_vocals,Louis Cressy Band - Good Time,vocals,input,comp_ratio2,0.06624555587768555
relativefx,history_017_vocals,Louis Cressy Band - Good Time,vocals,input,comp_ratio4,0.10724443197250366
relativefx,history_017_vocals,Louis Cressy Band - Good Time,vocals,normalized,identity,-1.1920928955078125e-07
relativefx,history_017_vocals,Louis Cressy Band - Good Time,vocals,normalized,gain_minus6,0.0
relativefx,history_017_vocals,Louis Cressy Band - Good Time,vocals,normalized,gain_plus6,-1.1920928955078125e-07
relativefx,history_017_vocals,Louis Cressy Band - Good Time,vocals,normalized,eq_minus6,0.00032025575637817383
relativefx,history_017_vocals,Louis Cressy Band - Good Time,vocals,normalized,eq_plus6,3.606081008911133e-05
relativefx,history_017_vocals,Louis Cressy Band - Good Time,vocals,normalized,comp_ratio2,0.0028300881385803223
relativefx,history_017_vocals,Louis Cressy Band - Good Time,vocals,normalized,comp_ratio4,0.008064568042755127
relativefx,history_017_other,We Fell From The Sky - Not You,other,input,identity,-2.384185791015625e-07
relativefx,history_017_other,We Fell From The Sky - Not You,other,input,gain_minus6,0.16498059034347534
relativefx,history_017_other,We Fell From The Sky - Not You,other,input,gain_plus6,0.26849502325057983
relativefx,history_017_other,We Fell From The Sky - Not You,other,input,eq_minus6,0.11575031280517578
relativefx,history_017_other,We Fell From The Sky - Not You,other,input,eq_plus6,0.11642956733703613
relativefx,history_017_other,We Fell From The Sky - Not You,other,input,comp_ratio2,0.13358235359191895
relativefx,history_017_other,We Fell From The Sky - Not You,other,input,comp_ratio4,0.22770118713378906
relativefx,history_017_other,We Fell From The Sky - Not You,other,normalized,identity,-1.1920928955078125e-07
relativefx,history_017_other,We Fell From The Sky - Not You,other,normalized,gain_minus6,1.1920928955078125e-07
relativefx,history_017_other,We Fell From The Sky - Not You,other,normalized,gain_plus6,1.1920928955078125e-07
relativefx,history_017_other,We Fell From The Sky - Not You,other,normalized,eq_minus6,0.0005753040313720703
relativefx,history_017_other,We Fell From The Sky - Not You,other,normalized,eq_plus6,0.0009002685546875
relativefx,history_017_other,We Fell From The Sky - Not You,other,normalized,comp_ratio2,0.0022472143173217773
relativefx,history_017_other,We Fell From The Sky - Not You,other,normalized,comp_ratio4,0.0048261284828186035
relativefx,history_018_bass,The Easton Ellises (Baumi) - SDRNR,bass,input,identity,-3.5762786865234375e-07
relativefx,history_018_bass,The Easton Ellises (Baumi) - SDRNR,bass,input,gain_minus6,0.18744522333145142
relativefx,history_018_bass,The Easton Ellises (Baumi) - SDRNR,bass,input,gain_plus6,0.28315848112106323
relativefx,history_018_bass,The Easton Ellises (Baumi) - SDRNR,bass,input,eq_minus6,0.09271550178527832
relativefx,history_018_bass,The Easton Ellises (Baumi) - SDRNR,bass,input,eq_plus6,0.10544049739837646
relativefx,history_018_bass,The Easton Ellises (Baumi) - SDRNR,bass,input,comp_ratio2,0.12193882465362549
relativefx,history_018_bass,The Easton Ellises (Baumi) - SDRNR,bass,input,comp_ratio4,0.19160187244415283
relativefx,history_018_bass,The Easton Ellises (Baumi) - SDRNR,bass,normalized,identity,-3.5762786865234375e-07
relativefx,history_018_bass,The Easton Ellises (Baumi) - SDRNR,bass,normalized,gain_minus6,3.0994415283203125e-06
relativefx,history_018_bass,The Easton Ellises (Baumi) - SDRNR,bass,normalized,gain_plus6,5.0067901611328125e-06
relativefx,history_018_bass,The Easton Ellises (Baumi) - SDRNR,bass,normalized,eq_minus6,0.00011414289474487305
relativefx,history_018_bass,The Easton Ellises (Baumi) - SDRNR,bass,normalized,eq_plus6,0.0003330707550048828
relativefx,history_018_bass,The Easton Ellises (Baumi) - SDRNR,bass,normalized,comp_ratio2,0.0296747088432312
relativefx,history_018_bass,The Easton Ellises (Baumi) - SDRNR,bass,normalized,comp_ratio4,0.039533257484436035
relativefx,history_018_drums,Speak Softly - Like Horses,drums,input,identity,-2.384185791015625e-07
relativefx,history_018_drums,Speak Softly - Like Horses,drums,input,gain_minus6,0.09774231910705566
relativefx,history_018_drums,Speak Softly - Like Horses,drums,input,gain_plus6,0.18069398403167725
relativefx,history_018_drums,Speak Softly - Like Horses,drums,input,eq_minus6,0.0871436595916748
relativefx,history_018_drums,Speak Softly - Like Horses,drums,input,eq_plus6,0.10048681497573853
relativefx,history_018_drums,Speak Softly - Like Horses,drums,input,comp_ratio2,0.18751585483551025
relativefx,history_018_drums,Speak Softly - Like Horses,drums,input,comp_ratio4,0.23191839456558228
relativefx,history_018_drums,Speak Softly - Like Horses,drums,normalized,identity,-2.384185791015625e-07
relativefx,history_018_drums,Speak Softly - Like Horses,drums,normalized,gain_minus6,-3.5762786865234375e-07
relativefx,history_018_drums,Speak Softly - Like Horses,drums,normalized,gain_plus6,-3.5762786865234375e-07
relativefx,history_018_drums,Speak Softly - Like Horses,drums,normalized,eq_minus6,1.7642974853515625e-05
relativefx,history_018_drums,Speak Softly - Like Horses,drums,normalized,eq_plus6,2.002716064453125e-05
relativefx,history_018_drums,Speak Softly - Like Horses,drums,normalized,comp_ratio2,0.11451667547225952
relativefx,history_018_drums,Speak Softly - Like Horses,drums,normalized,comp_ratio4,0.13864398002624512
relativefx,history_018_vocals,Angels In Amplifiers - I'm Alright,vocals,input,identity,-3.5762786865234375e-07
relativefx,history_018_vocals,Angels In Amplifiers - I'm Alright,vocals,input,gain_minus6,0.14770841598510742
relativefx,history_018_vocals,Angels In Amplifiers - I'm Alright,vocals,input,gain_plus6,0.22722947597503662
relativefx,history_018_vocals,Angels In Amplifiers - I'm Alright,vocals,input,eq_minus6,0.07644271850585938
relativefx,history_018_vocals,Angels In Amplifiers - I'm Alright,vocals,input,eq_plus6,0.1292896270751953
relativefx,history_018_vocals,Angels In Amplifiers - I'm Alright,vocals,input,comp_ratio2,0.1269439458847046
relativefx,history_018_vocals,Angels In Amplifiers - I'm Alright,vocals,input,comp_ratio4,0.19940567016601562
relativefx,history_018_vocals,Angels In Amplifiers - I'm Alright,vocals,normalized,identity,-3.5762786865234375e-07
relativefx,history_018_vocals,Angels In Amplifiers - I'm Alright,vocals,normalized,gain_minus6,-2.384185791015625e-07
relativefx,history_018_vocals,Angels In Amplifiers - I'm Alright,vocals,normalized,gain_plus6,-3.5762786865234375e-07
relativefx,history_018_vocals,Angels In Amplifiers - I'm Alright,vocals,normalized,eq_minus6,9.578466415405273e-05
relativefx,history_018_vocals,Angels In Amplifiers - I'm Alright,vocals,normalized,eq_plus6,5.0902366638183594e-05
relativefx,history_018_vocals,Angels In Amplifiers - I'm Alright,vocals,normalized,comp_ratio2,0.0089760422706604
relativefx,history_018_vocals,Angels In Amplifiers - I'm Alright,vocals,normalized,comp_ratio4,0.025270700454711914
relativefx,history_018_other,The Sunshine Garcia Band - For I Am The Moon,other,input,identity,-2.384185791015625e-07
relativefx,history_018_other,The Sunshine Garcia Band - For I Am The Moon,other,input,gain_minus6,0.10135149955749512
relativefx,history_018_other,The Sunshine Garcia Band - For I Am The Moon,other,input,gain_plus6,0.19085973501205444
relativefx,history_018_other,The Sunshine Garcia Band - For I Am The Moon,other,input,eq_minus6,0.08385717868804932
relativefx,history_018_other,The Sunshine Garcia Band - For I Am The Moon,other,input,eq_plus6,0.07477051019668579
relativefx,history_018_other,The Sunshine Garcia Band - For I Am The Moon,other,input,comp_ratio2,0.13133877515792847
relativefx,history_018_other,The Sunshine Garcia Band - For I Am The Moon,other,input,comp_ratio4,0.1913139820098877
relativefx,history_018_other,The Sunshine Garcia Band - For I Am The Moon,other,normalized,identity,-1.1920928955078125e-07
relativefx,history_018_other,The Sunshine Garcia Band - For I Am The Moon,other,normalized,gain_minus6,9.5367431640625e-07
relativefx,history_018_other,The Sunshine Garcia Band - For I Am The Moon,other,normalized,gain_plus6,0.0
relativefx,history_018_other,The Sunshine Garcia Band - For I Am The Moon,other,normalized,eq_minus6,4.839897155761719e-05
relativefx,history_018_other,The Sunshine Garcia Band - For I Am The Moon,other,normalized,eq_plus6,0.06029796600341797
relativefx,history_018_other,The Sunshine Garcia Band - For I Am The Moon,other,normalized,comp_ratio2,0.04719126224517822
relativefx,history_018_other,The Sunshine Garcia Band - For I Am The Moon,other,normalized,comp_ratio4,0.10400086641311646
relativefx,history_019_bass,Bobby Nobody - Stitch Up,bass,input,identity,-3.5762786865234375e-07
relativefx,history_019_bass,Bobby Nobody - Stitch Up,bass,input,gain_minus6,0.15427160263061523
relativefx,history_019_bass,Bobby Nobody - Stitch Up,bass,input,gain_plus6,0.37690311670303345
relativefx,history_019_bass,Bobby Nobody - Stitch Up,bass,input,eq_minus6,0.047953009605407715
relativefx,history_019_bass,Bobby Nobody - Stitch Up,bass,input,eq_plus6,0.055987000465393066
relativefx,history_019_bass,Bobby Nobody - Stitch Up,bass,input,comp_ratio2,0.0654250979423523
relativefx,history_019_bass,Bobby Nobody - Stitch Up,bass,input,comp_ratio4,0.09713441133499146
relativefx,history_019_bass,Bobby Nobody - Stitch Up,bass,normalized,identity,0.0
relativefx,history_019_bass,Bobby Nobody - Stitch Up,bass,normalized,gain_minus6,3.6954879760742188e-06
relativefx,history_019_bass,Bobby Nobody - Stitch Up,bass,normalized,gain_plus6,2.205371856689453e-06
relativefx,history_019_bass,Bobby Nobody - Stitch Up,bass,normalized,eq_minus6,0.0001500844955444336
relativefx,history_019_bass,Bobby Nobody - Stitch Up,bass,normalized,eq_plus6,0.10138964653015137
relativefx,history_019_bass,Bobby Nobody - Stitch Up,bass,normalized,comp_ratio2,0.10013025999069214
relativefx,history_019_bass,Bobby Nobody - Stitch Up,bass,normalized,comp_ratio4,0.09426027536392212
relativefx,history_019_drums,Triviul feat. The Fiend - Widow,drums,input,identity,-2.384185791015625e-07
relativefx,history_019_drums,Triviul feat. The Fiend - Widow,drums,input,gain_minus6,0.14051532745361328
relativefx,history_019_drums,Triviul feat. The Fiend - Widow,drums,input,gain_plus6,0.18793326616287231
relativefx,history_019_drums,Triviul feat. The Fiend - Widow,drums,input,eq_minus6,0.13269245624542236
relativefx,history_019_drums,Triviul feat. The Fiend - Widow,drums,input,eq_plus6,0.11254262924194336
relativefx,history_019_drums,Triviul feat. The Fiend - Widow,drums,input,comp_ratio2,0.18478989601135254
relativefx,history_019_drums,Triviul feat. The Fiend - Widow,drums,input,comp_ratio4,0.2498035430908203
relativefx,history_019_drums,Triviul feat. The Fiend - Widow,drums,normalized,identity,-3.5762786865234375e-07
relativefx,history_019_drums,Triviul feat. The Fiend - Widow,drums,normalized,gain_minus6,-2.384185791015625e-07
relativefx,history_019_drums,Triviul feat. The Fiend - Widow,drums,normalized,gain_plus6,-2.384185791015625e-07
relativefx,history_019_drums,Triviul feat. The Fiend - Widow,drums,normalized,eq_minus6,0.00016289949417114258
relativefx,history_019_drums,Triviul feat. The Fiend - Widow,drums,normalized,eq_plus6,0.0002066493034362793
relativefx,history_019_drums,Triviul feat. The Fiend - Widow,drums,normalized,comp_ratio2,0.03493696451187134
relativefx,history_019_drums,Triviul feat. The Fiend - Widow,drums,normalized,comp_ratio4,0.059542059898376465
relativefx,history_019_vocals,The Sunshine Garcia Band - For I Am The Moon,vocals,input,identity,-3.5762786865234375e-07
relativefx,history_019_vocals,The Sunshine Garcia Band - For I Am The Moon,vocals,input,gain_minus6,0.16282004117965698
relativefx,history_019_vocals,The Sunshine Garcia Band - For I Am The Moon,vocals,input,gain_plus6,0.28449851274490356
relativefx,history_019_vocals,The Sunshine Garcia Band - For I Am The Moon,vocals,input,eq_minus6,0.07145845890045166
relativefx,history_019_vocals,The Sunshine Garcia Band - For I Am The Moon,vocals,input,eq_plus6,0.11035245656967163
relativefx,history_019_vocals,The Sunshine Garcia Band - For I Am The Moon,vocals,input,comp_ratio2,0.11194878816604614
relativefx,history_019_vocals,The Sunshine Garcia Band - For I Am The Moon,vocals,input,comp_ratio4,0.17885607481002808
relativefx,history_019_vocals,The Sunshine Garcia Band - For I Am The Moon,vocals,normalized,identity,-3.5762786865234375e-07
relativefx,history_019_vocals,The Sunshine Garcia Band - For I Am The Moon,vocals,normalized,gain_minus6,-1.1920928955078125e-07
relativefx,history_019_vocals,The Sunshine Garcia Band - For I Am The Moon,vocals,normalized,gain_plus6,-2.384185791015625e-07
relativefx,history_019_vocals,The Sunshine Garcia Band - For I Am The Moon,vocals,normalized,eq_minus6,6.490945816040039e-05
relativefx,history_019_vocals,The Sunshine Garcia Band - For I Am The Moon,vocals,normalized,eq_plus6,2.2232532501220703e-05
relativefx,history_019_vocals,The Sunshine Garcia Band - For I Am The Moon,vocals,normalized,comp_ratio2,0.029421329498291016
relativefx,history_019_vocals,The Sunshine Garcia Band - For I Am The Moon,vocals,normalized,comp_ratio4,0.055235981941223145
relativefx,history_019_other,Buitraker - Revo X,other,input,identity,-2.384185791015625e-07
relativefx,history_019_other,Buitraker - Revo X,other,input,gain_minus6,0.07376885414123535
relativefx,history_019_other,Buitraker - Revo X,other,input,gain_plus6,0.1221112608909607
relativefx,history_019_other,Buitraker - Revo X,other,input,eq_minus6,0.09636515378952026
relativefx,history_019_other,Buitraker - Revo X,other,input,eq_plus6,0.08405464887619019
relativefx,history_019_other,Buitraker - Revo X,other,input,comp_ratio2,0.02375739812850952
relativefx,history_019_other,Buitraker - Revo X,other,input,comp_ratio4,0.040450334548950195
relativefx,history_019_other,Buitraker - Revo X,other,normalized,identity,-2.384185791015625e-07
relativefx,history_019_other,Buitraker - Revo X,other,normalized,gain_minus6,-1.1920928955078125e-07
relativefx,history_019_other,Buitraker - Revo X,other,normalized,gain_plus6,-1.1920928955078125e-07
relativefx,history_019_other,Buitraker - Revo X,other,normalized,eq_minus6,5.7637691497802734e-05
relativefx,history_019_other,Buitraker - Revo X,other,normalized,eq_plus6,3.4332275390625e-05
relativefx,history_019_other,Buitraker - Revo X,other,normalized,comp_ratio2,0.03090202808380127
relativefx,history_019_other,Buitraker - Revo X,other,normalized,comp_ratio4,0.0618930459022522
relativefx,history_020_bass,Triviul feat. The Fiend - Widow,bass,input,identity,-2.384185791015625e-07
relativefx,history_020_bass,Triviul feat. The Fiend - Widow,bass,input,gain_minus6,0.13443362712860107
relativefx,history_020_bass,Triviul feat. The Fiend - Widow,bass,input,gain_plus6,0.3391667604446411
relativefx,history_020_bass,Triviul feat. The Fiend - Widow,bass,input,eq_minus6,0.03834712505340576
relativefx,history_020_bass,Triviul feat. The Fiend - Widow,bass,input,eq_plus6,0.05283409357070923
relativefx,history_020_bass,Triviul feat. The Fiend - Widow,bass,input,comp_ratio2,0.08432245254516602
relativefx,history_020_bass,Triviul feat. The Fiend - Widow,bass,input,comp_ratio4,0.14264720678329468
relativefx,history_020_bass,Triviul feat. The Fiend - Widow,bass,normalized,identity,-1.1920928955078125e-07
relativefx,history_020_bass,Triviul feat. The Fiend - Widow,bass,normalized,gain_minus6,1.9669532775878906e-06
relativefx,history_020_bass,Triviul feat. The Fiend - Widow,bass,normalized,gain_plus6,1.7285346984863281e-06
relativefx,history_020_bass,Triviul feat. The Fiend - Widow,bass,normalized,eq_minus6,0.0005208849906921387
relativefx,history_020_bass,Triviul feat. The Fiend - Widow,bass,normalized,eq_plus6,0.07612037658691406
relativefx,history_020_bass,Triviul feat. The Fiend - Widow,bass,normalized,comp_ratio2,0.12468576431274414
relativefx,history_020_bass,Triviul feat. The Fiend - Widow,bass,normalized,comp_ratio4,0.14553529024124146
relativefx,history_020_drums,Side Effects Project - Sing With Me,drums,input,identity,-1.1920928955078125e-07
relativefx,history_020_drums,Side Effects Project - Sing With Me,drums,input,gain_minus6,0.15467548370361328
relativefx,history_020_drums,Side Effects Project - Sing With Me,drums,input,gain_plus6,0.21067661046981812
relativefx,history_020_drums,Side Effects Project - Sing With Me,drums,input,eq_minus6,0.09865069389343262
relativefx,history_020_drums,Side Effects Project - Sing With Me,drums,input,eq_plus6,0.110759437084198
relativefx,history_020_drums,Side Effects Project - Sing With Me,drums,input,comp_ratio2,0.17066752910614014
relativefx,history_020_drums,Side Effects Project - Sing With Me,drums,input,comp_ratio4,0.24431639909744263
relativefx,history_020_drums,Side Effects Project - Sing With Me,drums,normalized,identity,-2.384185791015625e-07
relativefx,history_020_drums,Side Effects Project - Sing With Me,drums,normalized,gain_minus6,0.0
relativefx,history_020_drums,Side Effects Project - Sing With Me,drums,normalized,gain_plus6,-2.384185791015625e-07
relativefx,history_020_drums,Side Effects Project - Sing With Me,drums,normalized,eq_minus6,9.79304313659668e-05
relativefx,history_020_drums,Side Effects Project - Sing With Me,drums,normalized,eq_plus6,5.030632019042969e-05
relativefx,history_020_drums,Side Effects Project - Sing With Me,drums,normalized,comp_ratio2,0.0504298210144043
relativefx,history_020_drums,Side Effects Project - Sing With Me,drums,normalized,comp_ratio4,0.07589137554168701
relativefx,history_020_vocals,The Mountaineering Club - Mallory,vocals,input,identity,-4.76837158203125e-07
relativefx,history_020_vocals,The Mountaineering Club - Mallory,vocals,input,gain_minus6,0.10997813940048218
relativefx,history_020_vocals,The Mountaineering Club - Mallory,vocals,input,gain_plus6,0.20312613248825073
relativefx,history_020_vocals,The Mountaineering Club - Mallory,vocals,input,eq_minus6,0.05181241035461426
relativefx,history_020_vocals,The Mountaineering Club - Mallory,vocals,input,eq_plus6,0.08916342258453369
relativefx,history_020_vocals,The Mountaineering Club - Mallory,vocals,input,comp_ratio2,0.10940295457839966
relativefx,history_020_vocals,The Mountaineering Club - Mallory,vocals,input,comp_ratio4,0.1678217649459839
relativefx,history_020_vocals,The Mountaineering Club - Mallory,vocals,normalized,identity,-1.1920928955078125e-07
relativefx,history_020_vocals,The Mountaineering Club - Mallory,vocals,normalized,gain_minus6,-1.1920928955078125e-07
relativefx,history_020_vocals,The Mountaineering Club - Mallory,vocals,normalized,gain_plus6,-2.384185791015625e-07
relativefx,history_020_vocals,The Mountaineering Club - Mallory,vocals,normalized,eq_minus6,0.05563122034072876
relativefx,history_020_vocals,The Mountaineering Club - Mallory,vocals,normalized,eq_plus6,4.869699478149414e-05
relativefx,history_020_vocals,The Mountaineering Club - Mallory,vocals,normalized,comp_ratio2,0.07393395900726318
relativefx,history_020_vocals,The Mountaineering Club - Mallory,vocals,normalized,comp_ratio4,0.11560606956481934
relativefx,history_020_other,The Long Wait - Dark Horses,other,input,identity,-2.384185791015625e-07
relativefx,history_020_other,The Long Wait - Dark Horses,other,input,gain_minus6,0.10363274812698364
relativefx,history_020_other,The Long Wait - Dark Horses,other,input,gain_plus6,0.17021727561950684
relativefx,history_020_other,The Long Wait - Dark Horses,other,input,eq_minus6,0.06567943096160889
relativefx,history_020_other,The Long Wait - Dark Horses,other,input,eq_plus6,0.061322689056396484
relativefx,history_020_other,The Long Wait - Dark Horses,other,input,comp_ratio2,0.1458972692489624
relativefx,history_020_other,The Long Wait - Dark Horses,other,input,comp_ratio4,0.22073578834533691
relativefx,history_020_other,The Long Wait - Dark Horses,other,normalized,identity,-2.384185791015625e-07
relativefx,history_020_other,The Long Wait - Dark Horses,other,normalized,gain_minus6,1.1920928955078125e-07
relativefx,history_020_other,The Long Wait - Dark Horses,other,normalized,gain_plus6,4.172325134277344e-07
relativefx,history_020_other,The Long Wait - Dark Horses,other,normalized,eq_minus6,0.0002225041389465332
relativefx,history_020_other,The Long Wait - Dark Horses,other,normalized,eq_plus6,0.002278447151184082
relativefx,history_020_other,The Long Wait - Dark Horses,other,normalized,comp_ratio2,0.15546643733978271
relativefx,history_020_other,The Long Wait - Dark Horses,other,normalized,comp_ratio4,0.1801013946533203
relativefx,history_021_bass,Skelpolu - Resurrection,bass,input,identity,-2.384185791015625e-07
relativefx,history_021_bass,Skelpolu - Resurrection,bass,input,gain_minus6,0.10839295387268066
relativefx,history_021_bass,Skelpolu - Resurrection,bass,input,gain_plus6,0.19066452980041504
relativefx,history_021_bass,Skelpolu - Resurrection,bass,input,eq_minus6,0.016396820545196533
relativefx,history_021_bass,Skelpolu - Resurrection,bass,input,eq_plus6,0.03159266710281372
relativefx,history_021_bass,Skelpolu - Resurrection,bass,input,comp_ratio2,0.06955218315124512
relativefx,history_021_bass,Skelpolu - Resurrection,bass,input,comp_ratio4,0.1218753457069397
relativefx,history_021_bass,Skelpolu - Resurrection,bass,normalized,identity,0.0
relativefx,history_021_bass,Skelpolu - Resurrection,bass,normalized,gain_minus6,4.470348358154297e-06
relativefx,history_021_bass,Skelpolu - Resurrection,bass,normalized,gain_plus6,9.894371032714844e-06
relativefx,history_021_bass,Skelpolu - Resurrection,bass,normalized,eq_minus6,0.000110626220703125
relativefx,history_021_bass,Skelpolu - Resurrection,bass,normalized,eq_plus6,0.0022727251052856445
relativefx,history_021_bass,Skelpolu - Resurrection,bass,normalized,comp_ratio2,0.02313894033432007
relativefx,history_021_bass,Skelpolu - Resurrection,bass,normalized,comp_ratio4,0.04947233200073242
relativefx,history_021_drums,Zeno - Signs,drums,input,identity,-2.384185791015625e-07
relativefx,history_021_drums,Zeno - Signs,drums,input,gain_minus6,0.14008986949920654
relativefx,history_021_drums,Zeno - Signs,drums,input,gain_plus6,0.2387843132019043
relativefx,history_021_drums,Zeno - Signs,drums,input,eq_minus6,0.13330483436584473
relativefx,history_021_drums,Zeno - Signs,drums,input,eq_plus6,0.09904623031616211
relativefx,history_021_drums,Zeno - Signs,drums,input,comp_ratio2,0.20472842454910278
relativefx,history_021_drums,Zeno - Signs,drums,input,comp_ratio4,0.28067898750305176
relativefx,history_021_drums,Zeno - Signs,drums,normalized,identity,-2.384185791015625e-07
relativefx,history_021_drums,Zeno - Signs,drums,normalized,gain_minus6,-1.1920928955078125e-07
relativefx,history_021_drums,Zeno - Signs,drums,normalized,gain_plus6,-2.384185791015625e-07
relativefx,history_021_drums,Zeno - Signs,drums,normalized,eq_minus6,0.0009759664535522461
relativefx,history_021_drums,Zeno - Signs,drums,normalized,eq_plus6,0.0004595518112182617
relativefx,history_021_drums,Zeno - Signs,drums,normalized,comp_ratio2,0.07809978723526001
relativefx,history_021_drums,Zeno - Signs,drums,normalized,comp_ratio4,0.11194604635238647
relativefx,history_021_vocals,Georgia Wonder - Siren,vocals,input,identity,-1.1920928955078125e-07
relativefx,history_021_vocals,Georgia Wonder - Siren,vocals,input,gain_minus6,0.09545814990997314
relativefx,history_021_vocals,Georgia Wonder - Siren,vocals,input,gain_plus6,0.18701499700546265
relativefx,history_021_vocals,Georgia Wonder - Siren,vocals,input,eq_minus6,0.05890369415283203
relativefx,history_021_vocals,Georgia Wonder - Siren,vocals,input,eq_plus6,0.08682763576507568
relativefx,history_021_vocals,Georgia Wonder - Siren,vocals,input,comp_ratio2,0.012705802917480469
relativefx,history_021_vocals,Georgia Wonder - Siren,vocals,input,comp_ratio4,0.023692071437835693
relativefx,history_021_vocals,Georgia Wonder - Siren,vocals,normalized,identity,-1.1920928955078125e-07
relativefx,history_021_vocals,Georgia Wonder - Siren,vocals,normalized,gain_minus6,0.0
relativefx,history_021_vocals,Georgia Wonder - Siren,vocals,normalized,gain_plus6,0.0
relativefx,history_021_vocals,Georgia Wonder - Siren,vocals,normalized,eq_minus6,0.00018900632858276367
relativefx,history_021_vocals,Georgia Wonder - Siren,vocals,normalized,eq_plus6,0.00032001733779907227
relativefx,history_021_vocals,Georgia Wonder - Siren,vocals,normalized,comp_ratio2,0.09379923343658447
relativefx,history_021_vocals,Georgia Wonder - Siren,vocals,normalized,comp_ratio4,0.06472891569137573
relativefx,history_021_other,The Doppler Shift - Atrophy,other,input,identity,-3.5762786865234375e-07
relativefx,history_021_other,The Doppler Shift - Atrophy,other,input,gain_minus6,0.16599589586257935
relativefx,history_021_other,The Doppler Shift - Atrophy,other,input,gain_plus6,0.2791817784309387
relativefx,history_021_other,The Doppler Shift - Atrophy,other,input,eq_minus6,0.11694568395614624
relativefx,history_021_other,The Doppler Shift - Atrophy,other,input,eq_plus6,0.09669971466064453
relativefx,history_021_other,The Doppler Shift - Atrophy,other,input,comp_ratio2,0.22149056196212769
relativefx,history_021_other,The Doppler Shift - Atrophy,other,input,comp_ratio4,0.29931342601776123
relativefx,history_021_other,The Doppler Shift - Atrophy,other,normalized,identity,-1.1920928955078125e-07
relativefx,history_021_other,The Doppler Shift - Atrophy,other,normalized,gain_minus6,0.0
relativefx,history_021_other,The Doppler Shift - Atrophy,other,normalized,gain_plus6,-1.1920928955078125e-07
relativefx,history_021_other,The Doppler Shift - Atrophy,other,normalized,eq_minus6,0.06884163618087769
relativefx,history_021_other,The Doppler Shift - Atrophy,other,normalized,eq_plus6,0.001360177993774414
relativefx,history_021_other,The Doppler Shift - Atrophy,other,normalized,comp_ratio2,0.137556254863739
relativefx,history_021_other,The Doppler Shift - Atrophy,other,normalized,comp_ratio4,0.12143903970718384
relativefx,history_022_bass,The Easton Ellises - Falcon 69,bass,input,identity,-2.384185791015625e-07
relativefx,history_022_bass,The Easton Ellises - Falcon 69,bass,input,gain_minus6,0.15854942798614502
relativefx,history_022_bass,The Easton Ellises - Falcon 69,bass,input,gain_plus6,0.2580646276473999
relativefx,history_022_bass,The Easton Ellises - Falcon 69,bass,input,eq_minus6,0.05150318145751953
relativefx,history_022_bass,The Easton Ellises - Falcon 69,bass,input,eq_plus6,0.04666334390640259
relativefx,history_022_bass,The Easton Ellises - Falcon 69,bass,input,comp_ratio2,0.0996900200843811
relativefx,history_022_bass,The Easton Ellises - Falcon 69,bass,input,comp_ratio4,0.15685510635375977
relativefx,history_022_bass,The Easton Ellises - Falcon 69,bass,normalized,identity,-2.384185791015625e-07
relativefx,history_022_bass,The Easton Ellises - Falcon 69,bass,normalized,gain_minus6,1.4126300811767578e-05
relativefx,history_022_bass,The Easton Ellises - Falcon 69,bass,normalized,gain_plus6,3.159046173095703e-06
relativefx,history_022_bass,The Easton Ellises - Falcon 69,bass,normalized,eq_minus6,0.0002282261848449707
relativefx,history_022_bass,The Easton Ellises - Falcon 69,bass,normalized,eq_plus6,0.0001856088638305664
relativefx,history_022_bass,The Easton Ellises - Falcon 69,bass,normalized,comp_ratio2,0.09403645992279053
relativefx,history_022_bass,The Easton Ellises - Falcon 69,bass,normalized,comp_ratio4,0.11694121360778809
relativefx,history_022_drums,Juliet's Rescue - Heartbeats,drums,input,identity,0.0
relativefx,history_022_drums,Juliet's Rescue - Heartbeats,drums,input,gain_minus6,0.10162615776062012
relativefx,history_022_drums,Juliet's Rescue - Heartbeats,drums,input,gain_plus6,0.18381619453430176
relativefx,history_022_drums,Juliet's Rescue - Heartbeats,drums,input,eq_minus6,0.15002691745758057
relativefx,history_022_drums,Juliet's Rescue - Heartbeats,drums,input,eq_plus6,0.11506205797195435
relativefx,history_022_drums,Juliet's Rescue - Heartbeats,drums,input,comp_ratio2,0.21837103366851807
relativefx,history_022_drums,Juliet's Rescue - Heartbeats,drums,input,comp_ratio4,0.3508094549179077
relativefx,history_022_drums,Juliet's Rescue - Heartbeats,drums,normalized,identity,-2.384185791015625e-07
relativefx,history_022_drums,Juliet's Rescue - Heartbeats,drums,normalized,gain_minus6,-2.384185791015625e-07
relativefx,history_022_drums,Juliet's Rescue - Heartbeats,drums,normalized,gain_plus6,-1.1920928955078125e-07
relativefx,history_022_drums,Juliet's Rescue - Heartbeats,drums,normalized,eq_minus6,0.1465764045715332
relativefx,history_022_drums,Juliet's Rescue - Heartbeats,drums,normalized,eq_plus6,0.0015108585357666016
relativefx,history_022_drums,Juliet's Rescue - Heartbeats,drums,normalized,comp_ratio2,0.13417518138885498
relativefx,history_022_drums,Juliet's Rescue - Heartbeats,drums,normalized,comp_ratio4,0.2650708556175232
relativefx,history_022_vocals,Little Chicago's Finest - My Own,vocals,input,identity,-1.1920928955078125e-07
relativefx,history_022_vocals,Little Chicago's Finest - My Own,vocals,input,gain_minus6,0.09687936305999756
relativefx,history_022_vocals,Little Chicago's Finest - My Own,vocals,input,gain_plus6,0.1911705732345581
relativefx,history_022_vocals,Little Chicago's Finest - My Own,vocals,input,eq_minus6,0.041689395904541016
relativefx,history_022_vocals,Little Chicago's Finest - My Own,vocals,input,eq_plus6,0.06385308504104614
relativefx,history_022_vocals,Little Chicago's Finest - My Own,vocals,input,comp_ratio2,0.08256649971008301
relativefx,history_022_vocals,Little Chicago's Finest - My Own,vocals,input,comp_ratio4,0.1278247833251953
relativefx,history_022_vocals,Little Chicago's Finest - My Own,vocals,normalized,identity,-3.5762786865234375e-07
relativefx,history_022_vocals,Little Chicago's Finest - My Own,vocals,normalized,gain_minus6,-2.384185791015625e-07
relativefx,history_022_vocals,Little Chicago's Finest - My Own,vocals,normalized,gain_plus6,-1.1920928955078125e-07
relativefx,history_022_vocals,Little Chicago's Finest - My Own,vocals,normalized,eq_minus6,0.00012952089309692383
relativefx,history_022_vocals,Little Chicago's Finest - My Own,vocals,normalized,eq_plus6,6.222724914550781e-05
relativefx,history_022_vocals,Little Chicago's Finest - My Own,vocals,normalized,comp_ratio2,0.010902106761932373
relativefx,history_022_vocals,Little Chicago's Finest - My Own,vocals,normalized,comp_ratio4,0.023775696754455566
relativefx,history_022_other,Moosmusic - Big Dummy Shake,other,input,identity,-1.1920928955078125e-07
relativefx,history_022_other,Moosmusic - Big Dummy Shake,other,input,gain_minus6,0.23319858312606812
relativefx,history_022_other,Moosmusic - Big Dummy Shake,other,input,gain_plus6,0.24895477294921875
relativefx,history_022_other,Moosmusic - Big Dummy Shake,other,input,eq_minus6,0.11413055658340454
relativefx,history_022_other,Moosmusic - Big Dummy Shake,other,input,eq_plus6,0.153062105178833
relativefx,history_022_other,Moosmusic - Big Dummy Shake,other,input,comp_ratio2,0.24470317363739014
relativefx,history_022_other,Moosmusic - Big Dummy Shake,other,input,comp_ratio4,0.3359922170639038
relativefx,history_022_other,Moosmusic - Big Dummy Shake,other,normalized,identity,-1.1920928955078125e-07
relativefx,history_022_other,Moosmusic - Big Dummy Shake,other,normalized,gain_minus6,5.960464477539063e-08
relativefx,history_022_other,Moosmusic - Big Dummy Shake,other,normalized,gain_plus6,8.344650268554688e-07
relativefx,history_022_other,Moosmusic - Big Dummy Shake,other,normalized,eq_minus6,0.0002573728561401367
relativefx,history_022_other,Moosmusic - Big Dummy Shake,other,normalized,eq_plus6,0.0008833408355712891
relativefx,history_022_other,Moosmusic - Big Dummy Shake,other,normalized,comp_ratio2,0.03928619623184204
relativefx,history_022_other,Moosmusic - Big Dummy Shake,other,normalized,comp_ratio4,0.07915347814559937
relativefx,history_023_bass,James Elder & Mark M Thompson - The English Actor,bass,input,identity,-2.384185791015625e-07
relativefx,history_023_bass,James Elder & Mark M Thompson - The English Actor,bass,input,gain_minus6,0.071627676486969
relativefx,history_023_bass,James Elder & Mark M Thompson - The English Actor,bass,input,gain_plus6,0.3055284023284912
relativefx,history_023_bass,James Elder & Mark M Thompson - The English Actor,bass,input,eq_minus6,0.02235698699951172
relativefx,history_023_bass,James Elder & Mark M Thompson - The English Actor,bass,input,eq_plus6,0.08089190721511841
relativefx,history_023_bass,James Elder & Mark M Thompson - The English Actor,bass,input,comp_ratio2,0.11307793855667114
relativefx,history_023_bass,James Elder & Mark M Thompson - The English Actor,bass,input,comp_ratio4,0.13873392343521118
relativefx,history_023_bass,James Elder & Mark M Thompson - The English Actor,bass,normalized,identity,-3.5762786865234375e-07
relativefx,history_023_bass,James Elder & Mark M Thompson - The English Actor,bass,normalized,gain_minus6,1.8656253814697266e-05
relativefx,history_023_bass,James Elder & Mark M Thompson - The English Actor,bass,normalized,gain_plus6,8.344650268554688e-06
relativefx,history_023_bass,James Elder & Mark M Thompson - The English Actor,bass,normalized,eq_minus6,0.00041961669921875
relativefx,history_023_bass,James Elder & Mark M Thompson - The English Actor,bass,normalized,eq_plus6,0.0006027817726135254
relativefx,history_023_bass,James Elder & Mark M Thompson - The English Actor,bass,normalized,comp_ratio2,0.15270531177520752
relativefx,history_023_bass,James Elder & Mark M Thompson - The English Actor,bass,normalized,comp_ratio4,0.15283936262130737
relativefx,history_023_drums,Louis Cressy Band - Good Time,drums,input,identity,-3.5762786865234375e-07
relativefx,history_023_drums,Louis Cressy Band - Good Time,drums,input,gain_minus6,0.16092950105667114
relativefx,history_023_drums,Louis Cressy Band - Good Time,drums,input,gain_plus6,0.1902027726173401
relativefx,history_023_drums,Louis Cressy Band - Good Time,drums,input,eq_minus6,0.12302190065383911
relativefx,history_023_drums,Louis Cressy Band - Good Time,drums,input,eq_plus6,0.09885138273239136
relativefx,history_023_drums,Louis Cressy Band - Good Time,drums,input,comp_ratio2,0.33268386125564575
relativefx,history_023_drums,Louis Cressy Band - Good Time,drums,input,comp_ratio4,0.3890305757522583
relativefx,history_023_drums,Louis Cressy Band - Good Time,drums,normalized,identity,-3.5762786865234375e-07
relativefx,history_023_drums,Louis Cressy Band - Good Time,drums,normalized,gain_minus6,-2.384185791015625e-07
relativefx,history_023_drums,Louis Cressy Band - Good Time,drums,normalized,gain_plus6,-2.384185791015625e-07
relativefx,history_023_drums,Louis Cressy Band - Good Time,drums,normalized,eq_minus6,0.00038820505142211914
relativefx,history_023_drums,Louis Cressy Band - Good Time,drums,normalized,eq_plus6,0.0001080632209777832
relativefx,history_023_drums,Louis Cressy Band - Good Time,drums,normalized,comp_ratio2,0.10787075757980347
relativefx,history_023_drums,Louis Cressy Band - Good Time,drums,normalized,comp_ratio4,0.20411890745162964
relativefx,history_023_vocals,Punkdisco - Oral Hygiene,vocals,input,identity,-2.384185791015625e-07
relativefx,history_023_vocals,Punkdisco - Oral Hygiene,vocals,input,gain_minus6,0.15030086040496826
relativefx,history_023_vocals,Punkdisco - Oral Hygiene,vocals,input,gain_plus6,0.23458653688430786
relativefx,history_023_vocals,Punkdisco - Oral Hygiene,vocals,input,eq_minus6,0.08723986148834229
relativefx,history_023_vocals,Punkdisco - Oral Hygiene,vocals,input,eq_plus6,0.1392764449119568
relativefx,history_023_vocals,Punkdisco - Oral Hygiene,vocals,input,comp_ratio2,0.20236986875534058
relativefx,history_023_vocals,Punkdisco - Oral Hygiene,vocals,input,comp_ratio4,0.2544698715209961
relativefx,history_023_vocals,Punkdisco - Oral Hygiene,vocals,normalized,identity,-2.384185791015625e-07
relativefx,history_023_vocals,Punkdisco - Oral Hygiene,vocals,normalized,gain_minus6,-2.384185791015625e-07
relativefx,history_023_vocals,Punkdisco - Oral Hygiene,vocals,normalized,gain_plus6,-2.384185791015625e-07
relativefx,history_023_vocals,Punkdisco - Oral Hygiene,vocals,normalized,eq_minus6,0.0009565949440002441
relativefx,history_023_vocals,Punkdisco - Oral Hygiene,vocals,normalized,eq_plus6,1.6868114471435547e-05
relativefx,history_023_vocals,Punkdisco - Oral Hygiene,vocals,normalized,comp_ratio2,0.10699009895324707
relativefx,history_023_vocals,Punkdisco - Oral Hygiene,vocals,normalized,comp_ratio4,0.10598880052566528
relativefx,history_023_other,PR - Oh No,other,input,identity,-2.384185791015625e-07
relativefx,history_023_other,PR - Oh No,other,input,gain_minus6,0.20763814449310303
relativefx,history_023_other,PR - Oh No,other,input,gain_plus6,0.30655938386917114
relativefx,history_023_other,PR - Oh No,other,input,eq_minus6,0.04521983861923218
relativefx,history_023_other,PR - Oh No,other,input,eq_plus6,0.09397315979003906
relativefx,history_023_other,PR - Oh No,other,input,comp_ratio2,0.15179574489593506
relativefx,history_023_other,PR - Oh No,other,input,comp_ratio4,0.23574620485305786
relativefx,history_023_other,PR - Oh No,other,normalized,identity,-1.1920928955078125e-07
relativefx,history_023_other,PR - Oh No,other,normalized,gain_minus6,1.7881393432617188e-07
relativefx,history_023_other,PR - Oh No,other,normalized,gain_plus6,5.960464477539063e-08
relativefx,history_023_other,PR - Oh No,other,normalized,eq_minus6,0.0016331672668457031
relativefx,history_023_other,PR - Oh No,other,normalized,eq_plus6,0.0012148618698120117
relativefx,history_023_other,PR - Oh No,other,normalized,comp_ratio2,0.03517913818359375
relativefx,history_023_other,PR - Oh No,other,normalized,comp_ratio4,0.08305054903030396
relativefx,history_024_bass,Sambasevam Shanmugam - Kaathaadi,bass,input,identity,-1.1920928955078125e-07
relativefx,history_024_bass,Sambasevam Shanmugam - Kaathaadi,bass,input,gain_minus6,0.15488475561141968
relativefx,history_024_bass,Sambasevam Shanmugam - Kaathaadi,bass,input,gain_plus6,0.20525115728378296
relativefx,history_024_bass,Sambasevam Shanmugam - Kaathaadi,bass,input,eq_minus6,0.03696882724761963
relativefx,history_024_bass,Sambasevam Shanmugam - Kaathaadi,bass,input,eq_plus6,0.04537796974182129
relativefx,history_024_bass,Sambasevam Shanmugam - Kaathaadi,bass,input,comp_ratio2,0.1605372428894043
relativefx,history_024_bass,Sambasevam Shanmugam - Kaathaadi,bass,input,comp_ratio4,0.2214726209640503
relativefx,history_024_bass,Sambasevam Shanmugam - Kaathaadi,bass,normalized,identity,-1.1920928955078125e-07
relativefx,history_024_bass,Sambasevam Shanmugam - Kaathaadi,bass,normalized,gain_minus6,1.7881393432617188e-06
relativefx,history_024_bass,Sambasevam Shanmugam - Kaathaadi,bass,normalized,gain_plus6,5.245208740234375e-06
relativefx,history_024_bass,Sambasevam Shanmugam - Kaathaadi,bass,normalized,eq_minus6,0.000250399112701416
relativefx,history_024_bass,Sambasevam Shanmugam - Kaathaadi,bass,normalized,eq_plus6,0.00014263391494750977
relativefx,history_024_bass,Sambasevam Shanmugam - Kaathaadi,bass,normalized,comp_ratio2,0.0721544623374939
relativefx,history_024_bass,Sambasevam Shanmugam - Kaathaadi,bass,normalized,comp_ratio4,0.13678991794586182
relativefx,history_024_drums,M.E.R.C. Music - Knockout,drums,input,identity,-1.1920928955078125e-07
relativefx,history_024_drums,M.E.R.C. Music - Knockout,drums,input,gain_minus6,0.12093168497085571
relativefx,history_024_drums,M.E.R.C. Music - Knockout,drums,input,gain_plus6,0.16998672485351562
relativefx,history_024_drums,M.E.R.C. Music - Knockout,drums,input,eq_minus6,0.07575488090515137
relativefx,history_024_drums,M.E.R.C. Music - Knockout,drums,input,eq_plus6,0.07183122634887695
relativefx,history_024_drums,M.E.R.C. Music - Knockout,drums,input,comp_ratio2,0.19549477100372314
relativefx,history_024_drums,M.E.R.C. Music - Knockout,drums,input,comp_ratio4,0.2715347409248352
relativefx,history_024_drums,M.E.R.C. Music - Knockout,drums,normalized,identity,0.0
relativefx,history_024_drums,M.E.R.C. Music - Knockout,drums,normalized,gain_minus6,3.5762786865234375e-07
relativefx,history_024_drums,M.E.R.C. Music - Knockout,drums,normalized,gain_plus6,1.7881393432617188e-07
relativefx,history_024_drums,M.E.R.C. Music - Knockout,drums,normalized,eq_minus6,0.0009652972221374512
relativefx,history_024_drums,M.E.R.C. Music - Knockout,drums,normalized,eq_plus6,5.316734313964844e-05
relativefx,history_024_drums,M.E.R.C. Music - Knockout,drums,normalized,comp_ratio2,0.0701032280921936
relativefx,history_024_drums,M.E.R.C. Music - Knockout,drums,normalized,comp_ratio4,0.1855434775352478
relativefx,history_024_vocals,Buitraker - Revo X,vocals,input,identity,-2.384185791015625e-07
relativefx,history_024_vocals,Buitraker - Revo X,vocals,input,gain_minus6,0.1216326355934143
relativefx,history_024_vocals,Buitraker - Revo X,vocals,input,gain_plus6,0.20608818531036377
relativefx,history_024_vocals,Buitraker - Revo X,vocals,input,eq_minus6,0.08905822038650513
relativefx,history_024_vocals,Buitraker - Revo X,vocals,input,eq_plus6,0.12360119819641113
relativefx,history_024_vocals,Buitraker - Revo X,vocals,input,comp_ratio2,0.09640997648239136
relativefx,history_024_vocals,Buitraker - Revo X,vocals,input,comp_ratio4,0.15984004735946655
relativefx,history_024_vocals,Buitraker - Revo X,vocals,normalized,identity,-2.384185791015625e-07
relativefx,history_024_vocals,Buitraker - Revo X,vocals,normalized,gain_minus6,-2.384185791015625e-07
relativefx,history_024_vocals,Buitraker - Revo X,vocals,normalized,gain_plus6,-1.1920928955078125e-07
relativefx,history_024_vocals,Buitraker - Revo X,vocals,normalized,eq_minus6,0.0001608133316040039
relativefx,history_024_vocals,Buitraker - Revo X,vocals,normalized,eq_plus6,2.5093555450439453e-05
relativefx,history_024_vocals,Buitraker - Revo X,vocals,normalized,comp_ratio2,0.009870171546936035
relativefx,history_024_vocals,Buitraker - Revo X,vocals,normalized,comp_ratio4,0.02374112606048584
relativefx,history_024_other,Ben Carrigan - We'll Talk About It All Tonight,other,input,identity,-2.384185791015625e-07
relativefx,history_024_other,Ben Carrigan - We'll Talk About It All Tonight,other,input,gain_minus6,0.06693893671035767
relativefx,history_024_other,Ben Carrigan - We'll Talk About It All Tonight,other,input,gain_plus6,0.10919004678726196
relativefx,history_024_other,Ben Carrigan - We'll Talk About It All Tonight,other,input,eq_minus6,0.060293734073638916
relativefx,history_024_other,Ben Carrigan - We'll Talk About It All Tonight,other,input,eq_plus6,0.06569868326187134
relativefx,history_024_other,Ben Carrigan - We'll Talk About It All Tonight,other,input,comp_ratio2,0.02299058437347412
relativefx,history_024_other,Ben Carrigan - We'll Talk About It All Tonight,other,input,comp_ratio4,0.03767275810241699
relativefx,history_024_other,Ben Carrigan - We'll Talk About It All Tonight,other,normalized,identity,-1.1920928955078125e-07
relativefx,history_024_other,Ben Carrigan - We'll Talk About It All Tonight,other,normalized,gain_minus6,5.960464477539063e-08
relativefx,history_024_other,Ben Carrigan - We'll Talk About It All Tonight,other,normalized,gain_plus6,2.6226043701171875e-06
relativefx,history_024_other,Ben Carrigan - We'll Talk About It All Tonight,other,normalized,eq_minus6,0.00042623281478881836
relativefx,history_024_other,Ben Carrigan - We'll Talk About It All Tonight,other,normalized,eq_plus6,0.07659578323364258
relativefx,history_024_other,Ben Carrigan - We'll Talk About It All Tonight,other,normalized,comp_ratio2,0.0632631778717041
relativefx,history_024_other,Ben Carrigan - We'll Talk About It All Tonight,other,normalized,comp_ratio4,0.11566132307052612
fxencoderpp,history_000_bass,Timboz - Pony,bass,input,identity,-1.1920928955078125e-07
fxencoderpp,history_000_bass,Timboz - Pony,bass,input,gain_minus6,0.030504941940307617
fxencoderpp,history_000_bass,Timboz - Pony,bass,input,gain_plus6,0.019532084465026855
fxencoderpp,history_000_bass,Timboz - Pony,bass,input,eq_minus6,0.004929065704345703
fxencoderpp,history_000_bass,Timboz - Pony,bass,input,eq_plus6,0.008472084999084473
fxencoderpp,history_000_bass,Timboz - Pony,bass,input,comp_ratio2,0.014056682586669922
fxencoderpp,history_000_bass,Timboz - Pony,bass,input,comp_ratio4,0.042016029357910156
fxencoderpp,history_000_bass,Timboz - Pony,bass,input,identity_repeat,-1.1920928955078125e-07
fxencoderpp,history_000_bass,Timboz - Pony,bass,normalized,identity,0.0
fxencoderpp,history_000_bass,Timboz - Pony,bass,normalized,gain_minus6,2.384185791015625e-06
fxencoderpp,history_000_bass,Timboz - Pony,bass,normalized,gain_plus6,4.7147274017333984e-05
fxencoderpp,history_000_bass,Timboz - Pony,bass,normalized,eq_minus6,0.17261725664138794
fxencoderpp,history_000_bass,Timboz - Pony,bass,normalized,eq_plus6,0.00013077259063720703
fxencoderpp,history_000_bass,Timboz - Pony,bass,normalized,comp_ratio2,0.0028394460678100586
fxencoderpp,history_000_bass,Timboz - Pony,bass,normalized,comp_ratio4,0.0059868693351745605
fxencoderpp,history_000_bass,Timboz - Pony,bass,normalized,identity_repeat,0.0
fxencoderpp,history_000_drums,Cristina Vane - So Easy,drums,input,identity,0.0
fxencoderpp,history_000_drums,Cristina Vane - So Easy,drums,input,gain_minus6,0.015022754669189453
fxencoderpp,history_000_drums,Cristina Vane - So Easy,drums,input,gain_plus6,0.025702595710754395
fxencoderpp,history_000_drums,Cristina Vane - So Easy,drums,input,eq_minus6,0.009817838668823242
fxencoderpp,history_000_drums,Cristina Vane - So Easy,drums,input,eq_plus6,0.02053093910217285
fxencoderpp,history_000_drums,Cristina Vane - So Easy,drums,input,comp_ratio2,0.018733739852905273
fxencoderpp,history_000_drums,Cristina Vane - So Easy,drums,input,comp_ratio4,0.04709869623184204
fxencoderpp,history_000_drums,Cristina Vane - So Easy,drums,input,identity_repeat,0.0
fxencoderpp,history_000_drums,Cristina Vane - So Easy,drums,normalized,identity,0.0
fxencoderpp,history_000_drums,Cristina Vane - So Easy,drums,normalized,gain_minus6,0.0
fxencoderpp,history_000_drums,Cristina Vane - So Easy,drums,normalized,gain_plus6,5.960464477539063e-08
fxencoderpp,history_000_drums,Cristina Vane - So Easy,drums,normalized,eq_minus6,0.004155397415161133
fxencoderpp,history_000_drums,Cristina Vane - So Easy,drums,normalized,eq_plus6,0.0001652240753173828
fxencoderpp,history_000_drums,Cristina Vane - So Easy,drums,normalized,comp_ratio2,0.2561159133911133
fxencoderpp,history_000_drums,Cristina Vane - So Easy,drums,normalized,comp_ratio4,0.2672881484031677
fxencoderpp,history_000_drums,Cristina Vane - So Easy,drums,normalized,identity_repeat,0.0
fxencoderpp,history_000_vocals,Tom McKenzie - Directions,vocals,input,identity,0.0
fxencoderpp,history_000_vocals,Tom McKenzie - Directions,vocals,input,gain_minus6,0.022176921367645264
fxencoderpp,history_000_vocals,Tom McKenzie - Directions,vocals,input,gain_plus6,0.03152656555175781
fxencoderpp,history_000_vocals,Tom McKenzie - Directions,vocals,input,eq_minus6,0.007093548774719238
fxencoderpp,history_000_vocals,Tom McKenzie - Directions,vocals,input,eq_plus6,0.010821223258972168
fxencoderpp,history_000_vocals,Tom McKenzie - Directions,vocals,input,comp_ratio2,0.011279761791229248
fxencoderpp,history_000_vocals,Tom McKenzie - Directions,vocals,input,comp_ratio4,0.022571027278900146
fxencoderpp,history_000_vocals,Tom McKenzie - Directions,vocals,input,identity_repeat,0.0
fxencoderpp,history_000_vocals,Tom McKenzie - Directions,vocals,normalized,identity,-1.1920928955078125e-07
fxencoderpp,history_000_vocals,Tom McKenzie - Directions,vocals,normalized,gain_minus6,0.0
fxencoderpp,history_000_vocals,Tom McKenzie - Directions,vocals,normalized,gain_plus6,0.0
fxencoderpp,history_000_vocals,Tom McKenzie - Directions,vocals,normalized,eq_minus6,0.00020569562911987305
fxencoderpp,history_000_vocals,Tom McKenzie - Directions,vocals,normalized,eq_plus6,4.982948303222656e-05
fxencoderpp,history_000_vocals,Tom McKenzie - Directions,vocals,normalized,comp_ratio2,0.004440426826477051
fxencoderpp,history_000_vocals,Tom McKenzie - Directions,vocals,normalized,comp_ratio4,0.010936141014099121
fxencoderpp,history_000_vocals,Tom McKenzie - Directions,vocals,normalized,identity_repeat,-1.1920928955078125e-07
fxencoderpp,history_000_other,Bobby Nobody - Stitch Up,other,input,identity,-1.1920928955078125e-07
fxencoderpp,history_000_other,Bobby Nobody - Stitch Up,other,input,gain_minus6,0.013737142086029053
fxencoderpp,history_000_other,Bobby Nobody - Stitch Up,other,input,gain_plus6,0.02108287811279297
fxencoderpp,history_000_other,Bobby Nobody - Stitch Up,other,input,eq_minus6,0.010943293571472168
fxencoderpp,history_000_other,Bobby Nobody - Stitch Up,other,input,eq_plus6,0.01470571756362915
fxencoderpp,history_000_other,Bobby Nobody - Stitch Up,other,input,comp_ratio2,0.018866658210754395
fxencoderpp,history_000_other,Bobby Nobody - Stitch Up,other,input,comp_ratio4,0.03787511587142944
fxencoderpp,history_000_other,Bobby Nobody - Stitch Up,other,input,identity_repeat,-1.1920928955078125e-07
fxencoderpp,history_000_other,Bobby Nobody - Stitch Up,other,normalized,identity,-1.1920928955078125e-07
fxencoderpp,history_000_other,Bobby Nobody - Stitch Up,other,normalized,gain_minus6,0.0
fxencoderpp,history_000_other,Bobby Nobody - Stitch Up,other,normalized,gain_plus6,0.0
fxencoderpp,history_000_other,Bobby Nobody - Stitch Up,other,normalized,eq_minus6,0.0012323856353759766
fxencoderpp,history_000_other,Bobby Nobody - Stitch Up,other,normalized,eq_plus6,0.002415597438812256
fxencoderpp,history_000_other,Bobby Nobody - Stitch Up,other,normalized,comp_ratio2,0.004838883876800537
fxencoderpp,history_000_other,Bobby Nobody - Stitch Up,other,normalized,comp_ratio4,0.008812963962554932
fxencoderpp,history_000_other,Bobby Nobody - Stitch Up,other,normalized,identity_repeat,-1.1920928955078125e-07
fxencoderpp,history_001_bass,Raft Monk - Tiring,bass,input,identity,0.0
fxencoderpp,history_001_bass,Raft Monk - Tiring,bass,input,gain_minus6,0.021154284477233887
fxencoderpp,history_001_bass,Raft Monk - Tiring,bass,input,gain_plus6,0.028056323528289795
fxencoderpp,history_001_bass,Raft Monk - Tiring,bass,input,eq_minus6,0.014383316040039062
fxencoderpp,history_001_bass,Raft Monk - Tiring,bass,input,eq_plus6,0.021114349365234375
fxencoderpp,history_001_bass,Raft Monk - Tiring,bass,input,comp_ratio2,0.01498723030090332
fxencoderpp,history_001_bass,Raft Monk - Tiring,bass,input,comp_ratio4,0.034230947494506836
fxencoderpp,history_001_bass,Raft Monk - Tiring,bass,normalized,identity,-1.1920928955078125e-07
fxencoderpp,history_001_bass,Raft Monk - Tiring,bass,normalized,gain_minus6,1.430511474609375e-06
fxencoderpp,history_001_bass,Raft Monk - Tiring,bass,normalized,gain_plus6,1.0728836059570312e-06
fxencoderpp,history_001_bass,Raft Monk - Tiring,bass,normalized,eq_minus6,0.0001316070556640625
fxencoderpp,history_001_bass,Raft Monk - Tiring,bass,normalized,eq_plus6,3.1948089599609375e-05
fxencoderpp,history_001_bass,Raft Monk - Tiring,bass,normalized,comp_ratio2,0.1575375199317932
fxencoderpp,history_001_bass,Raft Monk - Tiring,bass,normalized,comp_ratio4,0.16042208671569824
fxencoderpp,history_001_drums,Moosmusic - Big Dummy Shake,drums,input,identity,0.0
fxencoderpp,history_001_drums,Moosmusic - Big Dummy Shake,drums,input,gain_minus6,0.020731449127197266
fxencoderpp,history_001_drums,Moosmusic - Big Dummy Shake,drums,input,gain_plus6,0.037663400173187256
fxencoderpp,history_001_drums,Moosmusic - Big Dummy Shake,drums,input,eq_minus6,0.004053473472595215
fxencoderpp,history_001_drums,Moosmusic - Big Dummy Shake,drums,input,eq_plus6,0.006147265434265137
fxencoderpp,history_001_drums,Moosmusic - Big Dummy Shake,drums,input,comp_ratio2,0.010087907314300537
fxencoderpp,history_001_drums,Moosmusic - Big Dummy Shake,drums,input,comp_ratio4,0.01631772518157959
fxencoderpp,history_001_drums,Moosmusic - Big Dummy Shake,drums,normalized,identity,0.0
fxencoderpp,history_001_drums,Moosmusic - Big Dummy Shake,drums,normalized,gain_minus6,3.5762786865234375e-07
fxencoderpp,history_001_drums,Moosmusic - Big Dummy Shake,drums,normalized,gain_plus6,3.5762786865234375e-07
fxencoderpp,history_001_drums,Moosmusic - Big Dummy Shake,drums,normalized,eq_minus6,0.0001175999641418457
fxencoderpp,history_001_drums,Moosmusic - Big Dummy Shake,drums,normalized,eq_plus6,0.00012892484664916992
fxencoderpp,history_001_drums,Moosmusic - Big Dummy Shake,drums,normalized,comp_ratio2,0.14837950468063354
fxencoderpp,history_001_drums,Moosmusic - Big Dummy Shake,drums,normalized,comp_ratio4,0.1471896767616272
fxencoderpp,history_001_vocals,Raft Monk - Tiring,vocals,input,identity,-1.1920928955078125e-07
fxencoderpp,history_001_vocals,Raft Monk - Tiring,vocals,input,gain_minus6,0.0360713005065918
fxencoderpp,history_001_vocals,Raft Monk - Tiring,vocals,input,gain_plus6,0.04135793447494507
fxencoderpp,history_001_vocals,Raft Monk - Tiring,vocals,input,eq_minus6,0.012717783451080322
fxencoderpp,history_001_vocals,Raft Monk - Tiring,vocals,input,eq_plus6,0.015967607498168945
fxencoderpp,history_001_vocals,Raft Monk - Tiring,vocals,input,comp_ratio2,0.10628587007522583
fxencoderpp,history_001_vocals,Raft Monk - Tiring,vocals,input,comp_ratio4,0.18695640563964844
fxencoderpp,history_001_vocals,Raft Monk - Tiring,vocals,normalized,identity,-1.1920928955078125e-07
fxencoderpp,history_001_vocals,Raft Monk - Tiring,vocals,normalized,gain_minus6,1.1920928955078125e-07
fxencoderpp,history_001_vocals,Raft Monk - Tiring,vocals,normalized,gain_plus6,0.0
fxencoderpp,history_001_vocals,Raft Monk - Tiring,vocals,normalized,eq_minus6,1.913309097290039e-05
fxencoderpp,history_001_vocals,Raft Monk - Tiring,vocals,normalized,eq_plus6,0.29000478982925415
fxencoderpp,history_001_vocals,Raft Monk - Tiring,vocals,normalized,comp_ratio2,0.0072612762451171875
fxencoderpp,history_001_vocals,Raft Monk - Tiring,vocals,normalized,comp_ratio4,0.053810298442840576
fxencoderpp,history_001_other,Georgia Wonder - Siren,other,input,identity,-1.1920928955078125e-07
fxencoderpp,history_001_other,Georgia Wonder - Siren,other,input,gain_minus6,0.030791938304901123
fxencoderpp,history_001_other,Georgia Wonder - Siren,other,input,gain_plus6,0.04652756452560425
fxencoderpp,history_001_other,Georgia Wonder - Siren,other,input,eq_minus6,0.03867816925048828
fxencoderpp,history_001_other,Georgia Wonder - Siren,other,input,eq_plus6,0.05523175001144409
fxencoderpp,history_001_other,Georgia Wonder - Siren,other,input,comp_ratio2,0.0035994648933410645
fxencoderpp,history_001_other,Georgia Wonder - Siren,other,input,comp_ratio4,0.00655210018157959
fxencoderpp,history_001_other,Georgia Wonder - Siren,other,normalized,identity,-2.384185791015625e-07
fxencoderpp,history_001_other,Georgia Wonder - Siren,other,normalized,gain_minus6,5.960464477539063e-08
fxencoderpp,history_001_other,Georgia Wonder - Siren,other,normalized,gain_plus6,0.0
fxencoderpp,history_001_other,Georgia Wonder - Siren,other,normalized,eq_minus6,0.0008446574211120605
fxencoderpp,history_001_other,Georgia Wonder - Siren,other,normalized,eq_plus6,0.0011211633682250977
fxencoderpp,history_001_other,Georgia Wonder - Siren,other,normalized,comp_ratio2,0.007926106452941895
fxencoderpp,history_001_other,Georgia Wonder - Siren,other,normalized,comp_ratio4,0.24325799942016602
fxencoderpp,history_002_bass,We Fell From The Sky - Not You,bass,input,identity,0.0
fxencoderpp,history_002_bass,We Fell From The Sky - Not You,bass,input,gain_minus6,0.017215847969055176
fxencoderpp,history_002_bass,We Fell From The Sky - Not You,bass,input,gain_plus6,0.013437390327453613
fxencoderpp,history_002_bass,We Fell From The Sky - Not You,bass,input,eq_minus6,0.003843545913696289
fxencoderpp,history_002_bass,We Fell From The Sky - Not You,bass,input,eq_plus6,0.0066141486167907715
fxencoderpp,history_002_bass,We Fell From The Sky - Not You,bass,input,comp_ratio2,0.00995171070098877
fxencoderpp,history_002_bass,We Fell From The Sky - Not You,bass,input,comp_ratio4,0.019226670265197754
fxencoderpp,history_002_bass,We Fell From The Sky - Not You,bass,normalized,identity,-1.1920928955078125e-07
fxencoderpp,history_002_bass,We Fell From The Sky - Not You,bass,normalized,gain_minus6,1.9073486328125e-06
fxencoderpp,history_002_bass,We Fell From The Sky - Not You,bass,normalized,gain_plus6,1.430511474609375e-06
fxencoderpp,history_002_bass,We Fell From The Sky - Not You,bass,normalized,eq_minus6,0.002482116222381592
fxencoderpp,history_002_bass,We Fell From The Sky - Not You,bass,normalized,eq_plus6,0.00020313262939453125
fxencoderpp,history_002_bass,We Fell From The Sky - Not You,bass,normalized,comp_ratio2,0.1502341628074646
fxencoderpp,history_002_bass,We Fell From The Sky - Not You,bass,normalized,comp_ratio4,0.15041375160217285
fxencoderpp,history_002_drums,PR - Oh No,drums,input,identity,0.0
fxencoderpp,history_002_drums,PR - Oh No,drums,input,gain_minus6,0.022200047969818115
fxencoderpp,history_002_drums,PR - Oh No,drums,input,gain_plus6,0.04912853240966797
fxencoderpp,history_002_drums,PR - Oh No,drums,input,eq_minus6,0.01613748073577881
fxencoderpp,history_002_drums,PR - Oh No,drums,input,eq_plus6,0.0253981351852417
fxencoderpp,history_002_drums,PR - Oh No,drums,input,comp_ratio2,0.009468376636505127
fxencoderpp,history_002_drums,PR - Oh No,drums,input,comp_ratio4,0.020102500915527344
fxencoderpp,history_002_drums,PR - Oh No,drums,normalized,identity,-1.1920928955078125e-07
fxencoderpp,history_002_drums,PR - Oh No,drums,normalized,gain_minus6,1.7881393432617188e-07
fxencoderpp,history_002_drums,PR - Oh No,drums,normalized,gain_plus6,1.7881393432617188e-07
fxencoderpp,history_002_drums,PR - Oh No,drums,normalized,eq_minus6,1.5139579772949219e-05
fxencoderpp,history_002_drums,PR - Oh No,drums,normalized,eq_plus6,2.276897430419922e-05
fxencoderpp,history_002_drums,PR - Oh No,drums,normalized,comp_ratio2,0.006902098655700684
fxencoderpp,history_002_drums,PR - Oh No,drums,normalized,comp_ratio4,0.011469006538391113
fxencoderpp,history_002_vocals,Sambasevam Shanmugam - Kaathaadi,vocals,input,identity,-1.1920928955078125e-07
fxencoderpp,history_002_vocals,Sambasevam Shanmugam - Kaathaadi,vocals,input,gain_minus6,0.02035146951675415
fxencoderpp,history_002_vocals,Sambasevam Shanmugam - Kaathaadi,vocals,input,gain_plus6,0.02452373504638672
fxencoderpp,history_002_vocals,Sambasevam Shanmugam - Kaathaadi,vocals,input,eq_minus6,0.011287093162536621
fxencoderpp,history_002_vocals,Sambasevam Shanmugam - Kaathaadi,vocals,input,eq_plus6,0.015178501605987549
fxencoderpp,history_002_vocals,Sambasevam Shanmugam - Kaathaadi,vocals,input,comp_ratio2,0.01211923360824585
fxencoderpp,history_002_vocals,Sambasevam Shanmugam - Kaathaadi,vocals,input,comp_ratio4,0.032270073890686035
fxencoderpp,history_002_vocals,Sambasevam Shanmugam - Kaathaadi,vocals,normalized,identity,-1.1920928955078125e-07
fxencoderpp,history_002_vocals,Sambasevam Shanmugam - Kaathaadi,vocals,normalized,gain_minus6,1.7881393432617188e-07
fxencoderpp,history_002_vocals,Sambasevam Shanmugam - Kaathaadi,vocals,normalized,gain_plus6,0.0
fxencoderpp,history_002_vocals,Sambasevam Shanmugam - Kaathaadi,vocals,normalized,eq_minus6,0.21661841869354248
fxencoderpp,history_002_vocals,Sambasevam Shanmugam - Kaathaadi,vocals,normalized,eq_plus6,6.198883056640625e-05
fxencoderpp,history_002_vocals,Sambasevam Shanmugam - Kaathaadi,vocals,normalized,comp_ratio2,0.00853729248046875
fxencoderpp,history_002_vocals,Sambasevam Shanmugam - Kaathaadi,vocals,normalized,comp_ratio4,0.0157393217086792
fxencoderpp,history_002_other,Enda Reilly - Cur An Long Ag Seol,other,input,identity,0.0
fxencoderpp,history_002_other,Enda Reilly - Cur An Long Ag Seol,other,input,gain_minus6,0.030972957611083984
fxencoderpp,history_002_other,Enda Reilly - Cur An Long Ag Seol,other,input,gain_plus6,0.05952286720275879
fxencoderpp,history_002_other,Enda Reilly - Cur An Long Ag Seol,other,input,eq_minus6,0.02076476812362671
fxencoderpp,history_002_other,Enda Reilly - Cur An Long Ag Seol,other,input,eq_plus6,0.040328025817871094
fxencoderpp,history_002_other,Enda Reilly - Cur An Long Ag Seol,other,input,comp_ratio2,0.043288588523864746
fxencoderpp,history_002_other,Enda Reilly - Cur An Long Ag Seol,other,input,comp_ratio4,0.07558393478393555
fxencoderpp,history_002_other,Enda Reilly - Cur An Long Ag Seol,other,normalized,identity,5.960464477539063e-08
fxencoderpp,history_002_other,Enda Reilly - Cur An Long Ag Seol,other,normalized,gain_minus6,3.5762786865234375e-07
fxencoderpp,history_002_other,Enda Reilly - Cur An Long Ag Seol,other,normalized,gain_plus6,7.152557373046875e-07
fxencoderpp,history_002_other,Enda Reilly - Cur An Long Ag Seol,other,normalized,eq_minus6,0.0010867714881896973
fxencoderpp,history_002_other,Enda Reilly - Cur An Long Ag Seol,other,normalized,eq_plus6,0.0007947683334350586
fxencoderpp,history_002_other,Enda Reilly - Cur An Long Ag Seol,other,normalized,comp_ratio2,0.06577521562576294
fxencoderpp,history_002_other,Enda Reilly - Cur An Long Ag Seol,other,normalized,comp_ratio4,0.3258330225944519
fxencoderpp,history_003_bass,Girls Under Glass - We Feel Alright,bass,input,identity,0.0
fxencoderpp,history_003_bass,Girls Under Glass - We Feel Alright,bass,input,gain_minus6,0.027559876441955566
fxencoderpp,history_003_bass,Girls Under Glass - We Feel Alright,bass,input,gain_plus6,0.03396153450012207
fxencoderpp,history_003_bass,Girls Under Glass - We Feel Alright,bass,input,eq_minus6,0.013606727123260498
fxencoderpp,history_003_bass,Girls Under Glass - We Feel Alright,bass,input,eq_plus6,0.01704239845275879
fxencoderpp,history_003_bass,Girls Under Glass - We Feel Alright,bass,input,comp_ratio2,0.01244211196899414
fxencoderpp,history_003_bass,Girls Under Glass - We Feel Alright,bass,input,comp_ratio4,0.024321138858795166
fxencoderpp,history_003_bass,Girls Under Glass - We Feel Alright,bass,normalized,identity,0.0
fxencoderpp,history_003_bass,Girls Under Glass - We Feel Alright,bass,normalized,gain_minus6,5.960464477539062e-07
fxencoderpp,history_003_bass,Girls Under Glass - We Feel Alright,bass,normalized,gain_plus6,5.960464477539062e-07
fxencoderpp,history_003_bass,Girls Under Glass - We Feel Alright,bass,normalized,eq_minus6,3.707408905029297e-05
fxencoderpp,history_003_bass,Girls Under Glass - We Feel Alright,bass,normalized,eq_plus6,8.410215377807617e-05
fxencoderpp,history_003_bass,Girls Under Glass - We Feel Alright,bass,normalized,comp_ratio2,0.16798192262649536
fxencoderpp,history_003_bass,Girls Under Glass - We Feel Alright,bass,normalized,comp_ratio4,0.16435027122497559
fxencoderpp,history_003_drums,Signe Jakobsen - What Have You Done To Me,drums,input,identity,0.0
fxencoderpp,history_003_drums,Signe Jakobsen - What Have You Done To Me,drums,input,gain_minus6,0.021356165409088135
fxencoderpp,history_003_drums,Signe Jakobsen - What Have You Done To Me,drums,input,gain_plus6,0.023445188999176025
fxencoderpp,history_003_drums,Signe Jakobsen - What Have You Done To Me,drums,input,eq_minus6,0.004016578197479248
fxencoderpp,history_003_drums,Signe Jakobsen - What Have You Done To Me,drums,input,eq_plus6,0.008866310119628906
fxencoderpp,history_003_drums,Signe Jakobsen - What Have You Done To Me,drums,input,comp_ratio2,0.01585596799850464
fxencoderpp,history_003_drums,Signe Jakobsen - What Have You Done To Me,drums,input,comp_ratio4,0.04127413034439087
fxencoderpp,history_003_drums,Signe Jakobsen - What Have You Done To Me,drums,normalized,identity,-1.1920928955078125e-07
fxencoderpp,history_003_drums,Signe Jakobsen - What Have You Done To Me,drums,normalized,gain_minus6,2.384185791015625e-07
fxencoderpp,history_003_drums,Signe Jakobsen - What Have You Done To Me,drums,normalized,gain_plus6,-1.1920928955078125e-07
fxencoderpp,history_003_drums,Signe Jakobsen - What Have You Done To Me,drums,normalized,eq_minus6,1.043081283569336e-05
fxencoderpp,history_003_drums,Signe Jakobsen - What Have You Done To Me,drums,normalized,eq_plus6,1.7702579498291016e-05
fxencoderpp,history_003_drums,Signe Jakobsen - What Have You Done To Me,drums,normalized,comp_ratio2,0.03605276346206665
fxencoderpp,history_003_drums,Signe Jakobsen - What Have You Done To Me,drums,normalized,comp_ratio4,0.05206882953643799
fxencoderpp,history_003_vocals,Nerve 9 - Pray For The Rain,vocals,input,identity,-1.1920928955078125e-07
fxencoderpp,history_003_vocals,Nerve 9 - Pray For The Rain,vocals,input,gain_minus6,0.013857126235961914
fxencoderpp,history_003_vocals,Nerve 9 - Pray For The Rain,vocals,input,gain_plus6,0.018495619297027588
fxencoderpp,history_003_vocals,Nerve 9 - Pray For The Rain,vocals,input,eq_minus6,0.007199406623840332
fxencoderpp,history_003_vocals,Nerve 9 - Pray For The Rain,vocals,input,eq_plus6,0.010177850723266602
fxencoderpp,history_003_vocals,Nerve 9 - Pray For The Rain,vocals,input,comp_ratio2,0.0019739866256713867
fxencoderpp,history_003_vocals,Nerve 9 - Pray For The Rain,vocals,input,comp_ratio4,0.004547536373138428
fxencoderpp,history_003_vocals,Nerve 9 - Pray For The Rain,vocals,normalized,identity,-1.1920928955078125e-07
fxencoderpp,history_003_vocals,Nerve 9 - Pray For The Rain,vocals,normalized,gain_minus6,0.0
fxencoderpp,history_003_vocals,Nerve 9 - Pray For The Rain,vocals,normalized,gain_plus6,5.960464477539063e-08
fxencoderpp,history_003_vocals,Nerve 9 - Pray For The Rain,vocals,normalized,eq_minus6,3.2901763916015625e-05
fxencoderpp,history_003_vocals,Nerve 9 - Pray For The Rain,vocals,normalized,eq_plus6,0.0014806389808654785
fxencoderpp,history_003_vocals,Nerve 9 - Pray For The Rain,vocals,normalized,comp_ratio2,0.00830000638961792
fxencoderpp,history_003_vocals,Nerve 9 - Pray For The Rain,vocals,normalized,comp_ratio4,0.19425106048583984
fxencoderpp,history_003_other,Secretariat - Borderline,other,input,identity,-1.1920928955078125e-07
fxencoderpp,history_003_other,Secretariat - Borderline,other,input,gain_minus6,0.02065664529800415
fxencoderpp,history_003_other,Secretariat - Borderline,other,input,gain_plus6,0.03255283832550049
fxencoderpp,history_003_other,Secretariat - Borderline,other,input,eq_minus6,0.015091001987457275
fxencoderpp,history_003_other,Secretariat - Borderline,other,input,eq_plus6,0.026996135711669922
fxencoderpp,history_003_other,Secretariat - Borderline,other,input,comp_ratio2,0.03843587636947632
fxencoderpp,history_003_other,Secretariat - Borderline,other,input,comp_ratio4,0.06564915180206299
fxencoderpp,history_003_other,Secretariat - Borderline,other,normalized,identity,0.0
fxencoderpp,history_003_other,Secretariat - Borderline,other,normalized,gain_minus6,0.0
fxencoderpp,history_003_other,Secretariat - Borderline,other,normalized,gain_plus6,5.960464477539063e-08
fxencoderpp,history_003_other,Secretariat - Borderline,other,normalized,eq_minus6,0.0002498030662536621
fxencoderpp,history_003_other,Secretariat - Borderline,other,normalized,eq_plus6,0.000829160213470459
fxencoderpp,history_003_other,Secretariat - Borderline,other,normalized,comp_ratio2,0.2539099454879761
fxencoderpp,history_003_other,Secretariat - Borderline,other,normalized,comp_ratio4,0.2603658437728882
fxencoderpp,history_004_bass,Zeno - Signs,bass,input,identity,0.0
fxencoderpp,history_004_bass,Zeno - Signs,bass,input,gain_minus6,0.014072537422180176
fxencoderpp,history_004_bass,Zeno - Signs,bass,input,gain_plus6,0.02441805601119995
fxencoderpp,history_004_bass,Zeno - Signs,bass,input,eq_minus6,0.0073920488357543945
fxencoderpp,history_004_bass,Zeno - Signs,bass,input,eq_plus6,0.012725234031677246
fxencoderpp,history_004_bass,Zeno - Signs,bass,input,comp_ratio2,0.00828099250793457
fxencoderpp,history_004_bass,Zeno - Signs,bass,input,comp_ratio4,0.01981985569000244
fxencoderpp,history_004_bass,Zeno - Signs,bass,normalized,identity,-1.1920928955078125e-07
fxencoderpp,history_004_bass,Zeno - Signs,bass,normalized,gain_minus6,9.5367431640625e-07
fxencoderpp,history_004_bass,Zeno - Signs,bass,normalized,gain_plus6,1.2516975402832031e-06
fxencoderpp,history_004_bass,Zeno - Signs,bass,normalized,eq_minus6,7.331371307373047e-05
fxencoderpp,history_004_bass,Zeno - Signs,bass,normalized,eq_plus6,8.720159530639648e-05
fxencoderpp,history_004_bass,Zeno - Signs,bass,normalized,comp_ratio2,0.10915756225585938
fxencoderpp,history_004_bass,Zeno - Signs,bass,normalized,comp_ratio4,0.10732513666152954
fxencoderpp,history_004_drums,BKS - Bulldozer,drums,input,identity,0.0
fxencoderpp,history_004_drums,BKS - Bulldozer,drums,input,gain_minus6,0.018610000610351562
fxencoderpp,history_004_drums,BKS - Bulldozer,drums,input,gain_plus6,0.03752011060714722
fxencoderpp,history_004_drums,BKS - Bulldozer,drums,input,eq_minus6,0.01040583848953247
fxencoderpp,history_004_drums,BKS - Bulldozer,drums,input,eq_plus6,0.026778697967529297
fxencoderpp,history_004_drums,BKS - Bulldozer,drums,input,comp_ratio2,0.04117792844772339
fxencoderpp,history_004_drums,BKS - Bulldozer,drums,input,comp_ratio4,0.07012546062469482
fxencoderpp,history_004_drums,BKS - Bulldozer,drums,normalized,identity,0.0
fxencoderpp,history_004_drums,BKS - Bulldozer,drums,normalized,gain_minus6,1.7881393432617188e-07
fxencoderpp,history_004_drums,BKS - Bulldozer,drums,normalized,gain_plus6,2.384185791015625e-07
fxencoderpp,history_004_drums,BKS - Bulldozer,drums,normalized,eq_minus6,4.8279762268066406e-05
fxencoderpp,history_004_drums,BKS - Bulldozer,drums,normalized,eq_plus6,0.0001666545867919922
fxencoderpp,history_004_drums,BKS - Bulldozer,drums,normalized,comp_ratio2,0.02048039436340332
fxencoderpp,history_004_drums,BKS - Bulldozer,drums,normalized,comp_ratio4,0.03200310468673706
fxencoderpp,history_004_vocals,Secretariat - Borderline,vocals,input,identity,0.0
fxencoderpp,history_004_vocals,Secretariat - Borderline,vocals,input,gain_minus6,0.017031073570251465
fxencoderpp,history_004_vocals,Secretariat - Borderline,vocals,input,gain_plus6,0.02821505069732666
fxencoderpp,history_004_vocals,Secretariat - Borderline,vocals,input,eq_minus6,0.005684316158294678
fxencoderpp,history_004_vocals,Secretariat - Borderline,vocals,input,eq_plus6,0.007534146308898926
fxencoderpp,history_004_vocals,Secretariat - Borderline,vocals,input,comp_ratio2,0.019036412239074707
fxencoderpp,history_004_vocals,Secretariat - Borderline,vocals,input,comp_ratio4,0.0458793044090271
fxencoderpp,history_004_vocals,Secretariat - Borderline,vocals,normalized,identity,0.0
fxencoderpp,history_004_vocals,Secretariat - Borderline,vocals,normalized,gain_minus6,2.980232238769531e-07
fxencoderpp,history_004_vocals,Secretariat - Borderline,vocals,normalized,gain_plus6,1.1920928955078125e-07
fxencoderpp,history_004_vocals,Secretariat - Borderline,vocals,normalized,eq_minus6,2.205371856689453e-05
fxencoderpp,history_004_vocals,Secretariat - Borderline,vocals,normalized,eq_plus6,0.001874387264251709
fxencoderpp,history_004_vocals,Secretariat - Borderline,vocals,normalized,comp_ratio2,0.0025893449783325195
fxencoderpp,history_004_vocals,Secretariat - Borderline,vocals,normalized,comp_ratio4,0.007605850696563721
fxencoderpp,history_004_other,Triviul feat. The Fiend - Widow,other,input,identity,-1.1920928955078125e-07
fxencoderpp,history_004_other,Triviul feat. The Fiend - Widow,other,input,gain_minus6,0.011407315731048584
fxencoderpp,history_004_other,Triviul feat. The Fiend - Widow,other,input,gain_plus6,0.01730203628540039
fxencoderpp,history_004_other,Triviul feat. The Fiend - Widow,other,input,eq_minus6,0.01793515682220459
fxencoderpp,history_004_other,Triviul feat. The Fiend - Widow,other,input,eq_plus6,0.018046438694000244
fxencoderpp,history_004_other,Triviul feat. The Fiend - Widow,other,input,comp_ratio2,0.013243675231933594
fxencoderpp,history_004_other,Triviul feat. The Fiend - Widow,other,input,comp_ratio4,0.028140723705291748
fxencoderpp,history_004_other,Triviul feat. The Fiend - Widow,other,normalized,identity,-1.1920928955078125e-07
fxencoderpp,history_004_other,Triviul feat. The Fiend - Widow,other,normalized,gain_minus6,5.960464477539062e-07
fxencoderpp,history_004_other,Triviul feat. The Fiend - Widow,other,normalized,gain_plus6,2.980232238769531e-07
fxencoderpp,history_004_other,Triviul feat. The Fiend - Widow,other,normalized,eq_minus6,0.0005772113800048828
fxencoderpp,history_004_other,Triviul feat. The Fiend - Widow,other,normalized,eq_plus6,0.00031638145446777344
fxencoderpp,history_004_other,Triviul feat. The Fiend - Widow,other,normalized,comp_ratio2,0.02715378999710083
fxencoderpp,history_004_other,Triviul feat. The Fiend - Widow,other,normalized,comp_ratio4,0.022136807441711426
fxencoderpp,history_005_bass,Buitraker - Revo X,bass,input,identity,0.0
fxencoderpp,history_005_bass,Buitraker - Revo X,bass,input,gain_minus6,0.02318042516708374
fxencoderpp,history_005_bass,Buitraker - Revo X,bass,input,gain_plus6,0.021585464477539062
fxencoderpp,history_005_bass,Buitraker - Revo X,bass,input,eq_minus6,0.010165035724639893
fxencoderpp,history_005_bass,Buitraker - Revo X,bass,input,eq_plus6,0.016910254955291748
fxencoderpp,history_005_bass,Buitraker - Revo X,bass,input,comp_ratio2,0.007812917232513428
fxencoderpp,history_005_bass,Buitraker - Revo X,bass,input,comp_ratio4,0.01892942190170288
fxencoderpp,history_005_bass,Buitraker - Revo X,bass,normalized,identity,-1.1920928955078125e-07
fxencoderpp,history_005_bass,Buitraker - Revo X,bass,normalized,gain_minus6,1.430511474609375e-06
fxencoderpp,history_005_bass,Buitraker - Revo X,bass,normalized,gain_plus6,4.0531158447265625e-06
fxencoderpp,history_005_bass,Buitraker - Revo X,bass,normalized,eq_minus6,0.14889758825302124
fxencoderpp,history_005_bass,Buitraker - Revo X,bass,normalized,eq_plus6,0.0003905296325683594
fxencoderpp,history_005_bass,Buitraker - Revo X,bass,normalized,comp_ratio2,0.001694023609161377
fxencoderpp,history_005_bass,Buitraker - Revo X,bass,normalized,comp_ratio4,0.0025229454040527344
fxencoderpp,history_005_drums,Lyndsey Ollard - Catching Up,drums,input,identity,0.0
fxencoderpp,history_005_drums,Lyndsey Ollard - Catching Up,drums,input,gain_minus6,0.02521747350692749
fxencoderpp,history_005_drums,Lyndsey Ollard - Catching Up,drums,input,gain_plus6,0.01972144842147827
fxencoderpp,history_005_drums,Lyndsey Ollard - Catching Up,drums,input,eq_minus6,0.005104541778564453
fxencoderpp,history_005_drums,Lyndsey Ollard - Catching Up,drums,input,eq_plus6,0.009134471416473389
fxencoderpp,history_005_drums,Lyndsey Ollard - Catching Up,drums,input,comp_ratio2,0.02085566520690918
fxencoderpp,history_005_drums,Lyndsey Ollard - Catching Up,drums,input,comp_ratio4,0.04103630781173706
fxencoderpp,history_005_drums,Lyndsey Ollard - Catching Up,drums,normalized,identity,0.0
fxencoderpp,history_005_drums,Lyndsey Ollard - Catching Up,drums,normalized,gain_minus6,2.980232238769531e-07
fxencoderpp,history_005_drums,Lyndsey Ollard - Catching Up,drums,normalized,gain_plus6,5.364418029785156e-07
fxencoderpp,history_005_drums,Lyndsey Ollard - Catching Up,drums,normalized,eq_minus6,0.0009521245956420898
fxencoderpp,history_005_drums,Lyndsey Ollard - Catching Up,drums,normalized,eq_plus6,0.0008450746536254883
fxencoderpp,history_005_drums,Lyndsey Ollard - Catching Up,drums,normalized,comp_ratio2,0.010389745235443115
fxencoderpp,history_005_drums,Lyndsey Ollard - Catching Up,drums,normalized,comp_ratio4,0.03227972984313965
fxencoderpp,history_005_vocals,Zeno - Signs,vocals,input,identity,-1.1920928955078125e-07
fxencoderpp,history_005_vocals,Zeno - Signs,vocals,input,gain_minus6,0.012430250644683838
fxencoderpp,history_005_vocals,Zeno - Signs,vocals,input,gain_plus6,0.02429109811782837
fxencoderpp,history_005_vocals,Zeno - Signs,vocals,input,eq_minus6,0.013736844062805176
fxencoderpp,history_005_vocals,Zeno - Signs,vocals,input,eq_plus6,0.016608059406280518
fxencoderpp,history_005_vocals,Zeno - Signs,vocals,input,comp_ratio2,0.017471611499786377
fxencoderpp,history_005_vocals,Zeno - Signs,vocals,input,comp_ratio4,0.03662914037704468
fxencoderpp,history_005_vocals,Zeno - Signs,vocals,normalized,identity,-1.1920928955078125e-07
fxencoderpp,history_005_vocals,Zeno - Signs,vocals,normalized,gain_minus6,0.0
fxencoderpp,history_005_vocals,Zeno - Signs,vocals,normalized,gain_plus6,0.0
fxencoderpp,history_005_vocals,Zeno - Signs,vocals,normalized,eq_minus6,4.082918167114258e-05
fxencoderpp,history_005_vocals,Zeno - Signs,vocals,normalized,eq_plus6,4.5359134674072266e-05
fxencoderpp,history_005_vocals,Zeno - Signs,vocals,normalized,comp_ratio2,0.0026419758796691895
fxencoderpp,history_005_vocals,Zeno - Signs,vocals,normalized,comp_ratio4,0.004773497581481934
fxencoderpp,history_005_other,Sambasevam Shanmugam - Kaathaadi,other,input,identity,-1.1920928955078125e-07
fxencoderpp,history_005_other,Sambasevam Shanmugam - Kaathaadi,other,input,gain_minus6,0.014122188091278076
fxencoderpp,history_005_other,Sambasevam Shanmugam - Kaathaadi,other,input,gain_plus6,0.02505439519882202
fxencoderpp,history_005_other,Sambasevam Shanmugam - Kaathaadi,other,input,eq_minus6,0.006699562072753906
fxencoderpp,history_005_other,Sambasevam Shanmugam - Kaathaadi,other,input,eq_plus6,0.010924279689788818
fxencoderpp,history_005_other,Sambasevam Shanmugam - Kaathaadi,other,input,comp_ratio2,0.008129119873046875
fxencoderpp,history_005_other,Sambasevam Shanmugam - Kaathaadi,other,input,comp_ratio4,0.01716315746307373
fxencoderpp,history_005_other,Sambasevam Shanmugam - Kaathaadi,other,normalized,identity,-1.1920928955078125e-07
fxencoderpp,history_005_other,Sambasevam Shanmugam - Kaathaadi,other,normalized,gain_minus6,1.0728836059570312e-06
fxencoderpp,history_005_other,Sambasevam Shanmugam - Kaathaadi,other,normalized,gain_plus6,1.1324882507324219e-06
fxencoderpp,history_005_other,Sambasevam Shanmugam - Kaathaadi,other,normalized,eq_minus6,8.243322372436523e-05
fxencoderpp,history_005_other,Sambasevam Shanmugam - Kaathaadi,other,normalized,eq_plus6,0.00010067224502563477
fxencoderpp,history_005_other,Sambasevam Shanmugam - Kaathaadi,other,normalized,comp_ratio2,0.0021582841873168945
fxencoderpp,history_005_other,Sambasevam Shanmugam - Kaathaadi,other,normalized,comp_ratio4,0.010318517684936523
fxencoderpp,history_006_bass,Carlos Gonzalez - A Place For Us,bass,input,identity,5.960464477539063e-08
fxencoderpp,history_006_bass,Carlos Gonzalez - A Place For Us,bass,input,gain_minus6,0.008607268333435059
fxencoderpp,history_006_bass,Carlos Gonzalez - A Place For Us,bass,input,gain_plus6,0.01860940456390381
fxencoderpp,history_006_bass,Carlos Gonzalez - A Place For Us,bass,input,eq_minus6,0.00621485710144043
fxencoderpp,history_006_bass,Carlos Gonzalez - A Place For Us,bass,input,eq_plus6,0.010723233222961426
fxencoderpp,history_006_bass,Carlos Gonzalez - A Place For Us,bass,input,comp_ratio2,0.0033588409423828125
fxencoderpp,history_006_bass,Carlos Gonzalez - A Place For Us,bass,input,comp_ratio4,0.0067806243896484375
fxencoderpp,history_006_bass,Carlos Gonzalez - A Place For Us,bass,normalized,identity,5.960464477539063e-08
fxencoderpp,history_006_bass,Carlos Gonzalez - A Place For Us,bass,normalized,gain_minus6,3.814697265625e-06
fxencoderpp,history_006_bass,Carlos Gonzalez - A Place For Us,bass,normalized,gain_plus6,3.6954879760742188e-06
fxencoderpp,history_006_bass,Carlos Gonzalez - A Place For Us,bass,normalized,eq_minus6,0.00019991397857666016
fxencoderpp,history_006_bass,Carlos Gonzalez - A Place For Us,bass,normalized,eq_plus6,0.00014728307723999023
fxencoderpp,history_006_bass,Carlos Gonzalez - A Place For Us,bass,normalized,comp_ratio2,0.008147835731506348
fxencoderpp,history_006_bass,Carlos Gonzalez - A Place For Us,bass,normalized,comp_ratio4,0.013195991516113281
fxencoderpp,history_006_drums,Raft Monk - Tiring,drums,input,identity,-1.1920928955078125e-07
fxencoderpp,history_006_drums,Raft Monk - Tiring,drums,input,gain_minus6,0.01669973134994507
fxencoderpp,history_006_drums,Raft Monk - Tiring,drums,input,gain_plus6,0.02564173936843872
fxencoderpp,history_006_drums,Raft Monk - Tiring,drums,input,eq_minus6,0.006583273410797119
fxencoderpp,history_006_drums,Raft Monk - Tiring,drums,input,eq_plus6,0.0163496732711792
fxencoderpp,history_006_drums,Raft Monk - Tiring,drums,input,comp_ratio2,0.03782135248184204
fxencoderpp,history_006_drums,Raft Monk - Tiring,drums,input,comp_ratio4,0.07726609706878662
fxencoderpp,history_006_drums,Raft Monk - Tiring,drums,normalized,identity,-1.1920928955078125e-07
fxencoderpp,history_006_drums,Raft Monk - Tiring,drums,normalized,gain_minus6,-1.1920928955078125e-07
fxencoderpp,history_006_drums,Raft Monk - Tiring,drums,normalized,gain_plus6,0.0
fxencoderpp,history_006_drums,Raft Monk - Tiring,drums,normalized,eq_minus6,1.6987323760986328e-05
fxencoderpp,history_006_drums,Raft Monk - Tiring,drums,normalized,eq_plus6,0.0007421374320983887
fxencoderpp,history_006_drums,Raft Monk - Tiring,drums,normalized,comp_ratio2,0.2537893056869507
fxencoderpp,history_006_drums,Raft Monk - Tiring,drums,normalized,comp_ratio4,0.25367796421051025
fxencoderpp,history_006_vocals,Skelpolu - Resurrection,vocals,input,identity,5.960464477539063e-08
fxencoderpp,history_006_vocals,Skelpolu - Resurrection,vocals,input,gain_minus6,0.028520584106445312
fxencoderpp,history_006_vocals,Skelpolu - Resurrection,vocals,input,gain_plus6,0.034336209297180176
fxencoderpp,history_006_vocals,Skelpolu - Resurrection,vocals,input,eq_minus6,0.009444057941436768
fxencoderpp,history_006_vocals,Skelpolu - Resurrection,vocals,input,eq_plus6,0.017326951026916504
fxencoderpp,history_006_vocals,Skelpolu - Resurrection,vocals,input,comp_ratio2,0.018858790397644043
fxencoderpp,history_006_vocals,Skelpolu - Resurrection,vocals,input,comp_ratio4,0.04406315088272095
fxencoderpp,history_006_vocals,Skelpolu - Resurrection,vocals,normalized,identity,0.0
fxencoderpp,history_006_vocals,Skelpolu - Resurrection,vocals,normalized,gain_minus6,0.0
fxencoderpp,history_006_vocals,Skelpolu - Resurrection,vocals,normalized,gain_plus6,5.960464477539063e-08
fxencoderpp,history_006_vocals,Skelpolu - Resurrection,vocals,normalized,eq_minus6,0.001272737979888916
fxencoderpp,history_006_vocals,Skelpolu - Resurrection,vocals,normalized,eq_plus6,0.0010401606559753418
fxencoderpp,history_006_vocals,Skelpolu - Resurrection,vocals,normalized,comp_ratio2,0.004379451274871826
fxencoderpp,history_006_vocals,Skelpolu - Resurrection,vocals,normalized,comp_ratio4,0.004885971546173096
fxencoderpp,history_006_other,The Easton Ellises (Baumi) - SDRNR,other,input,identity,-1.1920928955078125e-07
fxencoderpp,history_006_other,The Easton Ellises (Baumi) - SDRNR,other,input,gain_minus6,0.0734485387802124
fxencoderpp,history_006_other,The Easton Ellises (Baumi) - SDRNR,other,input,gain_plus6,0.1154329776763916
fxencoderpp,history_006_other,The Easton Ellises (Baumi) - SDRNR,other,input,eq_minus6,0.06163746118545532
fxencoderpp,history_006_other,The Easton Ellises (Baumi) - SDRNR,other,input,eq_plus6,0.0796809196472168
fxencoderpp,history_006_other,The Easton Ellises (Baumi) - SDRNR,other,input,comp_ratio2,0.05600631237030029
fxencoderpp,history_006_other,The Easton Ellises (Baumi) - SDRNR,other,input,comp_ratio4,0.10153323411941528
fxencoderpp,history_006_other,The Easton Ellises (Baumi) - SDRNR,other,normalized,identity,-1.1920928955078125e-07
fxencoderpp,history_006_other,The Easton Ellises (Baumi) - SDRNR,other,normalized,gain_minus6,5.364418029785156e-07
fxencoderpp,history_006_other,The Easton Ellises (Baumi) - SDRNR,other,normalized,gain_plus6,6.556510925292969e-07
fxencoderpp,history_006_other,The Easton Ellises (Baumi) - SDRNR,other,normalized,eq_minus6,2.664327621459961e-05
fxencoderpp,history_006_other,The Easton Ellises (Baumi) - SDRNR,other,normalized,eq_plus6,1.728534698486328e-05
fxencoderpp,history_006_other,The Easton Ellises (Baumi) - SDRNR,other,normalized,comp_ratio2,0.0028490424156188965
fxencoderpp,history_006_other,The Easton Ellises (Baumi) - SDRNR,other,normalized,comp_ratio4,0.005416929721832275
fxencoderpp,history_007_bass,The Long Wait - Dark Horses,bass,input,identity,0.0
fxencoderpp,history_007_bass,The Long Wait - Dark Horses,bass,input,gain_minus6,0.013964354991912842
fxencoderpp,history_007_bass,The Long Wait - Dark Horses,bass,input,gain_plus6,0.019396305084228516
fxencoderpp,history_007_bass,The Long Wait - Dark Horses,bass,input,eq_minus6,0.007321834564208984
fxencoderpp,history_007_bass,The Long Wait - Dark Horses,bass,input,eq_plus6,0.011075377464294434
fxencoderpp,history_007_bass,The Long Wait - Dark Horses,bass,input,comp_ratio2,0.028319597244262695
fxencoderpp,history_007_bass,The Long Wait - Dark Horses,bass,input,comp_ratio4,0.06190896034240723
fxencoderpp,history_007_bass,The Long Wait - Dark Horses,bass,normalized,identity,-2.384185791015625e-07
fxencoderpp,history_007_bass,The Long Wait - Dark Horses,bass,normalized,gain_minus6,8.344650268554688e-07
fxencoderpp,history_007_bass,The Long Wait - Dark Horses,bass,normalized,gain_plus6,8.344650268554688e-07
fxencoderpp,history_007_bass,The Long Wait - Dark Horses,bass,normalized,eq_minus6,0.00034749507904052734
fxencoderpp,history_007_bass,The Long Wait - Dark Horses,bass,normalized,eq_plus6,0.0002573728561401367
fxencoderpp,history_007_bass,The Long Wait - Dark Horses,bass,normalized,comp_ratio2,0.17545020580291748
fxencoderpp,history_007_bass,The Long Wait - Dark Horses,bass,normalized,comp_ratio4,0.18082821369171143
fxencoderpp,history_007_drums,PR - Happy Daze,drums,input,identity,-1.1920928955078125e-07
fxencoderpp,history_007_drums,PR - Happy Daze,drums,input,gain_minus6,0.028313040733337402
fxencoderpp,history_007_drums,PR - Happy Daze,drums,input,gain_plus6,0.07011866569519043
fxencoderpp,history_007_drums,PR - Happy Daze,drums,input,eq_minus6,0.011556625366210938
fxencoderpp,history_007_drums,PR - Happy Daze,drums,input,eq_plus6,0.021056413650512695
fxencoderpp,history_007_drums,PR - Happy Daze,drums,input,comp_ratio2,0.010282039642333984
fxencoderpp,history_007_drums,PR - Happy Daze,drums,input,comp_ratio4,0.021433115005493164
fxencoderpp,history_007_drums,PR - Happy Daze,drums,normalized,identity,0.0
fxencoderpp,history_007_drums,PR - Happy Daze,drums,normalized,gain_minus6,1.1920928955078125e-07
fxencoderpp,history_007_drums,PR - Happy Daze,drums,normalized,gain_plus6,0.0
fxencoderpp,history_007_drums,PR - Happy Daze,drums,normalized,eq_minus6,0.0030428171157836914
fxencoderpp,history_007_drums,PR - Happy Daze,drums,normalized,eq_plus6,0.2658202052116394
fxencoderpp,history_007_drums,PR - Happy Daze,drums,normalized,comp_ratio2,0.001874685287475586
fxencoderpp,history_007_drums,PR - Happy Daze,drums,normalized,comp_ratio4,0.005026757717132568
fxencoderpp,history_007_vocals,Al James - Schoolboy Facination,vocals,input,identity,-1.1920928955078125e-07
fxencoderpp,history_007_vocals,Al James - Schoolboy Facination,vocals,input,gain_minus6,0.036054015159606934
fxencoderpp,history_007_vocals,Al James - Schoolboy Facination,vocals,input,gain_plus6,0.04649555683135986
fxencoderpp,history_007_vocals,Al James - Schoolboy Facination,vocals,input,eq_minus6,0.017551898956298828
fxencoderpp,history_007_vocals,Al James - Schoolboy Facination,vocals,input,eq_plus6,0.02315819263458252
fxencoderpp,history_007_vocals,Al James - Schoolboy Facination,vocals,input,comp_ratio2,0.038090288639068604
fxencoderpp,history_007_vocals,Al James - Schoolboy Facination,vocals,input,comp_ratio4,0.08394372463226318
fxencoderpp,history_007_vocals,Al James - Schoolboy Facination,vocals,normalized,identity,-2.384185791015625e-07
fxencoderpp,history_007_vocals,Al James - Schoolboy Facination,vocals,normalized,gain_minus6,1.1920928955078125e-07
fxencoderpp,history_007_vocals,Al James - Schoolboy Facination,vocals,normalized,gain_plus6,1.1920928955078125e-07
fxencoderpp,history_007_vocals,Al James - Schoolboy Facination,vocals,normalized,eq_minus6,0.21382355690002441
fxencoderpp,history_007_vocals,Al James - Schoolboy Facination,vocals,normalized,eq_plus6,0.0003975033760070801
fxencoderpp,history_007_vocals,Al James - Schoolboy Facination,vocals,normalized,comp_ratio2,0.005294144153594971
fxencoderpp,history_007_vocals,Al James - Schoolboy Facination,vocals,normalized,comp_ratio4,0.013804495334625244
fxencoderpp,history_007_other,Hollow Ground - Ill Fate,other,input,identity,-1.1920928955078125e-07
fxencoderpp,history_007_other,Hollow Ground - Ill Fate,other,input,gain_minus6,0.020373046398162842
fxencoderpp,history_007_other,Hollow Ground - Ill Fate,other,input,gain_plus6,0.023224711418151855
fxencoderpp,history_007_other,Hollow Ground - Ill Fate,other,input,eq_minus6,0.008762776851654053
fxencoderpp,history_007_other,Hollow Ground - Ill Fate,other,input,eq_plus6,0.023533344268798828
fxencoderpp,history_007_other,Hollow Ground - Ill Fate,other,input,comp_ratio2,0.018429338932037354
fxencoderpp,history_007_other,Hollow Ground - Ill Fate,other,input,comp_ratio4,0.03829002380371094
fxencoderpp,history_007_other,Hollow Ground - Ill Fate,other,normalized,identity,-1.1920928955078125e-07
fxencoderpp,history_007_other,Hollow Ground - Ill Fate,other,normalized,gain_minus6,2.384185791015625e-07
fxencoderpp,history_007_other,Hollow Ground - Ill Fate,other,normalized,gain_plus6,0.006021738052368164
fxencoderpp,history_007_other,Hollow Ground - Ill Fate,other,normalized,eq_minus6,0.0056847333908081055
fxencoderpp,history_007_other,Hollow Ground - Ill Fate,other,normalized,eq_plus6,0.00579226016998291
fxencoderpp,history_007_other,Hollow Ground - Ill Fate,other,normalized,comp_ratio2,0.23845189809799194
fxencoderpp,history_007_other,Hollow Ground - Ill Fate,other,normalized,comp_ratio4,0.23063933849334717
fxencoderpp,history_008_bass,Arise - Run Run Run,bass,input,identity,1.1920928955078125e-07
fxencoderpp,history_008_bass,Arise - Run Run Run,bass,input,gain_minus6,0.009932994842529297
fxencoderpp,history_008_bass,Arise - Run Run Run,bass,input,gain_plus6,0.01242220401763916
fxencoderpp,history_008_bass,Arise - Run Run Run,bass,input,eq_minus6,0.0018706321716308594
fxencoderpp,history_008_bass,Arise - Run Run Run,bass,input,eq_plus6,0.002947568893432617
fxencoderpp,history_008_bass,Arise - Run Run Run,bass,input,comp_ratio2,0.008864402770996094
fxencoderpp,history_008_bass,Arise - Run Run Run,bass,input,comp_ratio4,0.018803834915161133
fxencoderpp,history_008_bass,Arise - Run Run Run,bass,normalized,identity,0.0
fxencoderpp,history_008_bass,Arise - Run Run Run,bass,normalized,gain_minus6,8.940696716308594e-07
fxencoderpp,history_008_bass,Arise - Run Run Run,bass,normalized,gain_plus6,4.172325134277344e-07
fxencoderpp,history_008_bass,Arise - Run Run Run,bass,normalized,eq_minus6,0.00012290477752685547
fxencoderpp,history_008_bass,Arise - Run Run Run,bass,normalized,eq_plus6,0.0011815428733825684
fxencoderpp,history_008_bass,Arise - Run Run Run,bass,normalized,comp_ratio2,0.008292734622955322
fxencoderpp,history_008_bass,Arise - Run Run Run,bass,normalized,comp_ratio4,0.01716029644012451
fxencoderpp,history_008_drums,Bobby Nobody - Stitch Up,drums,input,identity,0.0
fxencoderpp,history_008_drums,Bobby Nobody - Stitch Up,drums,input,gain_minus6,0.02399200201034546
fxencoderpp,history_008_drums,Bobby Nobody - Stitch Up,drums,input,gain_plus6,0.035320281982421875
fxencoderpp,history_008_drums,Bobby Nobody - Stitch Up,drums,input,eq_minus6,0.009547054767608643
fxencoderpp,history_008_drums,Bobby Nobody - Stitch Up,drums,input,eq_plus6,0.02213001251220703
fxencoderpp,history_008_drums,Bobby Nobody - Stitch Up,drums,input,comp_ratio2,0.040803492069244385
fxencoderpp,history_008_drums,Bobby Nobody - Stitch Up,drums,input,comp_ratio4,0.09685444831848145
fxencoderpp,history_008_drums,Bobby Nobody - Stitch Up,drums,normalized,identity,0.0
fxencoderpp,history_008_drums,Bobby Nobody - Stitch Up,drums,normalized,gain_minus6,2.086162567138672e-06
fxencoderpp,history_008_drums,Bobby Nobody - Stitch Up,drums,normalized,gain_plus6,8.344650268554688e-07
fxencoderpp,history_008_drums,Bobby Nobody - Stitch Up,drums,normalized,eq_minus6,8.040666580200195e-05
fxencoderpp,history_008_drums,Bobby Nobody - Stitch Up,drums,normalized,eq_plus6,4.088878631591797e-05
fxencoderpp,history_008_drums,Bobby Nobody - Stitch Up,drums,normalized,comp_ratio2,0.23554790019989014
fxencoderpp,history_008_drums,Bobby Nobody - Stitch Up,drums,normalized,comp_ratio4,0.21603238582611084
fxencoderpp,history_008_vocals,M.E.R.C. Music - Knockout,vocals,input,identity,-1.1920928955078125e-07
fxencoderpp,history_008_vocals,M.E.R.C. Music - Knockout,vocals,input,gain_minus6,0.055803537368774414
fxencoderpp,history_008_vocals,M.E.R.C. Music - Knockout,vocals,input,gain_plus6,0.07542234659194946
fxencoderpp,history_008_vocals,M.E.R.C. Music - Knockout,vocals,input,eq_minus6,0.01792246103286743
fxencoderpp,history_008_vocals,M.E.R.C. Music - Knockout,vocals,input,eq_plus6,0.019391953945159912
fxencoderpp,history_008_vocals,M.E.R.C. Music - Knockout,vocals,input,comp_ratio2,0.06978189945220947
fxencoderpp,history_008_vocals,M.E.R.C. Music - Knockout,vocals,input,comp_ratio4,0.14293235540390015
fxencoderpp,history_008_vocals,M.E.R.C. Music - Knockout,vocals,normalized,identity,0.0
fxencoderpp,history_008_vocals,M.E.R.C. Music - Knockout,vocals,normalized,gain_minus6,0.0
fxencoderpp,history_008_vocals,M.E.R.C. Music - Knockout,vocals,normalized,gain_plus6,0.0
fxencoderpp,history_008_vocals,M.E.R.C. Music - Knockout,vocals,normalized,eq_minus6,5.7220458984375e-05
fxencoderpp,history_008_vocals,M.E.R.C. Music - Knockout,vocals,normalized,eq_plus6,4.5299530029296875e-06
fxencoderpp,history_008_vocals,M.E.R.C. Music - Knockout,vocals,normalized,comp_ratio2,0.02148371934890747
fxencoderpp,history_008_vocals,M.E.R.C. Music - Knockout,vocals,normalized,comp_ratio4,0.032101333141326904
fxencoderpp,history_008_other,M.E.R.C. Music - Knockout,other,input,identity,-1.1920928955078125e-07
fxencoderpp,history_008_other,M.E.R.C. Music - Knockout,other,input,gain_minus6,0.03976249694824219
fxencoderpp,history_008_other,M.E.R.C. Music - Knockout,other,input,gain_plus6,0.05702120065689087
fxencoderpp,history_008_other,M.E.R.C. Music - Knockout,other,input,eq_minus6,0.04703313112258911
fxencoderpp,history_008_other,M.E.R.C. Music - Knockout,other,input,eq_plus6,0.06739044189453125
fxencoderpp,history_008_other,M.E.R.C. Music - Knockout,other,input,comp_ratio2,0.0989561676979065
fxencoderpp,history_008_other,M.E.R.C. Music - Knockout,other,input,comp_ratio4,0.17333602905273438
fxencoderpp,history_008_other,M.E.R.C. Music - Knockout,other,normalized,identity,5.960464477539063e-08
fxencoderpp,history_008_other,M.E.R.C. Music - Knockout,other,normalized,gain_minus6,1.1920928955078125e-07
fxencoderpp,history_008_other,M.E.R.C. Music - Knockout,other,normalized,gain_plus6,1.7881393432617188e-07
fxencoderpp,history_008_other,M.E.R.C. Music - Knockout,other,normalized,eq_minus6,0.0008498430252075195
fxencoderpp,history_008_other,M.E.R.C. Music - Knockout,other,normalized,eq_plus6,0.0009579658508300781
fxencoderpp,history_008_other,M.E.R.C. Music - Knockout,other,normalized,comp_ratio2,0.0042885541915893555
fxencoderpp,history_008_other,M.E.R.C. Music - Knockout,other,normalized,comp_ratio4,0.009007871150970459
fxencoderpp,history_009_bass,Georgia Wonder - Siren,bass,input,identity,-1.1920928955078125e-07
fxencoderpp,history_009_bass,Georgia Wonder - Siren,bass,input,gain_minus6,0.016643166542053223
fxencoderpp,history_009_bass,Georgia Wonder - Siren,bass,input,gain_plus6,0.022668421268463135
fxencoderpp,history_009_bass,Georgia Wonder - Siren,bass,input,eq_minus6,0.011598289012908936
fxencoderpp,history_009_bass,Georgia Wonder - Siren,bass,input,eq_plus6,0.01862800121307373
fxencoderpp,history_009_bass,Georgia Wonder - Siren,bass,input,comp_ratio2,0.041173458099365234
fxencoderpp,history_009_bass,Georgia Wonder - Siren,bass,input,comp_ratio4,0.0812104344367981
fxencoderpp,history_009_bass,Georgia Wonder - Siren,bass,normalized,identity,1.1920928955078125e-07
fxencoderpp,history_009_bass,Georgia Wonder - Siren,bass,normalized,gain_minus6,1.3709068298339844e-06
fxencoderpp,history_009_bass,Georgia Wonder - Siren,bass,normalized,gain_plus6,1.2516975402832031e-06
fxencoderpp,history_009_bass,Georgia Wonder - Siren,bass,normalized,eq_minus6,0.00010323524475097656
fxencoderpp,history_009_bass,Georgia Wonder - Siren,bass,normalized,eq_plus6,0.00011169910430908203
fxencoderpp,history_009_bass,Georgia Wonder - Siren,bass,normalized,comp_ratio2,0.12612801790237427
fxencoderpp,history_009_bass,Georgia Wonder - Siren,bass,normalized,comp_ratio4,0.14223170280456543
fxencoderpp,history_009_drums,Motor Tapes - Shore,drums,input,identity,0.0
fxencoderpp,history_009_drums,Motor Tapes - Shore,drums,input,gain_minus6,0.010525941848754883
fxencoderpp,history_009_drums,Motor Tapes - Shore,drums,input,gain_plus6,0.01705765724182129
fxencoderpp,history_009_drums,Motor Tapes - Shore,drums,input,eq_minus6,0.003871619701385498
fxencoderpp,history_009_drums,Motor Tapes - Shore,drums,input,eq_plus6,0.006742000579833984
fxencoderpp,history_009_drums,Motor Tapes - Shore,drums,input,comp_ratio2,0.012288570404052734
fxencoderpp,history_009_drums,Motor Tapes - Shore,drums,input,comp_ratio4,0.02159285545349121
fxencoderpp,history_009_drums,Motor Tapes - Shore,drums,normalized,identity,0.0
fxencoderpp,history_009_drums,Motor Tapes - Shore,drums,normalized,gain_minus6,0.0
fxencoderpp,history_009_drums,Motor Tapes - Shore,drums,normalized,gain_plus6,0.0
fxencoderpp,history_009_drums,Motor Tapes - Shore,drums,normalized,eq_minus6,0.0003743767738342285
fxencoderpp,history_009_drums,Motor Tapes - Shore,drums,normalized,eq_plus6,0.0001373291015625
fxencoderpp,history_009_drums,Motor Tapes - Shore,drums,normalized,comp_ratio2,0.1094672679901123
fxencoderpp,history_009_drums,Motor Tapes - Shore,drums,normalized,comp_ratio4,0.1482388973236084
fxencoderpp,history_009_vocals,AM Contra - Heart Peripheral,vocals,input,identity,-2.384185791015625e-07
fxencoderpp,history_009_vocals,AM Contra - Heart Peripheral,vocals,input,gain_minus6,0.009586691856384277
fxencoderpp,history_009_vocals,AM Contra - Heart Peripheral,vocals,input,gain_plus6,0.01565307378768921
fxencoderpp,history_009_vocals,AM Contra - Heart Peripheral,vocals,input,eq_minus6,0.0034426450729370117
fxencoderpp,history_009_vocals,AM Contra - Heart Peripheral,vocals,input,eq_plus6,0.004797458648681641
fxencoderpp,history_009_vocals,AM Contra - Heart Peripheral,vocals,input,comp_ratio2,0.0019897818565368652
fxencoderpp,history_009_vocals,AM Contra - Heart Peripheral,vocals,input,comp_ratio4,0.0043326616287231445
fxencoderpp,history_009_vocals,AM Contra - Heart Peripheral,vocals,normalized,identity,0.0
fxencoderpp,history_009_vocals,AM Contra - Heart Peripheral,vocals,normalized,gain_minus6,0.0
fxencoderpp,history_009_vocals,AM Contra - Heart Peripheral,vocals,normalized,gain_plus6,5.960464477539063e-08
fxencoderpp,history_009_vocals,AM Contra - Heart Peripheral,vocals,normalized,eq_minus6,4.4405460357666016e-05
fxencoderpp,history_009_vocals,AM Contra - Heart Peripheral,vocals,normalized,eq_plus6,0.00022393465042114258
fxencoderpp,history_009_vocals,AM Contra - Heart Peripheral,vocals,normalized,comp_ratio2,0.0023038387298583984
fxencoderpp,history_009_vocals,AM Contra - Heart Peripheral,vocals,normalized,comp_ratio4,0.004346013069152832
fxencoderpp,history_009_other,BKS - Too Much,other,input,identity,-2.384185791015625e-07
fxencoderpp,history_009_other,BKS - Too Much,other,input,gain_minus6,0.0158957839012146
fxencoderpp,history_009_other,BKS - Too Much,other,input,gain_plus6,0.030889511108398438
fxencoderpp,history_009_other,BKS - Too Much,other,input,eq_minus6,0.010644853115081787
fxencoderpp,history_009_other,BKS - Too Much,other,input,eq_plus6,0.014188110828399658
fxencoderpp,history_009_other,BKS - Too Much,other,input,comp_ratio2,0.002867400646209717
fxencoderpp,history_009_other,BKS - Too Much,other,input,comp_ratio4,0.005031585693359375
fxencoderpp,history_009_other,BKS - Too Much,other,normalized,identity,0.0
fxencoderpp,history_009_other,BKS - Too Much,other,normalized,gain_minus6,9.5367431640625e-07
fxencoderpp,history_009_other,BKS - Too Much,other,normalized,gain_plus6,2.1457672119140625e-06
fxencoderpp,history_009_other,BKS - Too Much,other,normalized,eq_minus6,0.0008449554443359375
fxencoderpp,history_009_other,BKS - Too Much,other,normalized,eq_plus6,0.002053558826446533
fxencoderpp,history_009_other,BKS - Too Much,other,normalized,comp_ratio2,0.01866328716278076
fxencoderpp,history_009_other,BKS - Too Much,other,normalized,comp_ratio4,0.025812625885009766
fxencoderpp,history_010_bass,Cristina Vane - So Easy,bass,input,identity,0.0
fxencoderpp,history_010_bass,Cristina Vane - So Easy,bass,input,gain_minus6,0.017324388027191162
fxencoderpp,history_010_bass,Cristina Vane - So Easy,bass,input,gain_plus6,0.02693420648574829
fxencoderpp,history_010_bass,Cristina Vane - So Easy,bass,input,eq_minus6,0.013988018035888672
fxencoderpp,history_010_bass,Cristina Vane - So Easy,bass,input,eq_plus6,0.017553865909576416
fxencoderpp,history_010_bass,Cristina Vane - So Easy,bass,input,comp_ratio2,0.00877845287322998
fxencoderpp,history_010_bass,Cristina Vane - So Easy,bass,input,comp_ratio4,0.018414735794067383
fxencoderpp,history_010_bass,Cristina Vane - So Easy,bass,normalized,identity,0.0
fxencoderpp,history_010_bass,Cristina Vane - So Easy,bass,normalized,gain_minus6,1.8477439880371094e-06
fxencoderpp,history_010_bass,Cristina Vane - So Easy,bass,normalized,gain_plus6,1.5497207641601562e-06
fxencoderpp,history_010_bass,Cristina Vane - So Easy,bass,normalized,eq_minus6,0.00012874603271484375
fxencoderpp,history_010_bass,Cristina Vane - So Easy,bass,normalized,eq_plus6,0.00013691186904907227
fxencoderpp,history_010_bass,Cristina Vane - So Easy,bass,normalized,comp_ratio2,0.0029745101928710938
fxencoderpp,history_010_bass,Cristina Vane - So Easy,bass,normalized,comp_ratio4,0.16168677806854248
fxencoderpp,history_010_drums,Tom McKenzie - Directions,drums,input,identity,5.960464477539063e-08
fxencoderpp,history_010_drums,Tom McKenzie - Directions,drums,input,gain_minus6,0.008464157581329346
fxencoderpp,history_010_drums,Tom McKenzie - Directions,drums,input,gain_plus6,0.015635132789611816
fxencoderpp,history_010_drums,Tom McKenzie - Directions,drums,input,eq_minus6,0.002970457077026367
fxencoderpp,history_010_drums,Tom McKenzie - Directions,drums,input,eq_plus6,0.007661402225494385
fxencoderpp,history_010_drums,Tom McKenzie - Directions,drums,input,comp_ratio2,0.009594619274139404
fxencoderpp,history_010_drums,Tom McKenzie - Directions,drums,input,comp_ratio4,0.01835334300994873
fxencoderpp,history_010_drums,Tom McKenzie - Directions,drums,normalized,identity,5.960464477539063e-08
fxencoderpp,history_010_drums,Tom McKenzie - Directions,drums,normalized,gain_minus6,2.980232238769531e-07
fxencoderpp,history_010_drums,Tom McKenzie - Directions,drums,normalized,gain_plus6,3.5762786865234375e-07
fxencoderpp,history_010_drums,Tom McKenzie - Directions,drums,normalized,eq_minus6,0.22675812244415283
fxencoderpp,history_010_drums,Tom McKenzie - Directions,drums,normalized,eq_plus6,0.004976749420166016
fxencoderpp,history_010_drums,Tom McKenzie - Directions,drums,normalized,comp_ratio2,0.02138221263885498
fxencoderpp,history_010_drums,Tom McKenzie - Directions,drums,normalized,comp_ratio4,0.03868740797042847
fxencoderpp,history_010_vocals,BKS - Bulldozer,vocals,input,identity,0.0
fxencoderpp,history_010_vocals,BKS - Bulldozer,vocals,input,gain_minus6,0.03460097312927246
fxencoderpp,history_010_vocals,BKS - Bulldozer,vocals,input,gain_plus6,0.04473888874053955
fxencoderpp,history_010_vocals,BKS - Bulldozer,vocals,input,eq_minus6,0.010719835758209229
fxencoderpp,history_010_vocals,BKS - Bulldozer,vocals,input,eq_plus6,0.01689004898071289
fxencoderpp,history_010_vocals,BKS - Bulldozer,vocals,input,comp_ratio2,0.0270082950592041
fxencoderpp,history_010_vocals,BKS - Bulldozer,vocals,input,comp_ratio4,0.050817668437957764
fxencoderpp,history_010_vocals,BKS - Bulldozer,vocals,normalized,identity,-1.1920928955078125e-07
fxencoderpp,history_010_vocals,BKS - Bulldozer,vocals,normalized,gain_minus6,-1.1920928955078125e-07
fxencoderpp,history_010_vocals,BKS - Bulldozer,vocals,normalized,gain_plus6,0.0
fxencoderpp,history_010_vocals,BKS - Bulldozer,vocals,normalized,eq_minus6,5.066394805908203e-05
fxencoderpp,history_010_vocals,BKS - Bulldozer,vocals,normalized,eq_plus6,0.0011271834373474121
fxencoderpp,history_010_vocals,BKS - Bulldozer,vocals,normalized,comp_ratio2,0.005607664585113525
fxencoderpp,history_010_vocals,BKS - Bulldozer,vocals,normalized,comp_ratio4,0.014196217060089111
fxencoderpp,history_010_other,Skelpolu - Resurrection,other,input,identity,0.0
fxencoderpp,history_010_other,Skelpolu - Resurrection,other,input,gain_minus6,0.06258493661880493
fxencoderpp,history_010_other,Skelpolu - Resurrection,other,input,gain_plus6,0.08776283264160156
fxencoderpp,history_010_other,Skelpolu - Resurrection,other,input,eq_minus6,0.06143820285797119
fxencoderpp,history_010_other,Skelpolu - Resurrection,other,input,eq_plus6,0.053599655628204346
fxencoderpp,history_010_other,Skelpolu - Resurrection,other,input,comp_ratio2,0.040632426738739014
fxencoderpp,history_010_other,Skelpolu - Resurrection,other,input,comp_ratio4,0.08483463525772095
fxencoderpp,history_010_other,Skelpolu - Resurrection,other,normalized,identity,-1.1920928955078125e-07
fxencoderpp,history_010_other,Skelpolu - Resurrection,other,normalized,gain_minus6,-1.1920928955078125e-07
fxencoderpp,history_010_other,Skelpolu - Resurrection,other,normalized,gain_plus6,-1.1920928955078125e-07
fxencoderpp,history_010_other,Skelpolu - Resurrection,other,normalized,eq_minus6,1.4603137969970703e-05
fxencoderpp,history_010_other,Skelpolu - Resurrection,other,normalized,eq_plus6,9.417533874511719e-06
fxencoderpp,history_010_other,Skelpolu - Resurrection,other,normalized,comp_ratio2,0.40621548891067505
fxencoderpp,history_010_other,Skelpolu - Resurrection,other,normalized,comp_ratio4,0.40813368558883667
fxencoderpp,history_011_bass,Motor Tapes - Shore,bass,input,identity,5.960464477539063e-08
fxencoderpp,history_011_bass,Motor Tapes - Shore,bass,input,gain_minus6,0.01889258623123169
fxencoderpp,history_011_bass,Motor Tapes - Shore,bass,input,gain_plus6,0.012357831001281738
fxencoderpp,history_011_bass,Motor Tapes - Shore,bass,input,eq_minus6,0.003638625144958496
fxencoderpp,history_011_bass,Motor Tapes - Shore,bass,input,eq_plus6,0.004848837852478027
fxencoderpp,history_011_bass,Motor Tapes - Shore,bass,input,comp_ratio2,0.08893811702728271
fxencoderpp,history_011_bass,Motor Tapes - Shore,bass,input,comp_ratio4,0.1410258412361145
fxencoderpp,history_011_bass,Motor Tapes - Shore,bass,normalized,identity,1.1920928955078125e-07
fxencoderpp,history_011_bass,Motor Tapes - Shore,bass,normalized,gain_minus6,9.5367431640625e-07
fxencoderpp,history_011_bass,Motor Tapes - Shore,bass,normalized,gain_plus6,8.344650268554688e-07
fxencoderpp,history_011_bass,Motor Tapes - Shore,bass,normalized,eq_minus6,1.722574234008789e-05
fxencoderpp,history_011_bass,Motor Tapes - Shore,bass,normalized,eq_plus6,0.0003204345703125
fxencoderpp,history_011_bass,Motor Tapes - Shore,bass,normalized,comp_ratio2,0.11309027671813965
fxencoderpp,history_011_bass,Motor Tapes - Shore,bass,normalized,comp_ratio4,0.14159107208251953
fxencoderpp,history_011_drums,Arise - Run Run Run,drums,input,identity,-1.1920928955078125e-07
fxencoderpp,history_011_drums,Arise - Run Run Run,drums,input,gain_minus6,0.04065448045730591
fxencoderpp,history_011_drums,Arise - Run Run Run,drums,input,gain_plus6,0.020559489727020264
fxencoderpp,history_011_drums,Arise - Run Run Run,drums,input,eq_minus6,0.006476700305938721
fxencoderpp,history_011_drums,Arise - Run Run Run,drums,input,eq_plus6,0.00911492109298706
fxencoderpp,history_011_drums,Arise - Run Run Run,drums,input,comp_ratio2,0.01721489429473877
fxencoderpp,history_011_drums,Arise - Run Run Run,drums,input,comp_ratio4,0.03175288438796997
fxencoderpp,history_011_drums,Arise - Run Run Run,drums,normalized,identity,5.960464477539063e-08
fxencoderpp,history_011_drums,Arise - Run Run Run,drums,normalized,gain_minus6,0.0
fxencoderpp,history_011_drums,Arise - Run Run Run,drums,normalized,gain_plus6,0.0
fxencoderpp,history_011_drums,Arise - Run Run Run,drums,normalized,eq_minus6,0.00023305416107177734
fxencoderpp,history_011_drums,Arise - Run Run Run,drums,normalized,eq_plus6,0.0008410215377807617
fxencoderpp,history_011_drums,Arise - Run Run Run,drums,normalized,comp_ratio2,0.034416794776916504
fxencoderpp,history_011_drums,Arise - Run Run Run,drums,normalized,comp_ratio4,0.05734586715698242
fxencoderpp,history_011_vocals,Hollow Ground - Ill Fate,vocals,input,identity,5.960464477539063e-08
fxencoderpp,history_011_vocals,Hollow Ground - Ill Fate,vocals,input,gain_minus6,0.011266887187957764
fxencoderpp,history_011_vocals,Hollow Ground - Ill Fate,vocals,input,gain_plus6,0.015397131443023682
fxencoderpp,history_011_vocals,Hollow Ground - Ill Fate,vocals,input,eq_minus6,0.010657906532287598
fxencoderpp,history_011_vocals,Hollow Ground - Ill Fate,vocals,input,eq_plus6,0.014840483665466309
fxencoderpp,history_011_vocals,Hollow Ground - Ill Fate,vocals,input,comp_ratio2,0.009544968605041504
fxencoderpp,history_011_vocals,Hollow Ground - Ill Fate,vocals,input,comp_ratio4,0.021004021167755127
fxencoderpp,history_011_vocals,Hollow Ground - Ill Fate,vocals,normalized,identity,-1.1920928955078125e-07
fxencoderpp,history_011_vocals,Hollow Ground - Ill Fate,vocals,normalized,gain_minus6,-1.1920928955078125e-07
fxencoderpp,history_011_vocals,Hollow Ground - Ill Fate,vocals,normalized,gain_plus6,-1.1920928955078125e-07
fxencoderpp,history_011_vocals,Hollow Ground - Ill Fate,vocals,normalized,eq_minus6,0.17876791954040527
fxencoderpp,history_011_vocals,Hollow Ground - Ill Fate,vocals,normalized,eq_plus6,2.288818359375e-05
fxencoderpp,history_011_vocals,Hollow Ground - Ill Fate,vocals,normalized,comp_ratio2,0.002788066864013672
fxencoderpp,history_011_vocals,Hollow Ground - Ill Fate,vocals,normalized,comp_ratio4,0.1939813494682312
fxencoderpp,history_011_other,Angels In Amplifiers - I'm Alright,other,input,identity,0.0
fxencoderpp,history_011_other,Angels In Amplifiers - I'm Alright,other,input,gain_minus6,0.04067027568817139
fxencoderpp,history_011_other,Angels In Amplifiers - I'm Alright,other,input,gain_plus6,0.05470895767211914
fxencoderpp,history_011_other,Angels In Amplifiers - I'm Alright,other,input,eq_minus6,0.018421530723571777
fxencoderpp,history_011_other,Angels In Amplifiers - I'm Alright,other,input,eq_plus6,0.02852731943130493
fxencoderpp,history_011_other,Angels In Amplifiers - I'm Alright,other,input,comp_ratio2,0.05685240030288696
fxencoderpp,history_011_other,Angels In Amplifiers - I'm Alright,other,input,comp_ratio4,0.1266745924949646
fxencoderpp,history_011_other,Angels In Amplifiers - I'm Alright,other,normalized,identity,0.0
fxencoderpp,history_011_other,Angels In Amplifiers - I'm Alright,other,normalized,gain_minus6,1.1920928955078125e-07
fxencoderpp,history_011_other,Angels In Amplifiers - I'm Alright,other,normalized,gain_plus6,1.1920928955078125e-07
fxencoderpp,history_011_other,Angels In Amplifiers - I'm Alright,other,normalized,eq_minus6,0.0011233091354370117
fxencoderpp,history_011_other,Angels In Amplifiers - I'm Alright,other,normalized,eq_plus6,0.3857099413871765
fxencoderpp,history_011_other,Angels In Amplifiers - I'm Alright,other,normalized,comp_ratio2,0.359783411026001
fxencoderpp,history_011_other,Angels In Amplifiers - I'm Alright,other,normalized,comp_ratio4,0.3421713709831238
fxencoderpp,history_012_bass,AM Contra - Heart Peripheral,bass,input,identity,0.0
fxencoderpp,history_012_bass,AM Contra - Heart Peripheral,bass,input,gain_minus6,0.04661363363265991
fxencoderpp,history_012_bass,AM Contra - Heart Peripheral,bass,input,gain_plus6,0.047823965549468994
fxencoderpp,history_012_bass,AM Contra - Heart Peripheral,bass,input,eq_minus6,0.009863972663879395
fxencoderpp,history_012_bass,AM Contra - Heart Peripheral,bass,input,eq_plus6,0.01777482032775879
fxencoderpp,history_012_bass,AM Contra - Heart Peripheral,bass,input,comp_ratio2,0.023376822471618652
fxencoderpp,history_012_bass,AM Contra - Heart Peripheral,bass,input,comp_ratio4,0.03462094068527222
fxencoderpp,history_012_bass,AM Contra - Heart Peripheral,bass,normalized,identity,-1.1920928955078125e-07
fxencoderpp,history_012_bass,AM Contra - Heart Peripheral,bass,normalized,gain_minus6,1.0132789611816406e-06
fxencoderpp,history_012_bass,AM Contra - Heart Peripheral,bass,normalized,gain_plus6,2.2649765014648438e-06
fxencoderpp,history_012_bass,AM Contra - Heart Peripheral,bass,normalized,eq_minus6,4.4345855712890625e-05
fxencoderpp,history_012_bass,AM Contra - Heart Peripheral,bass,normalized,eq_plus6,9.751319885253906e-05
fxencoderpp,history_012_bass,AM Contra - Heart Peripheral,bass,normalized,comp_ratio2,0.001001894474029541
fxencoderpp,history_012_bass,AM Contra - Heart Peripheral,bass,normalized,comp_ratio4,0.0027567148208618164
fxencoderpp,history_012_drums,Al James - Schoolboy Facination,drums,input,identity,0.0
fxencoderpp,history_012_drums,Al James - Schoolboy Facination,drums,input,gain_minus6,0.09771859645843506
fxencoderpp,history_012_drums,Al James - Schoolboy Facination,drums,input,gain_plus6,0.17952245473861694
fxencoderpp,history_012_drums,Al James - Schoolboy Facination,drums,input,eq_minus6,0.021744847297668457
fxencoderpp,history_012_drums,Al James - Schoolboy Facination,drums,input,eq_plus6,0.05232745409011841
fxencoderpp,history_012_drums,Al James - Schoolboy Facination,drums,input,comp_ratio2,0.16945785284042358
fxencoderpp,history_012_drums,Al James - Schoolboy Facination,drums,input,comp_ratio4,0.3052002787590027
fxencoderpp,history_012_drums,Al James - Schoolboy Facination,drums,normalized,identity,0.0
fxencoderpp,history_012_drums,Al James - Schoolboy Facination,drums,normalized,gain_minus6,0.0
fxencoderpp,history_012_drums,Al James - Schoolboy Facination,drums,normalized,gain_plus6,0.0
fxencoderpp,history_012_drums,Al James - Schoolboy Facination,drums,normalized,eq_minus6,0.0003083944320678711
fxencoderpp,history_012_drums,Al James - Schoolboy Facination,drums,normalized,eq_plus6,5.805492401123047e-05
fxencoderpp,history_012_drums,Al James - Schoolboy Facination,drums,normalized,comp_ratio2,0.020520687103271484
fxencoderpp,history_012_drums,Al James - Schoolboy Facination,drums,normalized,comp_ratio4,0.041051268577575684
fxencoderpp,history_012_vocals,Ben Carrigan - We'll Talk About It All Tonight,vocals,input,identity,-1.1920928955078125e-07
fxencoderpp,history_012_vocals,Ben Carrigan - We'll Talk About It All Tonight,vocals,input,gain_minus6,0.013328731060028076
fxencoderpp,history_012_vocals,Ben Carrigan - We'll Talk About It All Tonight,vocals,input,gain_plus6,0.01996743679046631
fxencoderpp,history_012_vocals,Ben Carrigan - We'll Talk About It All Tonight,vocals,input,eq_minus6,0.009055793285369873
fxencoderpp,history_012_vocals,Ben Carrigan - We'll Talk About It All Tonight,vocals,input,eq_plus6,0.013967454433441162
fxencoderpp,history_012_vocals,Ben Carrigan - We'll Talk About It All Tonight,vocals,input,comp_ratio2,0.009661555290222168
fxencoderpp,history_012_vocals,Ben Carrigan - We'll Talk About It All Tonight,vocals,input,comp_ratio4,0.02022528648376465
fxencoderpp,history_012_vocals,Ben Carrigan - We'll Talk About It All Tonight,vocals,normalized,identity,5.960464477539063e-08
fxencoderpp,history_012_vocals,Ben Carrigan - We'll Talk About It All Tonight,vocals,normalized,gain_minus6,1.1920928955078125e-07
fxencoderpp,history_012_vocals,Ben Carrigan - We'll Talk About It All Tonight,vocals,normalized,gain_plus6,0.0
fxencoderpp,history_012_vocals,Ben Carrigan - We'll Talk About It All Tonight,vocals,normalized,eq_minus6,0.16870874166488647
fxencoderpp,history_012_vocals,Ben Carrigan - We'll Talk About It All Tonight,vocals,normalized,eq_plus6,0.00023609399795532227
fxencoderpp,history_012_vocals,Ben Carrigan - We'll Talk About It All Tonight,vocals,normalized,comp_ratio2,0.0026712417602539062
fxencoderpp,history_012_vocals,Ben Carrigan - We'll Talk About It All Tonight,vocals,normalized,comp_ratio4,0.005744874477386475
fxencoderpp,history_012_other,Tom McKenzie - Directions,other,input,identity,-1.1920928955078125e-07
fxencoderpp,history_012_other,Tom McKenzie - Directions,other,input,gain_minus6,0.019169270992279053
fxencoderpp,history_012_other,Tom McKenzie - Directions,other,input,gain_plus6,0.022170066833496094
fxencoderpp,history_012_other,Tom McKenzie - Directions,other,input,eq_minus6,0.013699591159820557
fxencoderpp,history_012_other,Tom McKenzie - Directions,other,input,eq_plus6,0.026957273483276367
fxencoderpp,history_012_other,Tom McKenzie - Directions,other,input,comp_ratio2,0.007260501384735107
fxencoderpp,history_012_other,Tom McKenzie - Directions,other,input,comp_ratio4,0.014233112335205078
fxencoderpp,history_012_other,Tom McKenzie - Directions,other,normalized,identity,0.0
fxencoderpp,history_012_other,Tom McKenzie - Directions,other,normalized,gain_minus6,2.2649765014648438e-06
fxencoderpp,history_012_other,Tom McKenzie - Directions,other,normalized,gain_plus6,3.5762786865234375e-07
fxencoderpp,history_012_other,Tom McKenzie - Directions,other,normalized,eq_minus6,0.0006182193756103516
fxencoderpp,history_012_other,Tom McKenzie - Directions,other,normalized,eq_plus6,0.004577517509460449
fxencoderpp,history_012_other,Tom McKenzie - Directions,other,normalized,comp_ratio2,0.0025733113288879395
fxencoderpp,history_012_other,Tom McKenzie - Directions,other,normalized,comp_ratio4,0.006232142448425293
fxencoderpp,history_013_bass,Little Chicago's Finest - My Own,bass,input,identity,0.0
fxencoderpp,history_013_bass,Little Chicago's Finest - My Own,bass,input,gain_minus6,0.008105158805847168
fxencoderpp,history_013_bass,Little Chicago's Finest - My Own,bass,input,gain_plus6,0.06925976276397705
fxencoderpp,history_013_bass,Little Chicago's Finest - My Own,bass,input,eq_minus6,0.005944609642028809
fxencoderpp,history_013_bass,Little Chicago's Finest - My Own,bass,input,eq_plus6,0.03300750255584717
fxencoderpp,history_013_bass,Little Chicago's Finest - My Own,bass,input,comp_ratio2,0.013320624828338623
fxencoderpp,history_013_bass,Little Chicago's Finest - My Own,bass,input,comp_ratio4,0.01425158977508545
fxencoderpp,history_013_bass,Little Chicago's Finest - My Own,bass,normalized,identity,0.0
fxencoderpp,history_013_bass,Little Chicago's Finest - My Own,bass,normalized,gain_minus6,1.33514404296875e-05
fxencoderpp,history_013_bass,Little Chicago's Finest - My Own,bass,normalized,gain_plus6,8.344650268554688e-06
fxencoderpp,history_013_bass,Little Chicago's Finest - My Own,bass,normalized,eq_minus6,0.0004864931106567383
fxencoderpp,history_013_bass,Little Chicago's Finest - My Own,bass,normalized,eq_plus6,0.00033986568450927734
fxencoderpp,history_013_bass,Little Chicago's Finest - My Own,bass,normalized,comp_ratio2,0.14945852756500244
fxencoderpp,history_013_bass,Little Chicago's Finest - My Own,bass,normalized,comp_ratio4,0.14986705780029297
fxencoderpp,history_013_drums,Nerve 9 - Pray For The Rain,drums,input,identity,5.960464477539063e-08
fxencoderpp,history_013_drums,Nerve 9 - Pray For The Rain,drums,input,gain_minus6,0.01650029420852661
fxencoderpp,history_013_drums,Nerve 9 - Pray For The Rain,drums,input,gain_plus6,0.02220165729522705
fxencoderpp,history_013_drums,Nerve 9 - Pray For The Rain,drums,input,eq_minus6,0.01112353801727295
fxencoderpp,history_013_drums,Nerve 9 - Pray For The Rain,drums,input,eq_plus6,0.01964324712753296
fxencoderpp,history_013_drums,Nerve 9 - Pray For The Rain,drums,input,comp_ratio2,0.024335741996765137
fxencoderpp,history_013_drums,Nerve 9 - Pray For The Rain,drums,input,comp_ratio4,0.06162679195404053
fxencoderpp,history_013_drums,Nerve 9 - Pray For The Rain,drums,normalized,identity,-1.1920928955078125e-07
fxencoderpp,history_013_drums,Nerve 9 - Pray For The Rain,drums,normalized,gain_minus6,7.748603820800781e-07
fxencoderpp,history_013_drums,Nerve 9 - Pray For The Rain,drums,normalized,gain_plus6,1.1324882507324219e-06
fxencoderpp,history_013_drums,Nerve 9 - Pray For The Rain,drums,normalized,eq_minus6,0.005590200424194336
fxencoderpp,history_013_drums,Nerve 9 - Pray For The Rain,drums,normalized,eq_plus6,0.00017255544662475586
fxencoderpp,history_013_drums,Nerve 9 - Pray For The Rain,drums,normalized,comp_ratio2,0.1803150773048401
fxencoderpp,history_013_drums,Nerve 9 - Pray For The Rain,drums,normalized,comp_ratio4,0.2027195692062378
fxencoderpp,history_013_vocals,Lyndsey Ollard - Catching Up,vocals,input,identity,0.0
fxencoderpp,history_013_vocals,Lyndsey Ollard - Catching Up,vocals,input,gain_minus6,0.014542341232299805
fxencoderpp,history_013_vocals,Lyndsey Ollard - Catching Up,vocals,input,gain_plus6,0.017494618892669678
fxencoderpp,history_013_vocals,Lyndsey Ollard - Catching Up,vocals,input,eq_minus6,0.008629202842712402
fxencoderpp,history_013_vocals,Lyndsey Ollard - Catching Up,vocals,input,eq_plus6,0.011294722557067871
fxencoderpp,history_013_vocals,Lyndsey Ollard - Catching Up,vocals,input,comp_ratio2,0.028098344802856445
fxencoderpp,history_013_vocals,Lyndsey Ollard - Catching Up,vocals,input,comp_ratio4,0.05486875772476196
fxencoderpp,history_013_vocals,Lyndsey Ollard - Catching Up,vocals,normalized,identity,0.0
fxencoderpp,history_013_vocals,Lyndsey Ollard - Catching Up,vocals,normalized,gain_minus6,1.1920928955078125e-07
fxencoderpp,history_013_vocals,Lyndsey Ollard - Catching Up,vocals,normalized,gain_plus6,3.5762786865234375e-07
fxencoderpp,history_013_vocals,Lyndsey Ollard - Catching Up,vocals,normalized,eq_minus6,0.00011754035949707031
fxencoderpp,history_013_vocals,Lyndsey Ollard - Catching Up,vocals,normalized,eq_plus6,4.112720489501953e-05
fxencoderpp,history_013_vocals,Lyndsey Ollard - Catching Up,vocals,normalized,comp_ratio2,0.003217935562133789
fxencoderpp,history_013_vocals,Lyndsey Ollard - Catching Up,vocals,normalized,comp_ratio4,0.008412778377532959
fxencoderpp,history_013_other,Speak Softly - Broken Man,other,input,identity,-1.1920928955078125e-07
fxencoderpp,history_013_other,Speak Softly - Broken Man,other,input,gain_minus6,0.010888814926147461
fxencoderpp,history_013_other,Speak Softly - Broken Man,other,input,gain_plus6,0.01570826768875122
fxencoderpp,history_013_other,Speak Softly - Broken Man,other,input,eq_minus6,0.010475993156433105
fxencoderpp,history_013_other,Speak Softly - Broken Man,other,input,eq_plus6,0.02071845531463623
fxencoderpp,history_013_other,Speak Softly - Broken Man,other,input,comp_ratio2,0.007662296295166016
fxencoderpp,history_013_other,Speak Softly - Broken Man,other,input,comp_ratio4,0.015379607677459717
fxencoderpp,history_013_other,Speak Softly - Broken Man,other,normalized,identity,0.0
fxencoderpp,history_013_other,Speak Softly - Broken Man,other,normalized,gain_minus6,2.0265579223632812e-06
fxencoderpp,history_013_other,Speak Softly - Broken Man,other,normalized,gain_plus6,5.960464477539062e-07
fxencoderpp,history_013_other,Speak Softly - Broken Man,other,normalized,eq_minus6,8.606910705566406e-05
fxencoderpp,history_013_other,Speak Softly - Broken Man,other,normalized,eq_plus6,4.3392181396484375e-05
fxencoderpp,history_013_other,Speak Softly - Broken Man,other,normalized,comp_ratio2,0.2047102451324463
fxencoderpp,history_013_other,Speak Softly - Broken Man,other,normalized,comp_ratio4,0.20913171768188477
fxencoderpp,history_014_bass,Al James - Schoolboy Facination,bass,input,identity,1.1920928955078125e-07
fxencoderpp,history_014_bass,Al James - Schoolboy Facination,bass,input,gain_minus6,0.00780254602432251
fxencoderpp,history_014_bass,Al James - Schoolboy Facination,bass,input,gain_plus6,0.03310048580169678
fxencoderpp,history_014_bass,Al James - Schoolboy Facination,bass,input,eq_minus6,0.002794206142425537
fxencoderpp,history_014_bass,Al James - Schoolboy Facination,bass,input,eq_plus6,0.00435328483581543
fxencoderpp,history_014_bass,Al James - Schoolboy Facination,bass,input,comp_ratio2,0.01723933219909668
fxencoderpp,history_014_bass,Al James - Schoolboy Facination,bass,input,comp_ratio4,0.02882605791091919
fxencoderpp,history_014_bass,Al James - Schoolboy Facination,bass,normalized,identity,0.0
fxencoderpp,history_014_bass,Al James - Schoolboy Facination,bass,normalized,gain_minus6,4.827976226806641e-06
fxencoderpp,history_014_bass,Al James - Schoolboy Facination,bass,normalized,gain_plus6,6.9141387939453125e-06
fxencoderpp,history_014_bass,Al James - Schoolboy Facination,bass,normalized,eq_minus6,6.622076034545898e-05
fxencoderpp,history_014_bass,Al James - Schoolboy Facination,bass,normalized,eq_plus6,0.0001360177993774414
fxencoderpp,history_014_bass,Al James - Schoolboy Facination,bass,normalized,comp_ratio2,0.030011653900146484
fxencoderpp,history_014_bass,Al James - Schoolboy Facination,bass,normalized,comp_ratio4,0.04462629556655884
fxencoderpp,history_014_drums,Carlos Gonzalez - A Place For Us,drums,input,identity,-1.1920928955078125e-07
fxencoderpp,history_014_drums,Carlos Gonzalez - A Place For Us,drums,input,gain_minus6,0.03383195400238037
fxencoderpp,history_014_drums,Carlos Gonzalez - A Place For Us,drums,input,gain_plus6,0.057374536991119385
fxencoderpp,history_014_drums,Carlos Gonzalez - A Place For Us,drums,input,eq_minus6,0.01950305700302124
fxencoderpp,history_014_drums,Carlos Gonzalez - A Place For Us,drums,input,eq_plus6,0.044055044651031494
fxencoderpp,history_014_drums,Carlos Gonzalez - A Place For Us,drums,input,comp_ratio2,0.025397896766662598
fxencoderpp,history_014_drums,Carlos Gonzalez - A Place For Us,drums,input,comp_ratio4,0.05249744653701782
fxencoderpp,history_014_drums,Carlos Gonzalez - A Place For Us,drums,normalized,identity,0.0
fxencoderpp,history_014_drums,Carlos Gonzalez - A Place For Us,drums,normalized,gain_minus6,5.960464477539063e-08
fxencoderpp,history_014_drums,Carlos Gonzalez - A Place For Us,drums,normalized,gain_plus6,0.0
fxencoderpp,history_014_drums,Carlos Gonzalez - A Place For Us,drums,normalized,eq_minus6,3.331899642944336e-05
fxencoderpp,history_014_drums,Carlos Gonzalez - A Place For Us,drums,normalized,eq_plus6,0.00021648406982421875
fxencoderpp,history_014_drums,Carlos Gonzalez - A Place For Us,drums,normalized,comp_ratio2,0.17222440242767334
fxencoderpp,history_014_drums,Carlos Gonzalez - A Place For Us,drums,normalized,comp_ratio4,0.022596776485443115
fxencoderpp,history_014_vocals,Carlos Gonzalez - A Place For Us,vocals,input,identity,-1.1920928955078125e-07
fxencoderpp,history_014_vocals,Carlos Gonzalez - A Place For Us,vocals,input,gain_minus6,0.031464457511901855
fxencoderpp,history_014_vocals,Carlos Gonzalez - A Place For Us,vocals,input,gain_plus6,0.05026012659072876
fxencoderpp,history_014_vocals,Carlos Gonzalez - A Place For Us,vocals,input,eq_minus6,0.01638162136077881
fxencoderpp,history_014_vocals,Carlos Gonzalez - A Place For Us,vocals,input,eq_plus6,0.01687180995941162
fxencoderpp,history_014_vocals,Carlos Gonzalez - A Place For Us,vocals,input,comp_ratio2,0.03670072555541992
fxencoderpp,history_014_vocals,Carlos Gonzalez - A Place For Us,vocals,input,comp_ratio4,0.07845592498779297
fxencoderpp,history_014_vocals,Carlos Gonzalez - A Place For Us,vocals,normalized,identity,0.0
fxencoderpp,history_014_vocals,Carlos Gonzalez - A Place For Us,vocals,normalized,gain_minus6,0.0
fxencoderpp,history_014_vocals,Carlos Gonzalez - A Place For Us,vocals,normalized,gain_plus6,0.0
fxencoderpp,history_014_vocals,Carlos Gonzalez - A Place For Us,vocals,normalized,eq_minus6,7.152557373046875e-06
fxencoderpp,history_014_vocals,Carlos Gonzalez - A Place For Us,vocals,normalized,eq_plus6,0.004707992076873779
fxencoderpp,history_014_vocals,Carlos Gonzalez - A Place For Us,vocals,normalized,comp_ratio2,0.009648442268371582
fxencoderpp,history_014_vocals,Carlos Gonzalez - A Place For Us,vocals,normalized,comp_ratio4,0.016463935375213623
fxencoderpp,history_014_other,Forkupines - Semantics,other,input,identity,-1.1920928955078125e-07
fxencoderpp,history_014_other,Forkupines - Semantics,other,input,gain_minus6,0.06024438142776489
fxencoderpp,history_014_other,Forkupines - Semantics,other,input,gain_plus6,0.06921982765197754
fxencoderpp,history_014_other,Forkupines - Semantics,other,input,eq_minus6,0.031120657920837402
fxencoderpp,history_014_other,Forkupines - Semantics,other,input,eq_plus6,0.04413747787475586
fxencoderpp,history_014_other,Forkupines - Semantics,other,input,comp_ratio2,0.03958392143249512
fxencoderpp,history_014_other,Forkupines - Semantics,other,input,comp_ratio4,0.07689309120178223
fxencoderpp,history_014_other,Forkupines - Semantics,other,normalized,identity,0.0
fxencoderpp,history_014_other,Forkupines - Semantics,other,normalized,gain_minus6,0.0
fxencoderpp,history_014_other,Forkupines - Semantics,other,normalized,gain_plus6,0.0
fxencoderpp,history_014_other,Forkupines - Semantics,other,normalized,eq_minus6,6.604194641113281e-05
fxencoderpp,history_014_other,Forkupines - Semantics,other,normalized,eq_plus6,4.8160552978515625e-05
fxencoderpp,history_014_other,Forkupines - Semantics,other,normalized,comp_ratio2,0.0004886388778686523
fxencoderpp,history_014_other,Forkupines - Semantics,other,normalized,comp_ratio4,0.0014218688011169434
fxencoderpp,history_015_bass,PR - Oh No,bass,input,identity,5.960464477539063e-08
fxencoderpp,history_015_bass,PR - Oh No,bass,input,gain_minus6,0.03722178936004639
fxencoderpp,history_015_bass,PR - Oh No,bass,input,gain_plus6,0.028084933757781982
fxencoderpp,history_015_bass,PR - Oh No,bass,input,eq_minus6,0.0027986764907836914
fxencoderpp,history_015_bass,PR - Oh No,bass,input,eq_plus6,0.004227340221405029
fxencoderpp,history_015_bass,PR - Oh No,bass,input,comp_ratio2,0.003025352954864502
fxencoderpp,history_015_bass,PR - Oh No,bass,input,comp_ratio4,0.0063610076904296875
fxencoderpp,history_015_bass,PR - Oh No,bass,normalized,identity,-1.1920928955078125e-07
fxencoderpp,history_015_bass,PR - Oh No,bass,normalized,gain_minus6,1.430511474609375e-06
fxencoderpp,history_015_bass,PR - Oh No,bass,normalized,gain_plus6,1.2516975402832031e-06
fxencoderpp,history_015_bass,PR - Oh No,bass,normalized,eq_minus6,0.00019729137420654297
fxencoderpp,history_015_bass,PR - Oh No,bass,normalized,eq_plus6,0.06924724578857422
fxencoderpp,history_015_bass,PR - Oh No,bass,normalized,comp_ratio2,0.09324222803115845
fxencoderpp,history_015_bass,PR - Oh No,bass,normalized,comp_ratio4,0.10657888650894165
fxencoderpp,history_015_drums,Speak Softly - Broken Man,drums,input,identity,-1.1920928955078125e-07
fxencoderpp,history_015_drums,Speak Softly - Broken Man,drums,input,gain_minus6,0.01522672176361084
fxencoderpp,history_015_drums,Speak Softly - Broken Man,drums,input,gain_plus6,0.01650291681289673
fxencoderpp,history_015_drums,Speak Softly - Broken Man,drums,input,eq_minus6,0.01549375057220459
fxencoderpp,history_015_drums,Speak Softly - Broken Man,drums,input,eq_plus6,0.018609046936035156
fxencoderpp,history_015_drums,Speak Softly - Broken Man,drums,input,comp_ratio2,0.017744898796081543
fxencoderpp,history_015_drums,Speak Softly - Broken Man,drums,input,comp_ratio4,0.039296746253967285
fxencoderpp,history_015_drums,Speak Softly - Broken Man,drums,normalized,identity,0.0
fxencoderpp,history_015_drums,Speak Softly - Broken Man,drums,normalized,gain_minus6,0.0
fxencoderpp,history_015_drums,Speak Softly - Broken Man,drums,normalized,gain_plus6,1.1920928955078125e-07
fxencoderpp,history_015_drums,Speak Softly - Broken Man,drums,normalized,eq_minus6,5.125999450683594e-06
fxencoderpp,history_015_drums,Speak Softly - Broken Man,drums,normalized,eq_plus6,7.569789886474609e-06
fxencoderpp,history_015_drums,Speak Softly - Broken Man,drums,normalized,comp_ratio2,0.0112265944480896
fxencoderpp,history_015_drums,Speak Softly - Broken Man,drums,normalized,comp_ratio4,0.01586008071899414
fxencoderpp,history_015_vocals,The Doppler Shift - Atrophy,vocals,input,identity,0.0
fxencoderpp,history_015_vocals,The Doppler Shift - Atrophy,vocals,input,gain_minus6,0.017854809761047363
fxencoderpp,history_015_vocals,The Doppler Shift - Atrophy,vocals,input,gain_plus6,0.029471755027770996
fxencoderpp,history_015_vocals,The Doppler Shift - Atrophy,vocals,input,eq_minus6,0.017140090465545654
fxencoderpp,history_015_vocals,The Doppler Shift - Atrophy,vocals,input,eq_plus6,0.022030115127563477
fxencoderpp,history_015_vocals,The Doppler Shift - Atrophy,vocals,input,comp_ratio2,0.03461116552352905
fxencoderpp,history_015_vocals,The Doppler Shift - Atrophy,vocals,input,comp_ratio4,0.07708442211151123
fxencoderpp,history_015_vocals,The Doppler Shift - Atrophy,vocals,normalized,identity,0.0
fxencoderpp,history_015_vocals,The Doppler Shift - Atrophy,vocals,normalized,gain_minus6,1.1920928955078125e-07
fxencoderpp,history_015_vocals,The Doppler Shift - Atrophy,vocals,normalized,gain_plus6,5.960464477539063e-08
fxencoderpp,history_015_vocals,The Doppler Shift - Atrophy,vocals,normalized,eq_minus6,7.325410842895508e-05
fxencoderpp,history_015_vocals,The Doppler Shift - Atrophy,vocals,normalized,eq_plus6,0.0003180503845214844
fxencoderpp,history_015_vocals,The Doppler Shift - Atrophy,vocals,normalized,comp_ratio2,0.004192650318145752
fxencoderpp,history_015_vocals,The Doppler Shift - Atrophy,vocals,normalized,comp_ratio4,0.21922791004180908
fxencoderpp,history_015_other,Lyndsey Ollard - Catching Up,other,input,identity,0.0
fxencoderpp,history_015_other,Lyndsey Ollard - Catching Up,other,input,gain_minus6,0.01916348934173584
fxencoderpp,history_015_other,Lyndsey Ollard - Catching Up,other,input,gain_plus6,0.033037662506103516
fxencoderpp,history_015_other,Lyndsey Ollard - Catching Up,other,input,eq_minus6,0.01996004581451416
fxencoderpp,history_015_other,Lyndsey Ollard - Catching Up,other,input,eq_plus6,0.03516578674316406
fxencoderpp,history_015_other,Lyndsey Ollard - Catching Up,other,input,comp_ratio2,0.02883845567703247
fxencoderpp,history_015_other,Lyndsey Ollard - Catching Up,other,input,comp_ratio4,0.049949049949645996
fxencoderpp,history_015_other,Lyndsey Ollard - Catching Up,other,normalized,identity,0.0
fxencoderpp,history_015_other,Lyndsey Ollard - Catching Up,other,normalized,gain_minus6,1.6689300537109375e-06
fxencoderpp,history_015_other,Lyndsey Ollard - Catching Up,other,normalized,gain_plus6,9.5367431640625e-07
fxencoderpp,history_015_other,Lyndsey Ollard - Catching Up,other,normalized,eq_minus6,0.0026674270629882812
fxencoderpp,history_015_other,Lyndsey Ollard - Catching Up,other,normalized,eq_plus6,0.0001494288444519043
fxencoderpp,history_015_other,Lyndsey Ollard - Catching Up,other,normalized,comp_ratio2,0.02350139617919922
fxencoderpp,history_015_other,Lyndsey Ollard - Catching Up,other,normalized,comp_ratio4,0.3105430603027344
fxencoderpp,history_016_bass,Secretariat - Over The Top,bass,input,identity,0.0
fxencoderpp,history_016_bass,Secretariat - Over The Top,bass,input,gain_minus6,0.031784892082214355
fxencoderpp,history_016_bass,Secretariat - Over The Top,bass,input,gain_plus6,0.028880059719085693
fxencoderpp,history_016_bass,Secretariat - Over The Top,bass,input,eq_minus6,0.009434342384338379
fxencoderpp,history_016_bass,Secretariat - Over The Top,bass,input,eq_plus6,0.011487007141113281
fxencoderpp,history_016_bass,Secretariat - Over The Top,bass,input,comp_ratio2,0.01996469497680664
fxencoderpp,history_016_bass,Secretariat - Over The Top,bass,input,comp_ratio4,0.04008924961090088
fxencoderpp,history_016_bass,Secretariat - Over The Top,bass,normalized,identity,-1.1920928955078125e-07
fxencoderpp,history_016_bass,Secretariat - Over The Top,bass,normalized,gain_minus6,6.139278411865234e-06
fxencoderpp,history_016_bass,Secretariat - Over The Top,bass,normalized,gain_plus6,9.417533874511719e-06
fxencoderpp,history_016_bass,Secretariat - Over The Top,bass,normalized,eq_minus6,9.047985076904297e-05
fxencoderpp,history_016_bass,Secretariat - Over The Top,bass,normalized,eq_plus6,8.302927017211914e-05
fxencoderpp,history_016_bass,Secretariat - Over The Top,bass,normalized,comp_ratio2,0.08572041988372803
fxencoderpp,history_016_bass,Secretariat - Over The Top,bass,normalized,comp_ratio4,0.10054886341094971
fxencoderpp,history_016_drums,James Elder & Mark M Thompson - The English Actor,drums,input,identity,0.0
fxencoderpp,history_016_drums,James Elder & Mark M Thompson - The English Actor,drums,input,gain_minus6,0.013639569282531738
fxencoderpp,history_016_drums,James Elder & Mark M Thompson - The English Actor,drums,input,gain_plus6,0.015022993087768555
fxencoderpp,history_016_drums,James Elder & Mark M Thompson - The English Actor,drums,input,eq_minus6,0.0032486915588378906
fxencoderpp,history_016_drums,James Elder & Mark M Thompson - The English Actor,drums,input,eq_plus6,0.005523324012756348
fxencoderpp,history_016_drums,James Elder & Mark M Thompson - The English Actor,drums,input,comp_ratio2,0.032064080238342285
fxencoderpp,history_016_drums,James Elder & Mark M Thompson - The English Actor,drums,input,comp_ratio4,0.07967191934585571
fxencoderpp,history_016_drums,James Elder & Mark M Thompson - The English Actor,drums,normalized,identity,0.0
fxencoderpp,history_016_drums,James Elder & Mark M Thompson - The English Actor,drums,normalized,gain_minus6,5.960464477539063e-08
fxencoderpp,history_016_drums,James Elder & Mark M Thompson - The English Actor,drums,normalized,gain_plus6,2.384185791015625e-07
fxencoderpp,history_016_drums,James Elder & Mark M Thompson - The English Actor,drums,normalized,eq_minus6,0.002971470355987549
fxencoderpp,history_016_drums,James Elder & Mark M Thompson - The English Actor,drums,normalized,eq_plus6,0.0009694695472717285
fxencoderpp,history_016_drums,James Elder & Mark M Thompson - The English Actor,drums,normalized,comp_ratio2,0.027974486351013184
fxencoderpp,history_016_drums,James Elder & Mark M Thompson - The English Actor,drums,normalized,comp_ratio4,0.04489821195602417
fxencoderpp,history_016_vocals,BKS - Too Much,vocals,input,identity,0.0
fxencoderpp,history_016_vocals,BKS - Too Much,vocals,input,gain_minus6,0.04475003480911255
fxencoderpp,history_016_vocals,BKS - Too Much,vocals,input,gain_plus6,0.05951792001724243
fxencoderpp,history_016_vocals,BKS - Too Much,vocals,input,eq_minus6,0.01439368724822998
fxencoderpp,history_016_vocals,BKS - Too Much,vocals,input,eq_plus6,0.020852088928222656
fxencoderpp,history_016_vocals,BKS - Too Much,vocals,input,comp_ratio2,0.030553817749023438
fxencoderpp,history_016_vocals,BKS - Too Much,vocals,input,comp_ratio4,0.06354248523712158
fxencoderpp,history_016_vocals,BKS - Too Much,vocals,normalized,identity,0.0
fxencoderpp,history_016_vocals,BKS - Too Much,vocals,normalized,gain_minus6,0.0
fxencoderpp,history_016_vocals,BKS - Too Much,vocals,normalized,gain_plus6,-1.1920928955078125e-07
fxencoderpp,history_016_vocals,BKS - Too Much,vocals,normalized,eq_minus6,0.00024050474166870117
fxencoderpp,history_016_vocals,BKS - Too Much,vocals,normalized,eq_plus6,0.19148409366607666
fxencoderpp,history_016_vocals,BKS - Too Much,vocals,normalized,comp_ratio2,0.1930828094482422
fxencoderpp,history_016_vocals,BKS - Too Much,vocals,normalized,comp_ratio4,0.006318449974060059
fxencoderpp,history_016_other,Detsky Sad - Walkie Talkie,other,input,identity,-1.1920928955078125e-07
fxencoderpp,history_016_other,Detsky Sad - Walkie Talkie,other,input,gain_minus6,0.019995927810668945
fxencoderpp,history_016_other,Detsky Sad - Walkie Talkie,other,input,gain_plus6,0.02105247974395752
fxencoderpp,history_016_other,Detsky Sad - Walkie Talkie,other,input,eq_minus6,0.021804094314575195
fxencoderpp,history_016_other,Detsky Sad - Walkie Talkie,other,input,eq_plus6,0.0280611515045166
fxencoderpp,history_016_other,Detsky Sad - Walkie Talkie,other,input,comp_ratio2,0.01589787006378174
fxencoderpp,history_016_other,Detsky Sad - Walkie Talkie,other,input,comp_ratio4,0.03355807065963745
fxencoderpp,history_016_other,Detsky Sad - Walkie Talkie,other,normalized,identity,-1.1920928955078125e-07
fxencoderpp,history_016_other,Detsky Sad - Walkie Talkie,other,normalized,gain_minus6,-1.1920928955078125e-07
fxencoderpp,history_016_other,Detsky Sad - Walkie Talkie,other,normalized,gain_plus6,0.0
fxencoderpp,history_016_other,Detsky Sad - Walkie Talkie,other,normalized,eq_minus6,0.0003470778465270996
fxencoderpp,history_016_other,Detsky Sad - Walkie Talkie,other,normalized,eq_plus6,1.2278556823730469e-05
fxencoderpp,history_016_other,Detsky Sad - Walkie Talkie,other,normalized,comp_ratio2,0.0002758502960205078
fxencoderpp,history_016_other,Detsky Sad - Walkie Talkie,other,normalized,comp_ratio4,0.006706178188323975
fxencoderpp,history_017_bass,Hollow Ground - Ill Fate,bass,input,identity,-2.384185791015625e-07
fxencoderpp,history_017_bass,Hollow Ground - Ill Fate,bass,input,gain_minus6,0.015029072761535645
fxencoderpp,history_017_bass,Hollow Ground - Ill Fate,bass,input,gain_plus6,0.03162705898284912
fxencoderpp,history_017_bass,Hollow Ground - Ill Fate,bass,input,eq_minus6,0.005596637725830078
fxencoderpp,history_017_bass,Hollow Ground - Ill Fate,bass,input,eq_plus6,0.007586658000946045
fxencoderpp,history_017_bass,Hollow Ground - Ill Fate,bass,input,comp_ratio2,0.009678304195404053
fxencoderpp,history_017_bass,Hollow Ground - Ill Fate,bass,input,comp_ratio4,0.019488155841827393
fxencoderpp,history_017_bass,Hollow Ground - Ill Fate,bass,normalized,identity,-1.1920928955078125e-07
fxencoderpp,history_017_bass,Hollow Ground - Ill Fate,bass,normalized,gain_minus6,6.556510925292969e-06
fxencoderpp,history_017_bass,Hollow Ground - Ill Fate,bass,normalized,gain_plus6,2.5033950805664062e-06
fxencoderpp,history_017_bass,Hollow Ground - Ill Fate,bass,normalized,eq_minus6,0.0001404285430908203
fxencoderpp,history_017_bass,Hollow Ground - Ill Fate,bass,normalized,eq_plus6,0.0001138448715209961
fxencoderpp,history_017_bass,Hollow Ground - Ill Fate,bass,normalized,comp_ratio2,0.14227533340454102
fxencoderpp,history_017_bass,Hollow Ground - Ill Fate,bass,normalized,comp_ratio4,0.004241347312927246
fxencoderpp,history_017_drums,Secretariat - Over The Top,drums,input,identity,0.0
fxencoderpp,history_017_drums,Secretariat - Over The Top,drums,input,gain_minus6,0.03465116024017334
fxencoderpp,history_017_drums,Secretariat - Over The Top,drums,input,gain_plus6,0.07602018117904663
fxencoderpp,history_017_drums,Secretariat - Over The Top,drums,input,eq_minus6,0.00241774320602417
fxencoderpp,history_017_drums,Secretariat - Over The Top,drums,input,eq_plus6,0.00463181734085083
fxencoderpp,history_017_drums,Secretariat - Over The Top,drums,input,comp_ratio2,0.03041917085647583
fxencoderpp,history_017_drums,Secretariat - Over The Top,drums,input,comp_ratio4,0.05942261219024658
fxencoderpp,history_017_drums,Secretariat - Over The Top,drums,normalized,identity,0.0
fxencoderpp,history_017_drums,Secretariat - Over The Top,drums,normalized,gain_minus6,0.0
fxencoderpp,history_017_drums,Secretariat - Over The Top,drums,normalized,gain_plus6,1.1920928955078125e-07
fxencoderpp,history_017_drums,Secretariat - Over The Top,drums,normalized,eq_minus6,2.0265579223632812e-06
fxencoderpp,history_017_drums,Secretariat - Over The Top,drums,normalized,eq_plus6,1.7881393432617188e-06
fxencoderpp,history_017_drums,Secretariat - Over The Top,drums,normalized,comp_ratio2,0.029366612434387207
fxencoderpp,history_017_drums,Secretariat - Over The Top,drums,normalized,comp_ratio4,0.048671722412109375
fxencoderpp,history_017_vocals,Louis Cressy Band - Good Time,vocals,input,identity,0.0
fxencoderpp,history_017_vocals,Louis Cressy Band - Good Time,vocals,input,gain_minus6,0.013245165348052979
fxencoderpp,history_017_vocals,Louis Cressy Band - Good Time,vocals,input,gain_plus6,0.02044755220413208
fxencoderpp,history_017_vocals,Louis Cressy Band - Good Time,vocals,input,eq_minus6,0.00790262222290039
fxencoderpp,history_017_vocals,Louis Cressy Band - Good Time,vocals,input,eq_plus6,0.01169198751449585
fxencoderpp,history_017_vocals,Louis Cressy Band - Good Time,vocals,input,comp_ratio2,0.0043413639068603516
fxencoderpp,history_017_vocals,Louis Cressy Band - Good Time,vocals,input,comp_ratio4,0.009051084518432617
fxencoderpp,history_017_vocals,Louis Cressy Band - Good Time,vocals,normalized,identity,1.1920928955078125e-07
fxencoderpp,history_017_vocals,Louis Cressy Band - Good Time,vocals,normalized,gain_minus6,1.1920928955078125e-07
fxencoderpp,history_017_vocals,Louis Cressy Band - Good Time,vocals,normalized,gain_plus6,1.1920928955078125e-07
fxencoderpp,history_017_vocals,Louis Cressy Band - Good Time,vocals,normalized,eq_minus6,7.557868957519531e-05
fxencoderpp,history_017_vocals,Louis Cressy Band - Good Time,vocals,normalized,eq_plus6,1.9311904907226562e-05
fxencoderpp,history_017_vocals,Louis Cressy Band - Good Time,vocals,normalized,comp_ratio2,0.001039743423461914
fxencoderpp,history_017_vocals,Louis Cressy Band - Good Time,vocals,normalized,comp_ratio4,0.002898871898651123
fxencoderpp,history_017_other,We Fell From The Sky - Not You,other,input,identity,0.0
fxencoderpp,history_017_other,We Fell From The Sky - Not You,other,input,gain_minus6,0.015201270580291748
fxencoderpp,history_017_other,We Fell From The Sky - Not You,other,input,gain_plus6,0.024614691734313965
fxencoderpp,history_017_other,We Fell From The Sky - Not You,other,input,eq_minus6,0.014760076999664307
fxencoderpp,history_017_other,We Fell From The Sky - Not You,other,input,eq_plus6,0.021866917610168457
fxencoderpp,history_017_other,We Fell From The Sky - Not You,other,input,comp_ratio2,0.024669170379638672
fxencoderpp,history_017_other,We Fell From The Sky - Not You,other,input,comp_ratio4,0.052191734313964844
fxencoderpp,history_017_other,We Fell From The Sky - Not You,other,normalized,identity,-1.1920928955078125e-07
fxencoderpp,history_017_other,We Fell From The Sky - Not You,other,normalized,gain_minus6,5.960464477539063e-08
fxencoderpp,history_017_other,We Fell From The Sky - Not You,other,normalized,gain_plus6,1.1920928955078125e-07
fxencoderpp,history_017_other,We Fell From The Sky - Not You,other,normalized,eq_minus6,0.0015857815742492676
fxencoderpp,history_017_other,We Fell From The Sky - Not You,other,normalized,eq_plus6,0.001866757869720459
fxencoderpp,history_017_other,We Fell From The Sky - Not You,other,normalized,comp_ratio2,0.0007804632186889648
fxencoderpp,history_017_other,We Fell From The Sky - Not You,other,normalized,comp_ratio4,0.0018910765647888184
fxencoderpp,history_018_bass,The Easton Ellises (Baumi) - SDRNR,bass,input,identity,0.0
fxencoderpp,history_018_bass,The Easton Ellises (Baumi) - SDRNR,bass,input,gain_minus6,0.08146393299102783
fxencoderpp,history_018_bass,The Easton Ellises (Baumi) - SDRNR,bass,input,gain_plus6,0.0818604826927185
fxencoderpp,history_018_bass,The Easton Ellises (Baumi) - SDRNR,bass,input,eq_minus6,0.026057898998260498
fxencoderpp,history_018_bass,The Easton Ellises (Baumi) - SDRNR,bass,input,eq_plus6,0.045574188232421875
fxencoderpp,history_018_bass,The Easton Ellises (Baumi) - SDRNR,bass,input,comp_ratio2,0.024962246417999268
fxencoderpp,history_018_bass,The Easton Ellises (Baumi) - SDRNR,bass,input,comp_ratio4,0.03912550210952759
fxencoderpp,history_018_bass,The Easton Ellises (Baumi) - SDRNR,bass,normalized,identity,-1.1920928955078125e-07
fxencoderpp,history_018_bass,The Easton Ellises (Baumi) - SDRNR,bass,normalized,gain_minus6,5.0067901611328125e-06
fxencoderpp,history_018_bass,The Easton Ellises (Baumi) - SDRNR,bass,normalized,gain_plus6,3.7550926208496094e-06
fxencoderpp,history_018_bass,The Easton Ellises (Baumi) - SDRNR,bass,normalized,eq_minus6,9.226799011230469e-05
fxencoderpp,history_018_bass,The Easton Ellises (Baumi) - SDRNR,bass,normalized,eq_plus6,0.00014448165893554688
fxencoderpp,history_018_bass,The Easton Ellises (Baumi) - SDRNR,bass,normalized,comp_ratio2,0.006650745868682861
fxencoderpp,history_018_bass,The Easton Ellises (Baumi) - SDRNR,bass,normalized,comp_ratio4,0.00971895456314087
fxencoderpp,history_018_drums,Speak Softly - Like Horses,drums,input,identity,0.0
fxencoderpp,history_018_drums,Speak Softly - Like Horses,drums,input,gain_minus6,0.021252810955047607
fxencoderpp,history_018_drums,Speak Softly - Like Horses,drums,input,gain_plus6,0.039329469203948975
fxencoderpp,history_018_drums,Speak Softly - Like Horses,drums,input,eq_minus6,0.014300107955932617
fxencoderpp,history_018_drums,Speak Softly - Like Horses,drums,input,eq_plus6,0.03175264596939087
fxencoderpp,history_018_drums,Speak Softly - Like Horses,drums,input,comp_ratio2,0.04218417406082153
fxencoderpp,history_018_drums,Speak Softly - Like Horses,drums,input,comp_ratio4,0.11093813180923462
fxencoderpp,history_018_drums,Speak Softly - Like Horses,drums,normalized,identity,-1.1920928955078125e-07
fxencoderpp,history_018_drums,Speak Softly - Like Horses,drums,normalized,gain_minus6,0.0
fxencoderpp,history_018_drums,Speak Softly - Like Horses,drums,normalized,gain_plus6,0.0
fxencoderpp,history_018_drums,Speak Softly - Like Horses,drums,normalized,eq_minus6,1.0788440704345703e-05
fxencoderpp,history_018_drums,Speak Softly - Like Horses,drums,normalized,eq_plus6,2.2649765014648438e-06
fxencoderpp,history_018_drums,Speak Softly - Like Horses,drums,normalized,comp_ratio2,0.0451662540435791
fxencoderpp,history_018_drums,Speak Softly - Like Horses,drums,normalized,comp_ratio4,0.0841379165649414
fxencoderpp,history_018_vocals,Angels In Amplifiers - I'm Alright,vocals,input,identity,0.0
fxencoderpp,history_018_vocals,Angels In Amplifiers - I'm Alright,vocals,input,gain_minus6,0.020267844200134277
fxencoderpp,history_018_vocals,Angels In Amplifiers - I'm Alright,vocals,input,gain_plus6,0.030338048934936523
fxencoderpp,history_018_vocals,Angels In Amplifiers - I'm Alright,vocals,input,eq_minus6,0.008969366550445557
fxencoderpp,history_018_vocals,Angels In Amplifiers - I'm Alright,vocals,input,eq_plus6,0.009289562702178955
fxencoderpp,history_018_vocals,Angels In Amplifiers - I'm Alright,vocals,input,comp_ratio2,0.07124537229537964
fxencoderpp,history_018_vocals,Angels In Amplifiers - I'm Alright,vocals,input,comp_ratio4,0.1225656270980835
fxencoderpp,history_018_vocals,Angels In Amplifiers - I'm Alright,vocals,normalized,identity,0.0
fxencoderpp,history_018_vocals,Angels In Amplifiers - I'm Alright,vocals,normalized,gain_minus6,0.0
fxencoderpp,history_018_vocals,Angels In Amplifiers - I'm Alright,vocals,normalized,gain_plus6,0.0
fxencoderpp,history_018_vocals,Angels In Amplifiers - I'm Alright,vocals,normalized,eq_minus6,0.00031441450119018555
fxencoderpp,history_018_vocals,Angels In Amplifiers - I'm Alright,vocals,normalized,eq_plus6,9.131431579589844e-05
fxencoderpp,history_018_vocals,Angels In Amplifiers - I'm Alright,vocals,normalized,comp_ratio2,0.004284501075744629
fxencoderpp,history_018_vocals,Angels In Amplifiers - I'm Alright,vocals,normalized,comp_ratio4,0.013161659240722656
fxencoderpp,history_018_other,The Sunshine Garcia Band - For I Am The Moon,other,input,identity,0.0
fxencoderpp,history_018_other,The Sunshine Garcia Band - For I Am The Moon,other,input,gain_minus6,0.011848628520965576
fxencoderpp,history_018_other,The Sunshine Garcia Band - For I Am The Moon,other,input,gain_plus6,0.014512717723846436
fxencoderpp,history_018_other,The Sunshine Garcia Band - For I Am The Moon,other,input,eq_minus6,0.011205554008483887
fxencoderpp,history_018_other,The Sunshine Garcia Band - For I Am The Moon,other,input,eq_plus6,0.0210685133934021
fxencoderpp,history_018_other,The Sunshine Garcia Band - For I Am The Moon,other,input,comp_ratio2,0.0070906877517700195
fxencoderpp,history_018_other,The Sunshine Garcia Band - For I Am The Moon,other,input,comp_ratio4,0.015173792839050293
fxencoderpp,history_018_other,The Sunshine Garcia Band - For I Am The Moon,other,normalized,identity,0.0
fxencoderpp,history_018_other,The Sunshine Garcia Band - For I Am The Moon,other,normalized,gain_minus6,1.7881393432617188e-06
fxencoderpp,history_018_other,The Sunshine Garcia Band - For I Am The Moon,other,normalized,gain_plus6,2.5033950805664062e-06
fxencoderpp,history_018_other,The Sunshine Garcia Band - For I Am The Moon,other,normalized,eq_minus6,7.486343383789062e-05
fxencoderpp,history_018_other,The Sunshine Garcia Band - For I Am The Moon,other,normalized,eq_plus6,0.17663025856018066
fxencoderpp,history_018_other,The Sunshine Garcia Band - For I Am The Moon,other,normalized,comp_ratio2,0.0049675703048706055
fxencoderpp,history_018_other,The Sunshine Garcia Band - For I Am The Moon,other,normalized,comp_ratio4,0.011877298355102539
fxencoderpp,history_019_bass,Bobby Nobody - Stitch Up,bass,input,identity,0.0
fxencoderpp,history_019_bass,Bobby Nobody - Stitch Up,bass,input,gain_minus6,0.011901259422302246
fxencoderpp,history_019_bass,Bobby Nobody - Stitch Up,bass,input,gain_plus6,0.061146676540374756
fxencoderpp,history_019_bass,Bobby Nobody - Stitch Up,bass,input,eq_minus6,0.005901634693145752
fxencoderpp,history_019_bass,Bobby Nobody - Stitch Up,bass,input,eq_plus6,0.010596096515655518
fxencoderpp,history_019_bass,Bobby Nobody - Stitch Up,bass,input,comp_ratio2,0.0018647313117980957
fxencoderpp,history_019_bass,Bobby Nobody - Stitch Up,bass,input,comp_ratio4,0.0044612884521484375
fxencoderpp,history_019_bass,Bobby Nobody - Stitch Up,bass,normalized,identity,-1.1920928955078125e-07
fxencoderpp,history_019_bass,Bobby Nobody - Stitch Up,bass,normalized,gain_minus6,5.4836273193359375e-06
fxencoderpp,history_019_bass,Bobby Nobody - Stitch Up,bass,normalized,gain_plus6,4.112720489501953e-06
fxencoderpp,history_019_bass,Bobby Nobody - Stitch Up,bass,normalized,eq_minus6,0.0001766681671142578
fxencoderpp,history_019_bass,Bobby Nobody - Stitch Up,bass,normalized,eq_plus6,0.1129884123802185
fxencoderpp,history_019_bass,Bobby Nobody - Stitch Up,bass,normalized,comp_ratio2,0.12472671270370483
fxencoderpp,history_019_bass,Bobby Nobody - Stitch Up,bass,normalized,comp_ratio4,0.13366669416427612
fxencoderpp,history_019_drums,Triviul feat. The Fiend - Widow,drums,input,identity,-2.384185791015625e-07
fxencoderpp,history_019_drums,Triviul feat. The Fiend - Widow,drums,input,gain_minus6,0.019174814224243164
fxencoderpp,history_019_drums,Triviul feat. The Fiend - Widow,drums,input,gain_plus6,0.03304135799407959
fxencoderpp,history_019_drums,Triviul feat. The Fiend - Widow,drums,input,eq_minus6,0.009180426597595215
fxencoderpp,history_019_drums,Triviul feat. The Fiend - Widow,drums,input,eq_plus6,0.01727116107940674
fxencoderpp,history_019_drums,Triviul feat. The Fiend - Widow,drums,input,comp_ratio2,0.024658262729644775
fxencoderpp,history_019_drums,Triviul feat. The Fiend - Widow,drums,input,comp_ratio4,0.04241442680358887
fxencoderpp,history_019_drums,Triviul feat. The Fiend - Widow,drums,normalized,identity,0.0
fxencoderpp,history_019_drums,Triviul feat. The Fiend - Widow,drums,normalized,gain_minus6,0.0
fxencoderpp,history_019_drums,Triviul feat. The Fiend - Widow,drums,normalized,gain_plus6,0.0
fxencoderpp,history_019_drums,Triviul feat. The Fiend - Widow,drums,normalized,eq_minus6,4.07099723815918e-05
fxencoderpp,history_019_drums,Triviul feat. The Fiend - Widow,drums,normalized,eq_plus6,6.121397018432617e-05
fxencoderpp,history_019_drums,Triviul feat. The Fiend - Widow,drums,normalized,comp_ratio2,0.02557474374771118
fxencoderpp,history_019_drums,Triviul feat. The Fiend - Widow,drums,normalized,comp_ratio4,0.051515281200408936
fxencoderpp,history_019_vocals,The Sunshine Garcia Band - For I Am The Moon,vocals,input,identity,0.0
fxencoderpp,history_019_vocals,The Sunshine Garcia Band - For I Am The Moon,vocals,input,gain_minus6,0.02749645709991455
fxencoderpp,history_019_vocals,The Sunshine Garcia Band - For I Am The Moon,vocals,input,gain_plus6,0.034637451171875
fxencoderpp,history_019_vocals,The Sunshine Garcia Band - For I Am The Moon,vocals,input,eq_minus6,0.011792957782745361
fxencoderpp,history_019_vocals,The Sunshine Garcia Band - For I Am The Moon,vocals,input,eq_plus6,0.014353334903717041
fxencoderpp,history_019_vocals,The Sunshine Garcia Band - For I Am The Moon,vocals,input,comp_ratio2,0.01420658826828003
fxencoderpp,history_019_vocals,The Sunshine Garcia Band - For I Am The Moon,vocals,input,comp_ratio4,0.02961862087249756
fxencoderpp,history_019_vocals,The Sunshine Garcia Band - For I Am The Moon,vocals,normalized,identity,5.960464477539063e-08
fxencoderpp,history_019_vocals,The Sunshine Garcia Band - For I Am The Moon,vocals,normalized,gain_minus6,0.0
fxencoderpp,history_019_vocals,The Sunshine Garcia Band - For I Am The Moon,vocals,normalized,gain_plus6,1.1920928955078125e-07
fxencoderpp,history_019_vocals,The Sunshine Garcia Band - For I Am The Moon,vocals,normalized,eq_minus6,6.854534149169922e-06
fxencoderpp,history_019_vocals,The Sunshine Garcia Band - For I Am The Moon,vocals,normalized,eq_plus6,8.881092071533203e-06
fxencoderpp,history_019_vocals,The Sunshine Garcia Band - For I Am The Moon,vocals,normalized,comp_ratio2,0.0023431777954101562
fxencoderpp,history_019_vocals,The Sunshine Garcia Band - For I Am The Moon,vocals,normalized,comp_ratio4,0.0038688182830810547
fxencoderpp,history_019_other,Buitraker - Revo X,other,input,identity,5.960464477539063e-08
fxencoderpp,history_019_other,Buitraker - Revo X,other,input,gain_minus6,0.04924917221069336
fxencoderpp,history_019_other,Buitraker - Revo X,other,input,gain_plus6,0.0519794225692749
fxencoderpp,history_019_other,Buitraker - Revo X,other,input,eq_minus6,0.030680716037750244
fxencoderpp,history_019_other,Buitraker - Revo X,other,input,eq_plus6,0.04561382532119751
fxencoderpp,history_019_other,Buitraker - Revo X,other,input,comp_ratio2,0.0027317404747009277
fxencoderpp,history_019_other,Buitraker - Revo X,other,input,comp_ratio4,0.007319629192352295
fxencoderpp,history_019_other,Buitraker - Revo X,other,normalized,identity,0.0
fxencoderpp,history_019_other,Buitraker - Revo X,other,normalized,gain_minus6,1.7881393432617188e-07
fxencoderpp,history_019_other,Buitraker - Revo X,other,normalized,gain_plus6,1.1920928955078125e-07
fxencoderpp,history_019_other,Buitraker - Revo X,other,normalized,eq_minus6,0.00013267993927001953
fxencoderpp,history_019_other,Buitraker - Revo X,other,normalized,eq_plus6,5.1915645599365234e-05
fxencoderpp,history_019_other,Buitraker - Revo X,other,normalized,comp_ratio2,0.01885998249053955
fxencoderpp,history_019_other,Buitraker - Revo X,other,normalized,comp_ratio4,0.03806215524673462
fxencoderpp,history_020_bass,Triviul feat. The Fiend - Widow,bass,input,identity,-1.1920928955078125e-07
fxencoderpp,history_020_bass,Triviul feat. The Fiend - Widow,bass,input,gain_minus6,0.017439544200897217
fxencoderpp,history_020_bass,Triviul feat. The Fiend - Widow,bass,input,gain_plus6,0.03489762544631958
fxencoderpp,history_020_bass,Triviul feat. The Fiend - Widow,bass,input,eq_minus6,0.011496782302856445
fxencoderpp,history_020_bass,Triviul feat. The Fiend - Widow,bass,input,eq_plus6,0.01842588186264038
fxencoderpp,history_020_bass,Triviul feat. The Fiend - Widow,bass,input,comp_ratio2,0.009604096412658691
fxencoderpp,history_020_bass,Triviul feat. The Fiend - Widow,bass,input,comp_ratio4,0.02127307653427124
fxencoderpp,history_020_bass,Triviul feat. The Fiend - Widow,bass,normalized,identity,0.0
fxencoderpp,history_020_bass,Triviul feat. The Fiend - Widow,bass,normalized,gain_minus6,2.2649765014648438e-06
fxencoderpp,history_020_bass,Triviul feat. The Fiend - Widow,bass,normalized,gain_plus6,1.3113021850585938e-06
fxencoderpp,history_020_bass,Triviul feat. The Fiend - Widow,bass,normalized,eq_minus6,0.00025403499603271484
fxencoderpp,history_020_bass,Triviul feat. The Fiend - Widow,bass,normalized,eq_plus6,0.12180352210998535
fxencoderpp,history_020_bass,Triviul feat. The Fiend - Widow,bass,normalized,comp_ratio2,0.11935174465179443
fxencoderpp,history_020_bass,Triviul feat. The Fiend - Widow,bass,normalized,comp_ratio4,0.12138330936431885
fxencoderpp,history_020_drums,Side Effects Project - Sing With Me,drums,input,identity,0.0
fxencoderpp,history_020_drums,Side Effects Project - Sing With Me,drums,input,gain_minus6,0.02680104970932007
fxencoderpp,history_020_drums,Side Effects Project - Sing With Me,drums,input,gain_plus6,0.037632644176483154
fxencoderpp,history_020_drums,Side Effects Project - Sing With Me,drums,input,eq_minus6,0.018235743045806885
fxencoderpp,history_020_drums,Side Effects Project - Sing With Me,drums,input,eq_plus6,0.03160381317138672
fxencoderpp,history_020_drums,Side Effects Project - Sing With Me,drums,input,comp_ratio2,0.015265405178070068
fxencoderpp,history_020_drums,Side Effects Project - Sing With Me,drums,input,comp_ratio4,0.03352689743041992
fxencoderpp,history_020_drums,Side Effects Project - Sing With Me,drums,normalized,identity,-1.1920928955078125e-07
fxencoderpp,history_020_drums,Side Effects Project - Sing With Me,drums,normalized,gain_minus6,2.980232238769531e-07
fxencoderpp,history_020_drums,Side Effects Project - Sing With Me,drums,normalized,gain_plus6,0.0
fxencoderpp,history_020_drums,Side Effects Project - Sing With Me,drums,normalized,eq_minus6,4.875659942626953e-05
fxencoderpp,history_020_drums,Side Effects Project - Sing With Me,drums,normalized,eq_plus6,3.147125244140625e-05
fxencoderpp,history_020_drums,Side Effects Project - Sing With Me,drums,normalized,comp_ratio2,0.18148434162139893
fxencoderpp,history_020_drums,Side Effects Project - Sing With Me,drums,normalized,comp_ratio4,0.17345184087753296
fxencoderpp,history_020_vocals,The Mountaineering Club - Mallory,vocals,input,identity,-1.1920928955078125e-07
fxencoderpp,history_020_vocals,The Mountaineering Club - Mallory,vocals,input,gain_minus6,0.011535406112670898
fxencoderpp,history_020_vocals,The Mountaineering Club - Mallory,vocals,input,gain_plus6,0.015660524368286133
fxencoderpp,history_020_vocals,The Mountaineering Club - Mallory,vocals,input,eq_minus6,0.009141087532043457
fxencoderpp,history_020_vocals,The Mountaineering Club - Mallory,vocals,input,eq_plus6,0.015447795391082764
fxencoderpp,history_020_vocals,The Mountaineering Club - Mallory,vocals,input,comp_ratio2,0.005504608154296875
fxencoderpp,history_020_vocals,The Mountaineering Club - Mallory,vocals,input,comp_ratio4,0.010956168174743652
fxencoderpp,history_020_vocals,The Mountaineering Club - Mallory,vocals,normalized,identity,-1.1920928955078125e-07
fxencoderpp,history_020_vocals,The Mountaineering Club - Mallory,vocals,normalized,gain_minus6,4.172325134277344e-07
fxencoderpp,history_020_vocals,The Mountaineering Club - Mallory,vocals,normalized,gain_plus6,5.960464477539063e-08
fxencoderpp,history_020_vocals,The Mountaineering Club - Mallory,vocals,normalized,eq_minus6,0.2773807644844055
fxencoderpp,history_020_vocals,The Mountaineering Club - Mallory,vocals,normalized,eq_plus6,8.702278137207031e-06
fxencoderpp,history_020_vocals,The Mountaineering Club - Mallory,vocals,normalized,comp_ratio2,0.21845334768295288
fxencoderpp,history_020_vocals,The Mountaineering Club - Mallory,vocals,normalized,comp_ratio4,0.2137317657470703
fxencoderpp,history_020_other,The Long Wait - Dark Horses,other,input,identity,-1.1920928955078125e-07
fxencoderpp,history_020_other,The Long Wait - Dark Horses,other,input,gain_minus6,0.01116788387298584
fxencoderpp,history_020_other,The Long Wait - Dark Horses,other,input,gain_plus6,0.02077728509902954
fxencoderpp,history_020_other,The Long Wait - Dark Horses,other,input,eq_minus6,0.008822202682495117
fxencoderpp,history_020_other,The Long Wait - Dark Horses,other,input,eq_plus6,0.015575706958770752
fxencoderpp,history_020_other,The Long Wait - Dark Horses,other,input,comp_ratio2,0.011857450008392334
fxencoderpp,history_020_other,The Long Wait - Dark Horses,other,input,comp_ratio4,0.022859930992126465
fxencoderpp,history_020_other,The Long Wait - Dark Horses,other,normalized,identity,5.960464477539063e-08
fxencoderpp,history_020_other,The Long Wait - Dark Horses,other,normalized,gain_minus6,1.0728836059570312e-06
fxencoderpp,history_020_other,The Long Wait - Dark Horses,other,normalized,gain_plus6,5.364418029785156e-07
fxencoderpp,history_020_other,The Long Wait - Dark Horses,other,normalized,eq_minus6,0.00029075145721435547
fxencoderpp,history_020_other,The Long Wait - Dark Horses,other,normalized,eq_plus6,0.0013073086738586426
fxencoderpp,history_020_other,The Long Wait - Dark Horses,other,normalized,comp_ratio2,0.24647223949432373
fxencoderpp,history_020_other,The Long Wait - Dark Horses,other,normalized,comp_ratio4,0.24964070320129395
fxencoderpp,history_021_bass,Skelpolu - Resurrection,bass,input,identity,0.0
fxencoderpp,history_021_bass,Skelpolu - Resurrection,bass,input,gain_minus6,0.014336228370666504
fxencoderpp,history_021_bass,Skelpolu - Resurrection,bass,input,gain_plus6,0.012278199195861816
fxencoderpp,history_021_bass,Skelpolu - Resurrection,bass,input,eq_minus6,0.014239609241485596
fxencoderpp,history_021_bass,Skelpolu - Resurrection,bass,input,eq_plus6,0.019506096839904785
fxencoderpp,history_021_bass,Skelpolu - Resurrection,bass,input,comp_ratio2,0.004683434963226318
fxencoderpp,history_021_bass,Skelpolu - Resurrection,bass,input,comp_ratio4,0.010058581829071045
fxencoderpp,history_021_bass,Skelpolu - Resurrection,bass,normalized,identity,-1.1920928955078125e-07
fxencoderpp,history_021_bass,Skelpolu - Resurrection,bass,normalized,gain_minus6,6.9141387939453125e-06
fxencoderpp,history_021_bass,Skelpolu - Resurrection,bass,normalized,gain_plus6,1.5497207641601562e-06
fxencoderpp,history_021_bass,Skelpolu - Resurrection,bass,normalized,eq_minus6,5.27501106262207e-05
fxencoderpp,history_021_bass,Skelpolu - Resurrection,bass,normalized,eq_plus6,0.0009841322898864746
fxencoderpp,history_021_bass,Skelpolu - Resurrection,bass,normalized,comp_ratio2,0.001277327537536621
fxencoderpp,history_021_bass,Skelpolu - Resurrection,bass,normalized,comp_ratio4,0.003013014793395996
fxencoderpp,history_021_drums,Zeno - Signs,drums,input,identity,0.0
fxencoderpp,history_021_drums,Zeno - Signs,drums,input,gain_minus6,0.03469705581665039
fxencoderpp,history_021_drums,Zeno - Signs,drums,input,gain_plus6,0.05687415599822998
fxencoderpp,history_021_drums,Zeno - Signs,drums,input,eq_minus6,0.00818932056427002
fxencoderpp,history_021_drums,Zeno - Signs,drums,input,eq_plus6,0.019418656826019287
fxencoderpp,history_021_drums,Zeno - Signs,drums,input,comp_ratio2,0.03956037759780884
fxencoderpp,history_021_drums,Zeno - Signs,drums,input,comp_ratio4,0.10230624675750732
fxencoderpp,history_021_drums,Zeno - Signs,drums,normalized,identity,-1.1920928955078125e-07
fxencoderpp,history_021_drums,Zeno - Signs,drums,normalized,gain_minus6,0.0
fxencoderpp,history_021_drums,Zeno - Signs,drums,normalized,gain_plus6,4.172325134277344e-07
fxencoderpp,history_021_drums,Zeno - Signs,drums,normalized,eq_minus6,0.0008654594421386719
fxencoderpp,history_021_drums,Zeno - Signs,drums,normalized,eq_plus6,3.0100345611572266e-05
fxencoderpp,history_021_drums,Zeno - Signs,drums,normalized,comp_ratio2,0.2105908989906311
fxencoderpp,history_021_drums,Zeno - Signs,drums,normalized,comp_ratio4,0.2055124044418335
fxencoderpp,history_021_vocals,Georgia Wonder - Siren,vocals,input,identity,0.0
fxencoderpp,history_021_vocals,Georgia Wonder - Siren,vocals,input,gain_minus6,0.018032073974609375
fxencoderpp,history_021_vocals,Georgia Wonder - Siren,vocals,input,gain_plus6,0.018536269664764404
fxencoderpp,history_021_vocals,Georgia Wonder - Siren,vocals,input,eq_minus6,0.016042232513427734
fxencoderpp,history_021_vocals,Georgia Wonder - Siren,vocals,input,eq_plus6,0.01888132095336914
fxencoderpp,history_021_vocals,Georgia Wonder - Siren,vocals,input,comp_ratio2,0.016411662101745605
fxencoderpp,history_021_vocals,Georgia Wonder - Siren,vocals,input,comp_ratio4,0.024749279022216797
fxencoderpp,history_021_vocals,Georgia Wonder - Siren,vocals,normalized,identity,5.960464477539063e-08
fxencoderpp,history_021_vocals,Georgia Wonder - Siren,vocals,normalized,gain_minus6,0.0
fxencoderpp,history_021_vocals,Georgia Wonder - Siren,vocals,normalized,gain_plus6,0.0
fxencoderpp,history_021_vocals,Georgia Wonder - Siren,vocals,normalized,eq_minus6,8.350610733032227e-05
fxencoderpp,history_021_vocals,Georgia Wonder - Siren,vocals,normalized,eq_plus6,0.00013816356658935547
fxencoderpp,history_021_vocals,Georgia Wonder - Siren,vocals,normalized,comp_ratio2,0.13747990131378174
fxencoderpp,history_021_vocals,Georgia Wonder - Siren,vocals,normalized,comp_ratio4,0.022014856338500977
fxencoderpp,history_021_other,The Doppler Shift - Atrophy,other,input,identity,0.0
fxencoderpp,history_021_other,The Doppler Shift - Atrophy,other,input,gain_minus6,0.026183009147644043
fxencoderpp,history_021_other,The Doppler Shift - Atrophy,other,input,gain_plus6,0.03498554229736328
fxencoderpp,history_021_other,The Doppler Shift - Atrophy,other,input,eq_minus6,0.01164335012435913
fxencoderpp,history_021_other,The Doppler Shift - Atrophy,other,input,eq_plus6,0.018940269947052002
fxencoderpp,history_021_other,The Doppler Shift - Atrophy,other,input,comp_ratio2,0.028986871242523193
fxencoderpp,history_021_other,The Doppler Shift - Atrophy,other,input,comp_ratio4,0.06284153461456299
fxencoderpp,history_021_other,The Doppler Shift - Atrophy,other,normalized,identity,0.0
fxencoderpp,history_021_other,The Doppler Shift - Atrophy,other,normalized,gain_minus6,0.0
fxencoderpp,history_021_other,The Doppler Shift - Atrophy,other,normalized,gain_plus6,5.960464477539063e-08
fxencoderpp,history_021_other,The Doppler Shift - Atrophy,other,normalized,eq_minus6,0.20393234491348267
fxencoderpp,history_021_other,The Doppler Shift - Atrophy,other,normalized,eq_plus6,0.0014002323150634766
fxencoderpp,history_021_other,The Doppler Shift - Atrophy,other,normalized,comp_ratio2,0.18184208869934082
fxencoderpp,history_021_other,The Doppler Shift - Atrophy,other,normalized,comp_ratio4,0.008690118789672852
fxencoderpp,history_022_bass,The Easton Ellises - Falcon 69,bass,input,identity,0.0
fxencoderpp,history_022_bass,The Easton Ellises - Falcon 69,bass,input,gain_minus6,0.025894463062286377
fxencoderpp,history_022_bass,The Easton Ellises - Falcon 69,bass,input,gain_plus6,0.03143501281738281
fxencoderpp,history_022_bass,The Easton Ellises - Falcon 69,bass,input,eq_minus6,0.01601588726043701
fxencoderpp,history_022_bass,The Easton Ellises - Falcon 69,bass,input,eq_plus6,0.024271070957183838
fxencoderpp,history_022_bass,The Easton Ellises - Falcon 69,bass,input,comp_ratio2,0.010413110256195068
fxencoderpp,history_022_bass,The Easton Ellises - Falcon 69,bass,input,comp_ratio4,0.023242712020874023
fxencoderpp,history_022_bass,The Easton Ellises - Falcon 69,bass,normalized,identity,-1.1920928955078125e-07
fxencoderpp,history_022_bass,The Easton Ellises - Falcon 69,bass,normalized,gain_minus6,7.748603820800781e-07
fxencoderpp,history_022_bass,The Easton Ellises - Falcon 69,bass,normalized,gain_plus6,8.940696716308594e-07
fxencoderpp,history_022_bass,The Easton Ellises - Falcon 69,bass,normalized,eq_minus6,3.4332275390625e-05
fxencoderpp,history_022_bass,The Easton Ellises - Falcon 69,bass,normalized,eq_plus6,3.4689903259277344e-05
fxencoderpp,history_022_bass,The Easton Ellises - Falcon 69,bass,normalized,comp_ratio2,0.24351871013641357
fxencoderpp,history_022_bass,The Easton Ellises - Falcon 69,bass,normalized,comp_ratio4,0.24542057514190674
fxencoderpp,history_022_drums,Juliet's Rescue - Heartbeats,drums,input,identity,0.0
fxencoderpp,history_022_drums,Juliet's Rescue - Heartbeats,drums,input,gain_minus6,0.012118339538574219
fxencoderpp,history_022_drums,Juliet's Rescue - Heartbeats,drums,input,gain_plus6,0.017275989055633545
fxencoderpp,history_022_drums,Juliet's Rescue - Heartbeats,drums,input,eq_minus6,0.002931833267211914
fxencoderpp,history_022_drums,Juliet's Rescue - Heartbeats,drums,input,eq_plus6,0.0063484907150268555
fxencoderpp,history_022_drums,Juliet's Rescue - Heartbeats,drums,input,comp_ratio2,0.018055737018585205
fxencoderpp,history_022_drums,Juliet's Rescue - Heartbeats,drums,input,comp_ratio4,0.040661752223968506
fxencoderpp,history_022_drums,Juliet's Rescue - Heartbeats,drums,normalized,identity,-1.1920928955078125e-07
fxencoderpp,history_022_drums,Juliet's Rescue - Heartbeats,drums,normalized,gain_minus6,-1.1920928955078125e-07
fxencoderpp,history_022_drums,Juliet's Rescue - Heartbeats,drums,normalized,gain_plus6,-1.1920928955078125e-07
fxencoderpp,history_022_drums,Juliet's Rescue - Heartbeats,drums,normalized,eq_minus6,0.22583991289138794
fxencoderpp,history_022_drums,Juliet's Rescue - Heartbeats,drums,normalized,eq_plus6,0.0050528645515441895
fxencoderpp,history_022_drums,Juliet's Rescue - Heartbeats,drums,normalized,comp_ratio2,0.020393192768096924
fxencoderpp,history_022_drums,Juliet's Rescue - Heartbeats,drums,normalized,comp_ratio4,0.2657749652862549
fxencoderpp,history_022_vocals,Little Chicago's Finest - My Own,vocals,input,identity,5.960464477539063e-08
fxencoderpp,history_022_vocals,Little Chicago's Finest - My Own,vocals,input,gain_minus6,0.0132407546043396
fxencoderpp,history_022_vocals,Little Chicago's Finest - My Own,vocals,input,gain_plus6,0.02267277240753174
fxencoderpp,history_022_vocals,Little Chicago's Finest - My Own,vocals,input,eq_minus6,0.010009944438934326
fxencoderpp,history_022_vocals,Little Chicago's Finest - My Own,vocals,input,eq_plus6,0.014517903327941895
fxencoderpp,history_022_vocals,Little Chicago's Finest - My Own,vocals,input,comp_ratio2,0.010497212409973145
fxencoderpp,history_022_vocals,Little Chicago's Finest - My Own,vocals,input,comp_ratio4,0.025147676467895508
fxencoderpp,history_022_vocals,Little Chicago's Finest - My Own,vocals,normalized,identity,-1.1920928955078125e-07
fxencoderpp,history_022_vocals,Little Chicago's Finest - My Own,vocals,normalized,gain_minus6,0.0
fxencoderpp,history_022_vocals,Little Chicago's Finest - My Own,vocals,normalized,gain_plus6,3.5762786865234375e-07
fxencoderpp,history_022_vocals,Little Chicago's Finest - My Own,vocals,normalized,eq_minus6,6.979703903198242e-05
fxencoderpp,history_022_vocals,Little Chicago's Finest - My Own,vocals,normalized,eq_plus6,0.0001506805419921875
fxencoderpp,history_022_vocals,Little Chicago's Finest - My Own,vocals,normalized,comp_ratio2,0.0062294602394104
fxencoderpp,history_022_vocals,Little Chicago's Finest - My Own,vocals,normalized,comp_ratio4,0.012330889701843262
fxencoderpp,history_022_other,Moosmusic - Big Dummy Shake,other,input,identity,0.0
fxencoderpp,history_022_other,Moosmusic - Big Dummy Shake,other,input,gain_minus6,0.02045738697052002
fxencoderpp,history_022_other,Moosmusic - Big Dummy Shake,other,input,gain_plus6,0.01696676015853882
fxencoderpp,history_022_other,Moosmusic - Big Dummy Shake,other,input,eq_minus6,0.031207561492919922
fxencoderpp,history_022_other,Moosmusic - Big Dummy Shake,other,input,eq_plus6,0.028924763202667236
fxencoderpp,history_022_other,Moosmusic - Big Dummy Shake,other,input,comp_ratio2,0.0190240740776062
fxencoderpp,history_022_other,Moosmusic - Big Dummy Shake,other,input,comp_ratio4,0.043920814990997314
fxencoderpp,history_022_other,Moosmusic - Big Dummy Shake,other,normalized,identity,5.960464477539063e-08
fxencoderpp,history_022_other,Moosmusic - Big Dummy Shake,other,normalized,gain_minus6,1.1920928955078125e-07
fxencoderpp,history_022_other,Moosmusic - Big Dummy Shake,other,normalized,gain_plus6,1.1920928955078125e-07
fxencoderpp,history_022_other,Moosmusic - Big Dummy Shake,other,normalized,eq_minus6,4.947185516357422e-05
fxencoderpp,history_022_other,Moosmusic - Big Dummy Shake,other,normalized,eq_plus6,0.00042694807052612305
fxencoderpp,history_022_other,Moosmusic - Big Dummy Shake,other,normalized,comp_ratio2,0.006837010383605957
fxencoderpp,history_022_other,Moosmusic - Big Dummy Shake,other,normalized,comp_ratio4,0.016192734241485596
fxencoderpp,history_023_bass,James Elder & Mark M Thompson - The English Actor,bass,input,identity,0.0
fxencoderpp,history_023_bass,James Elder & Mark M Thompson - The English Actor,bass,input,gain_minus6,0.006242573261260986
fxencoderpp,history_023_bass,James Elder & Mark M Thompson - The English Actor,bass,input,gain_plus6,0.030810058116912842
fxencoderpp,history_023_bass,James Elder & Mark M Thompson - The English Actor,bass,input,eq_minus6,0.002962946891784668
fxencoderpp,history_023_bass,James Elder & Mark M Thompson - The English Actor,bass,input,eq_plus6,0.008345067501068115
fxencoderpp,history_023_bass,James Elder & Mark M Thompson - The English Actor,bass,input,comp_ratio2,0.019072115421295166
fxencoderpp,history_023_bass,James Elder & Mark M Thompson - The English Actor,bass,input,comp_ratio4,0.02235645055770874
fxencoderpp,history_023_bass,James Elder & Mark M Thompson - The English Actor,bass,normalized,identity,-1.1920928955078125e-07
fxencoderpp,history_023_bass,James Elder & Mark M Thompson - The English Actor,bass,normalized,gain_minus6,5.125999450683594e-06
fxencoderpp,history_023_bass,James Elder & Mark M Thompson - The English Actor,bass,normalized,gain_plus6,7.212162017822266e-06
fxencoderpp,history_023_bass,James Elder & Mark M Thompson - The English Actor,bass,normalized,eq_minus6,0.00015091896057128906
fxencoderpp,history_023_bass,James Elder & Mark M Thompson - The English Actor,bass,normalized,eq_plus6,0.00012671947479248047
fxencoderpp,history_023_bass,James Elder & Mark M Thompson - The English Actor,bass,normalized,comp_ratio2,0.022338688373565674
fxencoderpp,history_023_bass,James Elder & Mark M Thompson - The English Actor,bass,normalized,comp_ratio4,0.030338048934936523
fxencoderpp,history_023_drums,Louis Cressy Band - Good Time,drums,input,identity,0.0
fxencoderpp,history_023_drums,Louis Cressy Band - Good Time,drums,input,gain_minus6,0.02426546812057495
fxencoderpp,history_023_drums,Louis Cressy Band - Good Time,drums,input,gain_plus6,0.05076026916503906
fxencoderpp,history_023_drums,Louis Cressy Band - Good Time,drums,input,eq_minus6,0.013665497303009033
fxencoderpp,history_023_drums,Louis Cressy Band - Good Time,drums,input,eq_plus6,0.03511810302734375
fxencoderpp,history_023_drums,Louis Cressy Band - Good Time,drums,input,comp_ratio2,0.05738025903701782
fxencoderpp,history_023_drums,Louis Cressy Band - Good Time,drums,input,comp_ratio4,0.09680324792861938
fxencoderpp,history_023_drums,Louis Cressy Band - Good Time,drums,normalized,identity,0.0
fxencoderpp,history_023_drums,Louis Cressy Band - Good Time,drums,normalized,gain_minus6,5.960464477539063e-08
fxencoderpp,history_023_drums,Louis Cressy Band - Good Time,drums,normalized,gain_plus6,0.0
fxencoderpp,history_023_drums,Louis Cressy Band - Good Time,drums,normalized,eq_minus6,0.0009694695472717285
fxencoderpp,history_023_drums,Louis Cressy Band - Good Time,drums,normalized,eq_plus6,0.00041675567626953125
fxencoderpp,history_023_drums,Louis Cressy Band - Good Time,drums,normalized,comp_ratio2,0.014911293983459473
fxencoderpp,history_023_drums,Louis Cressy Band - Good Time,drums,normalized,comp_ratio4,0.28871583938598633
fxencoderpp,history_023_vocals,Punkdisco - Oral Hygiene,vocals,input,identity,-1.1920928955078125e-07
fxencoderpp,history_023_vocals,Punkdisco - Oral Hygiene,vocals,input,gain_minus6,0.011333465576171875
fxencoderpp,history_023_vocals,Punkdisco - Oral Hygiene,vocals,input,gain_plus6,0.014896571636199951
fxencoderpp,history_023_vocals,Punkdisco - Oral Hygiene,vocals,input,eq_minus6,0.0086098313331604
fxencoderpp,history_023_vocals,Punkdisco - Oral Hygiene,vocals,input,eq_plus6,0.011370420455932617
fxencoderpp,history_023_vocals,Punkdisco - Oral Hygiene,vocals,input,comp_ratio2,0.0146140456199646
fxencoderpp,history_023_vocals,Punkdisco - Oral Hygiene,vocals,input,comp_ratio4,0.030527174472808838
fxencoderpp,history_023_vocals,Punkdisco - Oral Hygiene,vocals,normalized,identity,0.0
fxencoderpp,history_023_vocals,Punkdisco - Oral Hygiene,vocals,normalized,gain_minus6,5.960464477539063e-08
fxencoderpp,history_023_vocals,Punkdisco - Oral Hygiene,vocals,normalized,gain_plus6,5.960464477539063e-08
fxencoderpp,history_023_vocals,Punkdisco - Oral Hygiene,vocals,normalized,eq_minus6,0.0005291104316711426
fxencoderpp,history_023_vocals,Punkdisco - Oral Hygiene,vocals,normalized,eq_plus6,1.5079975128173828e-05
fxencoderpp,history_023_vocals,Punkdisco - Oral Hygiene,vocals,normalized,comp_ratio2,0.06232869625091553
fxencoderpp,history_023_vocals,Punkdisco - Oral Hygiene,vocals,normalized,comp_ratio4,0.060868918895721436
fxencoderpp,history_023_other,PR - Oh No,other,input,identity,-1.1920928955078125e-07
fxencoderpp,history_023_other,PR - Oh No,other,input,gain_minus6,0.01563858985900879
fxencoderpp,history_023_other,PR - Oh No,other,input,gain_plus6,0.010035395622253418
fxencoderpp,history_023_other,PR - Oh No,other,input,eq_minus6,0.007738471031188965
fxencoderpp,history_023_other,PR - Oh No,other,input,eq_plus6,0.011752307415008545
fxencoderpp,history_023_other,PR - Oh No,other,input,comp_ratio2,0.005819261074066162
fxencoderpp,history_023_other,PR - Oh No,other,input,comp_ratio4,0.01493537425994873
fxencoderpp,history_023_other,PR - Oh No,other,normalized,identity,-1.1920928955078125e-07
fxencoderpp,history_023_other,PR - Oh No,other,normalized,gain_minus6,1.7881393432617188e-07
fxencoderpp,history_023_other,PR - Oh No,other,normalized,gain_plus6,1.1920928955078125e-07
fxencoderpp,history_023_other,PR - Oh No,other,normalized,eq_minus6,0.0007200241088867188
fxencoderpp,history_023_other,PR - Oh No,other,normalized,eq_plus6,0.0005394816398620605
fxencoderpp,history_023_other,PR - Oh No,other,normalized,comp_ratio2,0.008528590202331543
fxencoderpp,history_023_other,PR - Oh No,other,normalized,comp_ratio4,0.018962860107421875
fxencoderpp,history_024_bass,Sambasevam Shanmugam - Kaathaadi,bass,input,identity,0.0
fxencoderpp,history_024_bass,Sambasevam Shanmugam - Kaathaadi,bass,input,gain_minus6,0.014038562774658203
fxencoderpp,history_024_bass,Sambasevam Shanmugam - Kaathaadi,bass,input,gain_plus6,0.014980196952819824
fxencoderpp,history_024_bass,Sambasevam Shanmugam - Kaathaadi,bass,input,eq_minus6,0.0074481964111328125
fxencoderpp,history_024_bass,Sambasevam Shanmugam - Kaathaadi,bass,input,eq_plus6,0.008156239986419678
fxencoderpp,history_024_bass,Sambasevam Shanmugam - Kaathaadi,bass,input,comp_ratio2,0.0045013427734375
fxencoderpp,history_024_bass,Sambasevam Shanmugam - Kaathaadi,bass,input,comp_ratio4,0.00830686092376709
fxencoderpp,history_024_bass,Sambasevam Shanmugam - Kaathaadi,bass,normalized,identity,-1.1920928955078125e-07
fxencoderpp,history_024_bass,Sambasevam Shanmugam - Kaathaadi,bass,normalized,gain_minus6,2.1457672119140625e-06
fxencoderpp,history_024_bass,Sambasevam Shanmugam - Kaathaadi,bass,normalized,gain_plus6,1.8477439880371094e-06
fxencoderpp,history_024_bass,Sambasevam Shanmugam - Kaathaadi,bass,normalized,eq_minus6,0.00012248754501342773
fxencoderpp,history_024_bass,Sambasevam Shanmugam - Kaathaadi,bass,normalized,eq_plus6,0.00012737512588500977
fxencoderpp,history_024_bass,Sambasevam Shanmugam - Kaathaadi,bass,normalized,comp_ratio2,0.002185225486755371
fxencoderpp,history_024_bass,Sambasevam Shanmugam - Kaathaadi,bass,normalized,comp_ratio4,0.004651963710784912
fxencoderpp,history_024_drums,M.E.R.C. Music - Knockout,drums,input,identity,0.0
fxencoderpp,history_024_drums,M.E.R.C. Music - Knockout,drums,input,gain_minus6,0.028476297855377197
fxencoderpp,history_024_drums,M.E.R.C. Music - Knockout,drums,input,gain_plus6,0.044111669063568115
fxencoderpp,history_024_drums,M.E.R.C. Music - Knockout,drums,input,eq_minus6,0.0034162402153015137
fxencoderpp,history_024_drums,M.E.R.C. Music - Knockout,drums,input,eq_plus6,0.007551670074462891
fxencoderpp,history_024_drums,M.E.R.C. Music - Knockout,drums,input,comp_ratio2,0.0288504958152771
fxencoderpp,history_024_drums,M.E.R.C. Music - Knockout,drums,input,comp_ratio4,0.05351889133453369
fxencoderpp,history_024_drums,M.E.R.C. Music - Knockout,drums,normalized,identity,0.0
fxencoderpp,history_024_drums,M.E.R.C. Music - Knockout,drums,normalized,gain_minus6,0.0
fxencoderpp,history_024_drums,M.E.R.C. Music - Knockout,drums,normalized,gain_plus6,1.1920928955078125e-07
fxencoderpp,history_024_drums,M.E.R.C. Music - Knockout,drums,normalized,eq_minus6,0.0019681453704833984
fxencoderpp,history_024_drums,M.E.R.C. Music - Knockout,drums,normalized,eq_plus6,5.435943603515625e-05
fxencoderpp,history_024_drums,M.E.R.C. Music - Knockout,drums,normalized,comp_ratio2,0.006250441074371338
fxencoderpp,history_024_drums,M.E.R.C. Music - Knockout,drums,normalized,comp_ratio4,0.19273591041564941
fxencoderpp,history_024_vocals,Buitraker - Revo X,vocals,input,identity,0.0
fxencoderpp,history_024_vocals,Buitraker - Revo X,vocals,input,gain_minus6,0.024477243423461914
fxencoderpp,history_024_vocals,Buitraker - Revo X,vocals,input,gain_plus6,0.032960474491119385
fxencoderpp,history_024_vocals,Buitraker - Revo X,vocals,input,eq_minus6,0.013861596584320068
fxencoderpp,history_024_vocals,Buitraker - Revo X,vocals,input,eq_plus6,0.01543271541595459
fxencoderpp,history_024_vocals,Buitraker - Revo X,vocals,input,comp_ratio2,0.0191497802734375
fxencoderpp,history_024_vocals,Buitraker - Revo X,vocals,input,comp_ratio4,0.04062354564666748
fxencoderpp,history_024_vocals,Buitraker - Revo X,vocals,normalized,identity,0.0
fxencoderpp,history_024_vocals,Buitraker - Revo X,vocals,normalized,gain_minus6,5.960464477539063e-08
fxencoderpp,history_024_vocals,Buitraker - Revo X,vocals,normalized,gain_plus6,0.0
fxencoderpp,history_024_vocals,Buitraker - Revo X,vocals,normalized,eq_minus6,0.00013262033462524414
fxencoderpp,history_024_vocals,Buitraker - Revo X,vocals,normalized,eq_plus6,7.152557373046875e-05
fxencoderpp,history_024_vocals,Buitraker - Revo X,vocals,normalized,comp_ratio2,0.007099330425262451
fxencoderpp,history_024_vocals,Buitraker - Revo X,vocals,normalized,comp_ratio4,0.02779674530029297
fxencoderpp,history_024_other,Ben Carrigan - We'll Talk About It All Tonight,other,input,identity,-1.1920928955078125e-07
fxencoderpp,history_024_other,Ben Carrigan - We'll Talk About It All Tonight,other,input,gain_minus6,0.01717507839202881
fxencoderpp,history_024_other,Ben Carrigan - We'll Talk About It All Tonight,other,input,gain_plus6,0.025017201900482178
fxencoderpp,history_024_other,Ben Carrigan - We'll Talk About It All Tonight,other,input,eq_minus6,0.030781149864196777
fxencoderpp,history_024_other,Ben Carrigan - We'll Talk About It All Tonight,other,input,eq_plus6,0.04162478446960449
fxencoderpp,history_024_other,Ben Carrigan - We'll Talk About It All Tonight,other,input,comp_ratio2,0.010344207286834717
fxencoderpp,history_024_other,Ben Carrigan - We'll Talk About It All Tonight,other,input,comp_ratio4,0.019015789031982422
fxencoderpp,history_024_other,Ben Carrigan - We'll Talk About It All Tonight,other,normalized,identity,-1.1920928955078125e-07
fxencoderpp,history_024_other,Ben Carrigan - We'll Talk About It All Tonight,other,normalized,gain_minus6,7.152557373046875e-07
fxencoderpp,history_024_other,Ben Carrigan - We'll Talk About It All Tonight,other,normalized,gain_plus6,2.0265579223632812e-06
fxencoderpp,history_024_other,Ben Carrigan - We'll Talk About It All Tonight,other,normalized,eq_minus6,0.000279843807220459
fxencoderpp,history_024_other,Ben Carrigan - We'll Talk About It All Tonight,other,normalized,eq_plus6,0.2647716999053955
fxencoderpp,history_024_other,Ben Carrigan - We'll Talk About It All Tonight,other,normalized,comp_ratio2,0.043214499950408936
fxencoderpp,history_024_other,Ben Carrigan - We'll Talk About It All Tonight,other,normalized,comp_ratio4,0.0814809799194336
afx_rep,history_000_bass,Timboz - Pony,bass,input,identity,-1.1920928955078125e-07
afx_rep,history_000_bass,Timboz - Pony,bass,input,gain_minus6,0.0
afx_rep,history_000_bass,Timboz - Pony,bass,input,gain_plus6,-1.1920928955078125e-07
afx_rep,history_000_bass,Timboz - Pony,bass,input,eq_minus6,0.031814515590667725
afx_rep,history_000_bass,Timboz - Pony,bass,input,eq_plus6,0.03887832164764404
afx_rep,history_000_bass,Timboz - Pony,bass,input,comp_ratio2,0.027521729469299316
afx_rep,history_000_bass,Timboz - Pony,bass,input,comp_ratio4,0.057501375675201416
afx_rep,history_000_bass,Timboz - Pony,bass,input,identity_repeat,-1.1920928955078125e-07
afx_rep,history_000_bass,Timboz - Pony,bass,normalized,identity,-2.384185791015625e-07
afx_rep,history_000_bass,Timboz - Pony,bass,normalized,gain_minus6,9.5367431640625e-06
afx_rep,history_000_bass,Timboz - Pony,bass,normalized,gain_plus6,0.00014293193817138672
afx_rep,history_000_bass,Timboz - Pony,bass,normalized,eq_minus6,0.0012029409408569336
afx_rep,history_000_bass,Timboz - Pony,bass,normalized,eq_plus6,0.0006751418113708496
afx_rep,history_000_bass,Timboz - Pony,bass,normalized,comp_ratio2,0.03317791223526001
afx_rep,history_000_bass,Timboz - Pony,bass,normalized,comp_ratio4,0.06969493627548218
afx_rep,history_000_bass,Timboz - Pony,bass,normalized,identity_repeat,-2.384185791015625e-07
afx_rep,history_000_drums,Cristina Vane - So Easy,drums,input,identity,0.0
afx_rep,history_000_drums,Cristina Vane - So Easy,drums,input,gain_minus6,0.0
afx_rep,history_000_drums,Cristina Vane - So Easy,drums,input,gain_plus6,-1.1920928955078125e-07
afx_rep,history_000_drums,Cristina Vane - So Easy,drums,input,eq_minus6,0.13573360443115234
afx_rep,history_000_drums,Cristina Vane - So Easy,drums,input,eq_plus6,0.11290305852890015
afx_rep,history_000_drums,Cristina Vane - So Easy,drums,input,comp_ratio2,0.21799039840698242
afx_rep,history_000_drums,Cristina Vane - So Easy,drums,input,comp_ratio4,0.43094462156295776
afx_rep,history_000_drums,Cristina Vane - So Easy,drums,input,identity_repeat,0.0
afx_rep,history_000_drums,Cristina Vane - So Easy,drums,normalized,identity,-1.1920928955078125e-07
afx_rep,history_000_drums,Cristina Vane - So Easy,drums,normalized,gain_minus6,7.152557373046875e-07
afx_rep,history_000_drums,Cristina Vane - So Easy,drums,normalized,gain_plus6,7.748603820800781e-07
afx_rep,history_000_drums,Cristina Vane - So Easy,drums,normalized,eq_minus6,0.0004131197929382324
afx_rep,history_000_drums,Cristina Vane - So Easy,drums,normalized,eq_plus6,0.0002944469451904297
afx_rep,history_000_drums,Cristina Vane - So Easy,drums,normalized,comp_ratio2,0.33938682079315186
afx_rep,history_000_drums,Cristina Vane - So Easy,drums,normalized,comp_ratio4,0.5515340566635132
afx_rep,history_000_drums,Cristina Vane - So Easy,drums,normalized,identity_repeat,-1.1920928955078125e-07
afx_rep,history_000_vocals,Tom McKenzie - Directions,vocals,input,identity,0.0
afx_rep,history_000_vocals,Tom McKenzie - Directions,vocals,input,gain_minus6,5.960464477539063e-08
afx_rep,history_000_vocals,Tom McKenzie - Directions,vocals,input,gain_plus6,-1.1920928955078125e-07
afx_rep,history_000_vocals,Tom McKenzie - Directions,vocals,input,eq_minus6,0.08130025863647461
afx_rep,history_000_vocals,Tom McKenzie - Directions,vocals,input,eq_plus6,0.06400489807128906
afx_rep,history_000_vocals,Tom McKenzie - Directions,vocals,input,comp_ratio2,0.03759431838989258
afx_rep,history_000_vocals,Tom McKenzie - Directions,vocals,input,comp_ratio4,0.08103197813034058
afx_rep,history_000_vocals,Tom McKenzie - Directions,vocals,input,identity_repeat,0.0
afx_rep,history_000_vocals,Tom McKenzie - Directions,vocals,normalized,identity,-1.1920928955078125e-07
afx_rep,history_000_vocals,Tom McKenzie - Directions,vocals,normalized,gain_minus6,4.172325134277344e-07
afx_rep,history_000_vocals,Tom McKenzie - Directions,vocals,normalized,gain_plus6,2.384185791015625e-07
afx_rep,history_000_vocals,Tom McKenzie - Directions,vocals,normalized,eq_minus6,0.0004437565803527832
afx_rep,history_000_vocals,Tom McKenzie - Directions,vocals,normalized,eq_plus6,0.00026166439056396484
afx_rep,history_000_vocals,Tom McKenzie - Directions,vocals,normalized,comp_ratio2,0.028541207313537598
afx_rep,history_000_vocals,Tom McKenzie - Directions,vocals,normalized,comp_ratio4,0.0655825138092041
afx_rep,history_000_vocals,Tom McKenzie - Directions,vocals,normalized,identity_repeat,-1.1920928955078125e-07
afx_rep,history_000_other,Bobby Nobody - Stitch Up,other,input,identity,0.0
afx_rep,history_000_other,Bobby Nobody - Stitch Up,other,input,gain_minus6,0.0
afx_rep,history_000_other,Bobby Nobody - Stitch Up,other,input,gain_plus6,0.0
afx_rep,history_000_other,Bobby Nobody - Stitch Up,other,input,eq_minus6,0.04762977361679077
afx_rep,history_000_other,Bobby Nobody - Stitch Up,other,input,eq_plus6,0.0648336410522461
afx_rep,history_000_other,Bobby Nobody - Stitch Up,other,input,comp_ratio2,0.039072513580322266
afx_rep,history_000_other,Bobby Nobody - Stitch Up,other,input,comp_ratio4,0.06540828943252563
afx_rep,history_000_other,Bobby Nobody - Stitch Up,other,input,identity_repeat,0.0
afx_rep,history_000_other,Bobby Nobody - Stitch Up,other,normalized,identity,0.0
afx_rep,history_000_other,Bobby Nobody - Stitch Up,other,normalized,gain_minus6,4.172325134277344e-07
afx_rep,history_000_other,Bobby Nobody - Stitch Up,other,normalized,gain_plus6,3.5762786865234375e-07
afx_rep,history_000_other,Bobby Nobody - Stitch Up,other,normalized,eq_minus6,0.0001558065414428711
afx_rep,history_000_other,Bobby Nobody - Stitch Up,other,normalized,eq_plus6,0.0011006593704223633
afx_rep,history_000_other,Bobby Nobody - Stitch Up,other,normalized,comp_ratio2,0.043168067932128906
afx_rep,history_000_other,Bobby Nobody - Stitch Up,other,normalized,comp_ratio4,0.07475972175598145
afx_rep,history_000_other,Bobby Nobody - Stitch Up,other,normalized,identity_repeat,0.0
afx_rep,history_001_bass,Raft Monk - Tiring,bass,input,identity,-1.1920928955078125e-07
afx_rep,history_001_bass,Raft Monk - Tiring,bass,input,gain_minus6,-1.1920928955078125e-07
afx_rep,history_001_bass,Raft Monk - Tiring,bass,input,gain_plus6,-1.1920928955078125e-07
afx_rep,history_001_bass,Raft Monk - Tiring,bass,input,eq_minus6,0.038313210010528564
afx_rep,history_001_bass,Raft Monk - Tiring,bass,input,eq_plus6,0.04837852716445923
afx_rep,history_001_bass,Raft Monk - Tiring,bass,input,comp_ratio2,0.011310696601867676
afx_rep,history_001_bass,Raft Monk - Tiring,bass,input,comp_ratio4,0.03624415397644043
afx_rep,history_001_bass,Raft Monk - Tiring,bass,normalized,identity,-1.1920928955078125e-07
afx_rep,history_001_bass,Raft Monk - Tiring,bass,normalized,gain_minus6,5.4836273193359375e-06
afx_rep,history_001_bass,Raft Monk - Tiring,bass,normalized,gain_plus6,1.2278556823730469e-05
afx_rep,history_001_bass,Raft Monk - Tiring,bass,normalized,eq_minus6,0.0003768801689147949
afx_rep,history_001_bass,Raft Monk - Tiring,bass,normalized,eq_plus6,0.000555872917175293
afx_rep,history_001_bass,Raft Monk - Tiring,bass,normalized,comp_ratio2,0.02640068531036377
afx_rep,history_001_bass,Raft Monk - Tiring,bass,normalized,comp_ratio4,0.04293477535247803
afx_rep,history_001_drums,Moosmusic - Big Dummy Shake,drums,input,identity,-1.1920928955078125e-07
afx_rep,history_001_drums,Moosmusic - Big Dummy Shake,drums,input,gain_minus6,-1.1920928955078125e-07
afx_rep,history_001_drums,Moosmusic - Big Dummy Shake,drums,input,gain_plus6,-1.1920928955078125e-07
afx_rep,history_001_drums,Moosmusic - Big Dummy Shake,drums,input,eq_minus6,0.05768245458602905
afx_rep,history_001_drums,Moosmusic - Big Dummy Shake,drums,input,eq_plus6,0.06209909915924072
afx_rep,history_001_drums,Moosmusic - Big Dummy Shake,drums,input,comp_ratio2,0.03728437423706055
afx_rep,history_001_drums,Moosmusic - Big Dummy Shake,drums,input,comp_ratio4,0.08339494466781616
afx_rep,history_001_drums,Moosmusic - Big Dummy Shake,drums,normalized,identity,0.0
afx_rep,history_001_drums,Moosmusic - Big Dummy Shake,drums,normalized,gain_minus6,4.112720489501953e-06
afx_rep,history_001_drums,Moosmusic - Big Dummy Shake,drums,normalized,gain_plus6,3.4570693969726562e-06
afx_rep,history_001_drums,Moosmusic - Big Dummy Shake,drums,normalized,eq_minus6,0.0005252361297607422
afx_rep,history_001_drums,Moosmusic - Big Dummy Shake,drums,normalized,eq_plus6,0.0007725954055786133
afx_rep,history_001_drums,Moosmusic - Big Dummy Shake,drums,normalized,comp_ratio2,0.05138826370239258
afx_rep,history_001_drums,Moosmusic - Big Dummy Shake,drums,normalized,comp_ratio4,0.09034514427185059
afx_rep,history_001_vocals,Raft Monk - Tiring,vocals,input,identity,-1.1920928955078125e-07
afx_rep,history_001_vocals,Raft Monk - Tiring,vocals,input,gain_minus6,0.0
afx_rep,history_001_vocals,Raft Monk - Tiring,vocals,input,gain_plus6,0.0
afx_rep,history_001_vocals,Raft Monk - Tiring,vocals,input,eq_minus6,0.037685394287109375
afx_rep,history_001_vocals,Raft Monk - Tiring,vocals,input,eq_plus6,0.04118472337722778
afx_rep,history_001_vocals,Raft Monk - Tiring,vocals,input,comp_ratio2,0.0306510329246521
afx_rep,history_001_vocals,Raft Monk - Tiring,vocals,input,comp_ratio4,0.07786405086517334
afx_rep,history_001_vocals,Raft Monk - Tiring,vocals,normalized,identity,0.0
afx_rep,history_001_vocals,Raft Monk - Tiring,vocals,normalized,gain_minus6,4.172325134277344e-07
afx_rep,history_001_vocals,Raft Monk - Tiring,vocals,normalized,gain_plus6,4.76837158203125e-07
afx_rep,history_001_vocals,Raft Monk - Tiring,vocals,normalized,eq_minus6,0.00032514333724975586
afx_rep,history_001_vocals,Raft Monk - Tiring,vocals,normalized,eq_plus6,0.009382367134094238
afx_rep,history_001_vocals,Raft Monk - Tiring,vocals,normalized,comp_ratio2,0.045378684997558594
afx_rep,history_001_vocals,Raft Monk - Tiring,vocals,normalized,comp_ratio4,0.10185730457305908
afx_rep,history_001_other,Georgia Wonder - Siren,other,input,identity,5.960464477539063e-08
afx_rep,history_001_other,Georgia Wonder - Siren,other,input,gain_minus6,0.0
afx_rep,history_001_other,Georgia Wonder - Siren,other,input,gain_plus6,0.0
afx_rep,history_001_other,Georgia Wonder - Siren,other,input,eq_minus6,0.039710044860839844
afx_rep,history_001_other,Georgia Wonder - Siren,other,input,eq_plus6,0.04563790559768677
afx_rep,history_001_other,Georgia Wonder - Siren,other,input,comp_ratio2,0.01265627145767212
afx_rep,history_001_other,Georgia Wonder - Siren,other,input,comp_ratio4,0.02992194890975952
afx_rep,history_001_other,Georgia Wonder - Siren,other,normalized,identity,0.0
afx_rep,history_001_other,Georgia Wonder - Siren,other,normalized,gain_minus6,1.1324882507324219e-06
afx_rep,history_001_other,Georgia Wonder - Siren,other,normalized,gain_plus6,4.291534423828125e-06
afx_rep,history_001_other,Georgia Wonder - Siren,other,normalized,eq_minus6,0.0011295080184936523
afx_rep,history_001_other,Georgia Wonder - Siren,other,normalized,eq_plus6,0.0006507635116577148
afx_rep,history_001_other,Georgia Wonder - Siren,other,normalized,comp_ratio2,0.01947683095932007
afx_rep,history_001_other,Georgia Wonder - Siren,other,normalized,comp_ratio4,0.05677974224090576
afx_rep,history_002_bass,We Fell From The Sky - Not You,bass,input,identity,0.0
afx_rep,history_002_bass,We Fell From The Sky - Not You,bass,input,gain_minus6,-1.1920928955078125e-07
afx_rep,history_002_bass,We Fell From The Sky - Not You,bass,input,gain_plus6,0.0
afx_rep,history_002_bass,We Fell From The Sky - Not You,bass,input,eq_minus6,0.0492558479309082
afx_rep,history_002_bass,We Fell From The Sky - Not You,bass,input,eq_plus6,0.051608920097351074
afx_rep,history_002_bass,We Fell From The Sky - Not You,bass,input,comp_ratio2,0.08287250995635986
afx_rep,history_002_bass,We Fell From The Sky - Not You,bass,input,comp_ratio4,0.14748883247375488
afx_rep,history_002_bass,We Fell From The Sky - Not You,bass,normalized,identity,-1.1920928955078125e-07
afx_rep,history_002_bass,We Fell From The Sky - Not You,bass,normalized,gain_minus6,5.364418029785156e-06
afx_rep,history_002_bass,We Fell From The Sky - Not You,bass,normalized,gain_plus6,1.6689300537109375e-06
afx_rep,history_002_bass,We Fell From The Sky - Not You,bass,normalized,eq_minus6,0.00022041797637939453
afx_rep,history_002_bass,We Fell From The Sky - Not You,bass,normalized,eq_plus6,0.0002955794334411621
afx_rep,history_002_bass,We Fell From The Sky - Not You,bass,normalized,comp_ratio2,0.09510982036590576
afx_rep,history_002_bass,We Fell From The Sky - Not You,bass,normalized,comp_ratio4,0.13702178001403809
afx_rep,history_002_drums,PR - Oh No,drums,input,identity,-2.384185791015625e-07
afx_rep,history_002_drums,PR - Oh No,drums,input,gain_minus6,-1.1920928955078125e-07
afx_rep,history_002_drums,PR - Oh No,drums,input,gain_plus6,-1.1920928955078125e-07
afx_rep,history_002_drums,PR - Oh No,drums,input,eq_minus6,0.09558045864105225
afx_rep,history_002_drums,PR - Oh No,drums,input,eq_plus6,0.06105250120162964
afx_rep,history_002_drums,PR - Oh No,drums,input,comp_ratio2,0.048288583755493164
afx_rep,history_002_drums,PR - Oh No,drums,input,comp_ratio4,0.10331100225448608
afx_rep,history_002_drums,PR - Oh No,drums,normalized,identity,0.0
afx_rep,history_002_drums,PR - Oh No,drums,normalized,gain_minus6,1.6689300537109375e-06
afx_rep,history_002_drums,PR - Oh No,drums,normalized,gain_plus6,5.125999450683594e-06
afx_rep,history_002_drums,PR - Oh No,drums,normalized,eq_minus6,0.0003121495246887207
afx_rep,history_002_drums,PR - Oh No,drums,normalized,eq_plus6,0.00015914440155029297
afx_rep,history_002_drums,PR - Oh No,drums,normalized,comp_ratio2,0.06159573793411255
afx_rep,history_002_drums,PR - Oh No,drums,normalized,comp_ratio4,0.12137174606323242
afx_rep,history_002_vocals,Sambasevam Shanmugam - Kaathaadi,vocals,input,identity,1.1920928955078125e-07
afx_rep,history_002_vocals,Sambasevam Shanmugam - Kaathaadi,vocals,input,gain_minus6,0.0
afx_rep,history_002_vocals,Sambasevam Shanmugam - Kaathaadi,vocals,input,gain_plus6,0.0
afx_rep,history_002_vocals,Sambasevam Shanmugam - Kaathaadi,vocals,input,eq_minus6,0.03347200155258179
afx_rep,history_002_vocals,Sambasevam Shanmugam - Kaathaadi,vocals,input,eq_plus6,0.03581118583679199
afx_rep,history_002_vocals,Sambasevam Shanmugam - Kaathaadi,vocals,input,comp_ratio2,0.04363691806793213
afx_rep,history_002_vocals,Sambasevam Shanmugam - Kaathaadi,vocals,input,comp_ratio4,0.08685755729675293
afx_rep,history_002_vocals,Sambasevam Shanmugam - Kaathaadi,vocals,normalized,identity,0.0
afx_rep,history_002_vocals,Sambasevam Shanmugam - Kaathaadi,vocals,normalized,gain_minus6,7.152557373046875e-06
afx_rep,history_002_vocals,Sambasevam Shanmugam - Kaathaadi,vocals,normalized,gain_plus6,1.722574234008789e-05
afx_rep,history_002_vocals,Sambasevam Shanmugam - Kaathaadi,vocals,normalized,eq_minus6,0.007434964179992676
afx_rep,history_002_vocals,Sambasevam Shanmugam - Kaathaadi,vocals,normalized,eq_plus6,0.00012767314910888672
afx_rep,history_002_vocals,Sambasevam Shanmugam - Kaathaadi,vocals,normalized,comp_ratio2,0.022228121757507324
afx_rep,history_002_vocals,Sambasevam Shanmugam - Kaathaadi,vocals,normalized,comp_ratio4,0.046138763427734375
afx_rep,history_002_other,Enda Reilly - Cur An Long Ag Seol,other,input,identity,0.0
afx_rep,history_002_other,Enda Reilly - Cur An Long Ag Seol,other,input,gain_minus6,-1.1920928955078125e-07
afx_rep,history_002_other,Enda Reilly - Cur An Long Ag Seol,other,input,gain_plus6,0.0
afx_rep,history_002_other,Enda Reilly - Cur An Long Ag Seol,other,input,eq_minus6,0.08865499496459961
afx_rep,history_002_other,Enda Reilly - Cur An Long Ag Seol,other,input,eq_plus6,0.08986043930053711
afx_rep,history_002_other,Enda Reilly - Cur An Long Ag Seol,other,input,comp_ratio2,0.12521445751190186
afx_rep,history_002_other,Enda Reilly - Cur An Long Ag Seol,other,input,comp_ratio4,0.28033387660980225
afx_rep,history_002_other,Enda Reilly - Cur An Long Ag Seol,other,normalized,identity,-1.1920928955078125e-07
afx_rep,history_002_other,Enda Reilly - Cur An Long Ag Seol,other,normalized,gain_minus6,4.172325134277344e-06
afx_rep,history_002_other,Enda Reilly - Cur An Long Ag Seol,other,normalized,gain_plus6,9.834766387939453e-06
afx_rep,history_002_other,Enda Reilly - Cur An Long Ag Seol,other,normalized,eq_minus6,0.00026476383209228516
afx_rep,history_002_other,Enda Reilly - Cur An Long Ag Seol,other,normalized,eq_plus6,0.000456392765045166
afx_rep,history_002_other,Enda Reilly - Cur An Long Ag Seol,other,normalized,comp_ratio2,0.13441646099090576
afx_rep,history_002_other,Enda Reilly - Cur An Long Ag Seol,other,normalized,comp_ratio4,0.2893418073654175
afx_rep,history_003_bass,Girls Under Glass - We Feel Alright,bass,input,identity,0.0
afx_rep,history_003_bass,Girls Under Glass - We Feel Alright,bass,input,gain_minus6,0.0
afx_rep,history_003_bass,Girls Under Glass - We Feel Alright,bass,input,gain_plus6,0.0
afx_rep,history_003_bass,Girls Under Glass - We Feel Alright,bass,input,eq_minus6,0.0546797513961792
afx_rep,history_003_bass,Girls Under Glass - We Feel Alright,bass,input,eq_plus6,0.04110455513000488
afx_rep,history_003_bass,Girls Under Glass - We Feel Alright,bass,input,comp_ratio2,0.025004148483276367
afx_rep,history_003_bass,Girls Under Glass - We Feel Alright,bass,input,comp_ratio4,0.05281955003738403
afx_rep,history_003_bass,Girls Under Glass - We Feel Alright,bass,normalized,identity,0.0
afx_rep,history_003_bass,Girls Under Glass - We Feel Alright,bass,normalized,gain_minus6,1.0728836059570312e-06
afx_rep,history_003_bass,Girls Under Glass - We Feel Alright,bass,normalized,gain_plus6,2.086162567138672e-06
afx_rep,history_003_bass,Girls Under Glass - We Feel Alright,bass,normalized,eq_minus6,0.00013768672943115234
afx_rep,history_003_bass,Girls Under Glass - We Feel Alright,bass,normalized,eq_plus6,0.00012731552124023438
afx_rep,history_003_bass,Girls Under Glass - We Feel Alright,bass,normalized,comp_ratio2,0.05514317750930786
afx_rep,history_003_bass,Girls Under Glass - We Feel Alright,bass,normalized,comp_ratio4,0.09916257858276367
afx_rep,history_003_drums,Signe Jakobsen - What Have You Done To Me,drums,input,identity,-1.1920928955078125e-07
afx_rep,history_003_drums,Signe Jakobsen - What Have You Done To Me,drums,input,gain_minus6,0.0
afx_rep,history_003_drums,Signe Jakobsen - What Have You Done To Me,drums,input,gain_plus6,0.0
afx_rep,history_003_drums,Signe Jakobsen - What Have You Done To Me,drums,input,eq_minus6,0.08350491523742676
afx_rep,history_003_drums,Signe Jakobsen - What Have You Done To Me,drums,input,eq_plus6,0.08932489156723022
afx_rep,history_003_drums,Signe Jakobsen - What Have You Done To Me,drums,input,comp_ratio2,0.10188144445419312
afx_rep,history_003_drums,Signe Jakobsen - What Have You Done To Me,drums,input,comp_ratio4,0.27997899055480957
afx_rep,history_003_drums,Signe Jakobsen - What Have You Done To Me,drums,normalized,identity,0.0
afx_rep,history_003_drums,Signe Jakobsen - What Have You Done To Me,drums,normalized,gain_minus6,3.159046173095703e-06
afx_rep,history_003_drums,Signe Jakobsen - What Have You Done To Me,drums,normalized,gain_plus6,2.980232238769531e-07
afx_rep,history_003_drums,Signe Jakobsen - What Have You Done To Me,drums,normalized,eq_minus6,7.534027099609375e-05
afx_rep,history_003_drums,Signe Jakobsen - What Have You Done To Me,drums,normalized,eq_plus6,6.4849853515625e-05
afx_rep,history_003_drums,Signe Jakobsen - What Have You Done To Me,drums,normalized,comp_ratio2,0.14761215448379517
afx_rep,history_003_drums,Signe Jakobsen - What Have You Done To Me,drums,normalized,comp_ratio4,0.3422147035598755
afx_rep,history_003_vocals,Nerve 9 - Pray For The Rain,vocals,input,identity,0.0
afx_rep,history_003_vocals,Nerve 9 - Pray For The Rain,vocals,input,gain_minus6,0.0
afx_rep,history_003_vocals,Nerve 9 - Pray For The Rain,vocals,input,gain_plus6,0.0
afx_rep,history_003_vocals,Nerve 9 - Pray For The Rain,vocals,input,eq_minus6,0.05112266540527344
afx_rep,history_003_vocals,Nerve 9 - Pray For The Rain,vocals,input,eq_plus6,0.048335909843444824
afx_rep,history_003_vocals,Nerve 9 - Pray For The Rain,vocals,input,comp_ratio2,0.05465644598007202
afx_rep,history_003_vocals,Nerve 9 - Pray For The Rain,vocals,input,comp_ratio4,0.0954972505569458
afx_rep,history_003_vocals,Nerve 9 - Pray For The Rain,vocals,normalized,identity,0.0
afx_rep,history_003_vocals,Nerve 9 - Pray For The Rain,vocals,normalized,gain_minus6,2.384185791015625e-07
afx_rep,history_003_vocals,Nerve 9 - Pray For The Rain,vocals,normalized,gain_plus6,4.172325134277344e-07
afx_rep,history_003_vocals,Nerve 9 - Pray For The Rain,vocals,normalized,eq_minus6,0.0001176595687866211
afx_rep,history_003_vocals,Nerve 9 - Pray For The Rain,vocals,normalized,eq_plus6,0.00010877847671508789
afx_rep,history_003_vocals,Nerve 9 - Pray For The Rain,vocals,normalized,comp_ratio2,0.02529078722000122
afx_rep,history_003_vocals,Nerve 9 - Pray For The Rain,vocals,normalized,comp_ratio4,0.04416012763977051
afx_rep,history_003_other,Secretariat - Borderline,other,input,identity,-1.1920928955078125e-07
afx_rep,history_003_other,Secretariat - Borderline,other,input,gain_minus6,-1.1920928955078125e-07
afx_rep,history_003_other,Secretariat - Borderline,other,input,gain_plus6,-1.1920928955078125e-07
afx_rep,history_003_other,Secretariat - Borderline,other,input,eq_minus6,0.052234947681427
afx_rep,history_003_other,Secretariat - Borderline,other,input,eq_plus6,0.04572129249572754
afx_rep,history_003_other,Secretariat - Borderline,other,input,comp_ratio2,0.11130708456039429
afx_rep,history_003_other,Secretariat - Borderline,other,input,comp_ratio4,0.2410692572593689
afx_rep,history_003_other,Secretariat - Borderline,other,normalized,identity,-2.384185791015625e-07
afx_rep,history_003_other,Secretariat - Borderline,other,normalized,gain_minus6,2.562999725341797e-06
afx_rep,history_003_other,Secretariat - Borderline,other,normalized,gain_plus6,1.9669532775878906e-06
afx_rep,history_003_other,Secretariat - Borderline,other,normalized,eq_minus6,0.00011897087097167969
afx_rep,history_003_other,Secretariat - Borderline,other,normalized,eq_plus6,0.0002378225326538086
afx_rep,history_003_other,Secretariat - Borderline,other,normalized,comp_ratio2,0.12468266487121582
afx_rep,history_003_other,Secretariat - Borderline,other,normalized,comp_ratio4,0.22527462244033813
afx_rep,history_004_bass,Zeno - Signs,bass,input,identity,0.0
afx_rep,history_004_bass,Zeno - Signs,bass,input,gain_minus6,0.0
afx_rep,history_004_bass,Zeno - Signs,bass,input,gain_plus6,0.0
afx_rep,history_004_bass,Zeno - Signs,bass,input,eq_minus6,0.0331118106842041
afx_rep,history_004_bass,Zeno - Signs,bass,input,eq_plus6,0.04632192850112915
afx_rep,history_004_bass,Zeno - Signs,bass,input,comp_ratio2,0.08213043212890625
afx_rep,history_004_bass,Zeno - Signs,bass,input,comp_ratio4,0.13903164863586426
afx_rep,history_004_bass,Zeno - Signs,bass,normalized,identity,0.0
afx_rep,history_004_bass,Zeno - Signs,bass,normalized,gain_minus6,1.6093254089355469e-06
afx_rep,history_004_bass,Zeno - Signs,bass,normalized,gain_plus6,1.1920928955078125e-06
afx_rep,history_004_bass,Zeno - Signs,bass,normalized,eq_minus6,0.0005639195442199707
afx_rep,history_004_bass,Zeno - Signs,bass,normalized,eq_plus6,0.00022649765014648438
afx_rep,history_004_bass,Zeno - Signs,bass,normalized,comp_ratio2,0.07420134544372559
afx_rep,history_004_bass,Zeno - Signs,bass,normalized,comp_ratio4,0.11970323324203491
afx_rep,history_004_drums,BKS - Bulldozer,drums,input,identity,0.0
afx_rep,history_004_drums,BKS - Bulldozer,drums,input,gain_minus6,-1.1920928955078125e-07
afx_rep,history_004_drums,BKS - Bulldozer,drums,input,gain_plus6,0.0
afx_rep,history_004_drums,BKS - Bulldozer,drums,input,eq_minus6,0.09003883600234985
afx_rep,history_004_drums,BKS - Bulldozer,drums,input,eq_plus6,0.09100371599197388
afx_rep,history_004_drums,BKS - Bulldozer,drums,input,comp_ratio2,0.1409447193145752
afx_rep,history_004_drums,BKS - Bulldozer,drums,input,comp_ratio4,0.28053390979766846
afx_rep,history_004_drums,BKS - Bulldozer,drums,normalized,identity,0.0
afx_rep,history_004_drums,BKS - Bulldozer,drums,normalized,gain_minus6,5.960464477539063e-08
afx_rep,history_004_drums,BKS - Bulldozer,drums,normalized,gain_plus6,5.960464477539062e-07
afx_rep,history_004_drums,BKS - Bulldozer,drums,normalized,eq_minus6,5.8591365814208984e-05
afx_rep,history_004_drums,BKS - Bulldozer,drums,normalized,eq_plus6,5.728006362915039e-05
afx_rep,history_004_drums,BKS - Bulldozer,drums,normalized,comp_ratio2,0.17723089456558228
afx_rep,history_004_drums,BKS - Bulldozer,drums,normalized,comp_ratio4,0.31755393743515015
afx_rep,history_004_vocals,Secretariat - Borderline,vocals,input,identity,0.0
afx_rep,history_004_vocals,Secretariat - Borderline,vocals,input,gain_minus6,-1.1920928955078125e-07
afx_rep,history_004_vocals,Secretariat - Borderline,vocals,input,gain_plus6,0.0
afx_rep,history_004_vocals,Secretariat - Borderline,vocals,input,eq_minus6,0.03366750478744507
afx_rep,history_004_vocals,Secretariat - Borderline,vocals,input,eq_plus6,0.03399866819381714
afx_rep,history_004_vocals,Secretariat - Borderline,vocals,input,comp_ratio2,0.014163494110107422
afx_rep,history_004_vocals,Secretariat - Borderline,vocals,input,comp_ratio4,0.04204070568084717
afx_rep,history_004_vocals,Secretariat - Borderline,vocals,normalized,identity,-1.1920928955078125e-07
afx_rep,history_004_vocals,Secretariat - Borderline,vocals,normalized,gain_minus6,6.198883056640625e-06
afx_rep,history_004_vocals,Secretariat - Borderline,vocals,normalized,gain_plus6,9.417533874511719e-06
afx_rep,history_004_vocals,Secretariat - Borderline,vocals,normalized,eq_minus6,0.0010693669319152832
afx_rep,history_004_vocals,Secretariat - Borderline,vocals,normalized,eq_plus6,0.00048607587814331055
afx_rep,history_004_vocals,Secretariat - Borderline,vocals,normalized,comp_ratio2,0.04125446081161499
afx_rep,history_004_vocals,Secretariat - Borderline,vocals,normalized,comp_ratio4,0.08207249641418457
afx_rep,history_004_other,Triviul feat. The Fiend - Widow,other,input,identity,0.0
afx_rep,history_004_other,Triviul feat. The Fiend - Widow,other,input,gain_minus6,-1.1920928955078125e-07
afx_rep,history_004_other,Triviul feat. The Fiend - Widow,other,input,gain_plus6,0.0
afx_rep,history_004_other,Triviul feat. The Fiend - Widow,other,input,eq_minus6,0.020331263542175293
afx_rep,history_004_other,Triviul feat. The Fiend - Widow,other,input,eq_plus6,0.01843470335006714
afx_rep,history_004_other,Triviul feat. The Fiend - Widow,other,input,comp_ratio2,0.05873173475265503
afx_rep,history_004_other,Triviul feat. The Fiend - Widow,other,input,comp_ratio4,0.1406535506248474
afx_rep,history_004_other,Triviul feat. The Fiend - Widow,other,normalized,identity,-1.1920928955078125e-07
afx_rep,history_004_other,Triviul feat. The Fiend - Widow,other,normalized,gain_minus6,2.664327621459961e-05
afx_rep,history_004_other,Triviul feat. The Fiend - Widow,other,normalized,gain_plus6,1.1265277862548828e-05
afx_rep,history_004_other,Triviul feat. The Fiend - Widow,other,normalized,eq_minus6,0.0003833770751953125
afx_rep,history_004_other,Triviul feat. The Fiend - Widow,other,normalized,eq_plus6,0.00014156103134155273
afx_rep,history_004_other,Triviul feat. The Fiend - Widow,other,normalized,comp_ratio2,0.08525657653808594
afx_rep,history_004_other,Triviul feat. The Fiend - Widow,other,normalized,comp_ratio4,0.20760947465896606
afx_rep,history_005_bass,Buitraker - Revo X,bass,input,identity,-1.1920928955078125e-07
afx_rep,history_005_bass,Buitraker - Revo X,bass,input,gain_minus6,0.0
afx_rep,history_005_bass,Buitraker - Revo X,bass,input,gain_plus6,-1.1920928955078125e-07
afx_rep,history_005_bass,Buitraker - Revo X,bass,input,eq_minus6,0.022973954677581787
afx_rep,history_005_bass,Buitraker - Revo X,bass,input,eq_plus6,0.026198506355285645
afx_rep,history_005_bass,Buitraker - Revo X,bass,input,comp_ratio2,0.029671788215637207
afx_rep,history_005_bass,Buitraker - Revo X,bass,input,comp_ratio4,0.057668328285217285
afx_rep,history_005_bass,Buitraker - Revo X,bass,normalized,identity,-1.1920928955078125e-07
afx_rep,history_005_bass,Buitraker - Revo X,bass,normalized,gain_minus6,1.5020370483398438e-05
afx_rep,history_005_bass,Buitraker - Revo X,bass,normalized,gain_plus6,1.52587890625e-05
afx_rep,history_005_bass,Buitraker - Revo X,bass,normalized,eq_minus6,0.00033974647521972656
afx_rep,history_005_bass,Buitraker - Revo X,bass,normalized,eq_plus6,0.0009551048278808594
afx_rep,history_005_bass,Buitraker - Revo X,bass,normalized,comp_ratio2,0.03286433219909668
afx_rep,history_005_bass,Buitraker - Revo X,bass,normalized,comp_ratio4,0.05472898483276367
afx_rep,history_005_drums,Lyndsey Ollard - Catching Up,drums,input,identity,5.960464477539063e-08
afx_rep,history_005_drums,Lyndsey Ollard - Catching Up,drums,input,gain_minus6,0.0
afx_rep,history_005_drums,Lyndsey Ollard - Catching Up,drums,input,gain_plus6,0.0
afx_rep,history_005_drums,Lyndsey Ollard - Catching Up,drums,input,eq_minus6,0.12803345918655396
afx_rep,history_005_drums,Lyndsey Ollard - Catching Up,drums,input,eq_plus6,0.12403374910354614
afx_rep,history_005_drums,Lyndsey Ollard - Catching Up,drums,input,comp_ratio2,0.3173230290412903
afx_rep,history_005_drums,Lyndsey Ollard - Catching Up,drums,input,comp_ratio4,0.5054965019226074
afx_rep,history_005_drums,Lyndsey Ollard - Catching Up,drums,normalized,identity,5.960464477539063e-08
afx_rep,history_005_drums,Lyndsey Ollard - Catching Up,drums,normalized,gain_minus6,8.940696716308594e-06
afx_rep,history_005_drums,Lyndsey Ollard - Catching Up,drums,normalized,gain_plus6,2.4437904357910156e-06
afx_rep,history_005_drums,Lyndsey Ollard - Catching Up,drums,normalized,eq_minus6,0.0028738975524902344
afx_rep,history_005_drums,Lyndsey Ollard - Catching Up,drums,normalized,eq_plus6,0.0015692710876464844
afx_rep,history_005_drums,Lyndsey Ollard - Catching Up,drums,normalized,comp_ratio2,0.11202430725097656
afx_rep,history_005_drums,Lyndsey Ollard - Catching Up,drums,normalized,comp_ratio4,0.22451645135879517
afx_rep,history_005_vocals,Zeno - Signs,vocals,input,identity,0.0
afx_rep,history_005_vocals,Zeno - Signs,vocals,input,gain_minus6,-1.1920928955078125e-07
afx_rep,history_005_vocals,Zeno - Signs,vocals,input,gain_plus6,0.0
afx_rep,history_005_vocals,Zeno - Signs,vocals,input,eq_minus6,0.04345250129699707
afx_rep,history_005_vocals,Zeno - Signs,vocals,input,eq_plus6,0.0370100736618042
afx_rep,history_005_vocals,Zeno - Signs,vocals,input,comp_ratio2,0.02104783058166504
afx_rep,history_005_vocals,Zeno - Signs,vocals,input,comp_ratio4,0.053166866302490234
afx_rep,history_005_vocals,Zeno - Signs,vocals,normalized,identity,-1.1920928955078125e-07
afx_rep,history_005_vocals,Zeno - Signs,vocals,normalized,gain_minus6,8.344650268554688e-07
afx_rep,history_005_vocals,Zeno - Signs,vocals,normalized,gain_plus6,1.7285346984863281e-06
afx_rep,history_005_vocals,Zeno - Signs,vocals,normalized,eq_minus6,0.0007548332214355469
afx_rep,history_005_vocals,Zeno - Signs,vocals,normalized,eq_plus6,0.000577092170715332
afx_rep,history_005_vocals,Zeno - Signs,vocals,normalized,comp_ratio2,0.03249853849411011
afx_rep,history_005_vocals,Zeno - Signs,vocals,normalized,comp_ratio4,0.0812840461730957
afx_rep,history_005_other,Sambasevam Shanmugam - Kaathaadi,other,input,identity,-1.1920928955078125e-07
afx_rep,history_005_other,Sambasevam Shanmugam - Kaathaadi,other,input,gain_minus6,0.0
afx_rep,history_005_other,Sambasevam Shanmugam - Kaathaadi,other,input,gain_plus6,1.1920928955078125e-07
afx_rep,history_005_other,Sambasevam Shanmugam - Kaathaadi,other,input,eq_minus6,0.05312669277191162
afx_rep,history_005_other,Sambasevam Shanmugam - Kaathaadi,other,input,eq_plus6,0.04363781213760376
afx_rep,history_005_other,Sambasevam Shanmugam - Kaathaadi,other,input,comp_ratio2,0.13336527347564697
afx_rep,history_005_other,Sambasevam Shanmugam - Kaathaadi,other,input,comp_ratio4,0.310851514339447
afx_rep,history_005_other,Sambasevam Shanmugam - Kaathaadi,other,normalized,identity,0.0
afx_rep,history_005_other,Sambasevam Shanmugam - Kaathaadi,other,normalized,gain_minus6,1.1563301086425781e-05
afx_rep,history_005_other,Sambasevam Shanmugam - Kaathaadi,other,normalized,gain_plus6,2.7239322662353516e-05
afx_rep,history_005_other,Sambasevam Shanmugam - Kaathaadi,other,normalized,eq_minus6,0.00035506486892700195
afx_rep,history_005_other,Sambasevam Shanmugam - Kaathaadi,other,normalized,eq_plus6,0.0003873109817504883
afx_rep,history_005_other,Sambasevam Shanmugam - Kaathaadi,other,normalized,comp_ratio2,0.15848547220230103
afx_rep,history_005_other,Sambasevam Shanmugam - Kaathaadi,other,normalized,comp_ratio4,0.32007622718811035
afx_rep,history_006_bass,Carlos Gonzalez - A Place For Us,bass,input,identity,-1.1920928955078125e-07
afx_rep,history_006_bass,Carlos Gonzalez - A Place For Us,bass,input,gain_minus6,-1.1920928955078125e-07
afx_rep,history_006_bass,Carlos Gonzalez - A Place For Us,bass,input,gain_plus6,0.0
afx_rep,history_006_bass,Carlos Gonzalez - A Place For Us,bass,input,eq_minus6,0.05107247829437256
afx_rep,history_006_bass,Carlos Gonzalez - A Place For Us,bass,input,eq_plus6,0.07334369421005249
afx_rep,history_006_bass,Carlos Gonzalez - A Place For Us,bass,input,comp_ratio2,0.09340828657150269
afx_rep,history_006_bass,Carlos Gonzalez - A Place For Us,bass,input,comp_ratio4,0.2017807960510254
afx_rep,history_006_bass,Carlos Gonzalez - A Place For Us,bass,normalized,identity,-1.1920928955078125e-07
afx_rep,history_006_bass,Carlos Gonzalez - A Place For Us,bass,normalized,gain_minus6,4.500150680541992e-05
afx_rep,history_006_bass,Carlos Gonzalez - A Place For Us,bass,normalized,gain_plus6,3.451108932495117e-05
afx_rep,history_006_bass,Carlos Gonzalez - A Place For Us,bass,normalized,eq_minus6,0.000612795352935791
afx_rep,history_006_bass,Carlos Gonzalez - A Place For Us,bass,normalized,eq_plus6,0.0005171895027160645
afx_rep,history_006_bass,Carlos Gonzalez - A Place For Us,bass,normalized,comp_ratio2,0.051727116107940674
afx_rep,history_006_bass,Carlos Gonzalez - A Place For Us,bass,normalized,comp_ratio4,0.10684573650360107
afx_rep,history_006_drums,Raft Monk - Tiring,drums,input,identity,0.0
afx_rep,history_006_drums,Raft Monk - Tiring,drums,input,gain_minus6,0.0
afx_rep,history_006_drums,Raft Monk - Tiring,drums,input,gain_plus6,5.960464477539063e-08
afx_rep,history_006_drums,Raft Monk - Tiring,drums,input,eq_minus6,0.10197097063064575
afx_rep,history_006_drums,Raft Monk - Tiring,drums,input,eq_plus6,0.12664330005645752
afx_rep,history_006_drums,Raft Monk - Tiring,drums,input,comp_ratio2,0.09881025552749634
afx_rep,history_006_drums,Raft Monk - Tiring,drums,input,comp_ratio4,0.20774179697036743
afx_rep,history_006_drums,Raft Monk - Tiring,drums,normalized,identity,0.0
afx_rep,history_006_drums,Raft Monk - Tiring,drums,normalized,gain_minus6,0.0
afx_rep,history_006_drums,Raft Monk - Tiring,drums,normalized,gain_plus6,0.0
afx_rep,history_006_drums,Raft Monk - Tiring,drums,normalized,eq_minus6,1.1920928955078125e-05
afx_rep,history_006_drums,Raft Monk - Tiring,drums,normalized,eq_plus6,5.984306335449219e-05
afx_rep,history_006_drums,Raft Monk - Tiring,drums,normalized,comp_ratio2,0.17144924402236938
afx_rep,history_006_drums,Raft Monk - Tiring,drums,normalized,comp_ratio4,0.30405712127685547
afx_rep,history_006_vocals,Skelpolu - Resurrection,vocals,input,identity,0.0
afx_rep,history_006_vocals,Skelpolu - Resurrection,vocals,input,gain_minus6,0.0
afx_rep,history_006_vocals,Skelpolu - Resurrection,vocals,input,gain_plus6,0.0
afx_rep,history_006_vocals,Skelpolu - Resurrection,vocals,input,eq_minus6,0.027449488639831543
afx_rep,history_006_vocals,Skelpolu - Resurrection,vocals,input,eq_plus6,0.02526092529296875
afx_rep,history_006_vocals,Skelpolu - Resurrection,vocals,input,comp_ratio2,0.03242766857147217
afx_rep,history_006_vocals,Skelpolu - Resurrection,vocals,input,comp_ratio4,0.06610745191574097
afx_rep,history_006_vocals,Skelpolu - Resurrection,vocals,normalized,identity,0.0
afx_rep,history_006_vocals,Skelpolu - Resurrection,vocals,normalized,gain_minus6,2.384185791015625e-07
afx_rep,history_006_vocals,Skelpolu - Resurrection,vocals,normalized,gain_plus6,0.0
afx_rep,history_006_vocals,Skelpolu - Resurrection,vocals,normalized,eq_minus6,7.43865966796875e-05
afx_rep,history_006_vocals,Skelpolu - Resurrection,vocals,normalized,eq_plus6,0.00011551380157470703
afx_rep,history_006_vocals,Skelpolu - Resurrection,vocals,normalized,comp_ratio2,0.0351717472076416
afx_rep,history_006_vocals,Skelpolu - Resurrection,vocals,normalized,comp_ratio4,0.05988377332687378
afx_rep,history_006_other,The Easton Ellises (Baumi) - SDRNR,other,input,identity,-1.1920928955078125e-07
afx_rep,history_006_other,The Easton Ellises (Baumi) - SDRNR,other,input,gain_minus6,-1.1920928955078125e-07
afx_rep,history_006_other,The Easton Ellises (Baumi) - SDRNR,other,input,gain_plus6,-1.1920928955078125e-07
afx_rep,history_006_other,The Easton Ellises (Baumi) - SDRNR,other,input,eq_minus6,0.05744659900665283
afx_rep,history_006_other,The Easton Ellises (Baumi) - SDRNR,other,input,eq_plus6,0.06382346153259277
afx_rep,history_006_other,The Easton Ellises (Baumi) - SDRNR,other,input,comp_ratio2,0.0479469895362854
afx_rep,history_006_other,The Easton Ellises (Baumi) - SDRNR,other,input,comp_ratio4,0.10964322090148926
afx_rep,history_006_other,The Easton Ellises (Baumi) - SDRNR,other,normalized,identity,0.0
afx_rep,history_006_other,The Easton Ellises (Baumi) - SDRNR,other,normalized,gain_minus6,2.1457672119140625e-06
afx_rep,history_006_other,The Easton Ellises (Baumi) - SDRNR,other,normalized,gain_plus6,4.112720489501953e-06
afx_rep,history_006_other,The Easton Ellises (Baumi) - SDRNR,other,normalized,eq_minus6,0.00018256902694702148
afx_rep,history_006_other,The Easton Ellises (Baumi) - SDRNR,other,normalized,eq_plus6,0.00014096498489379883
afx_rep,history_006_other,The Easton Ellises (Baumi) - SDRNR,other,normalized,comp_ratio2,0.08230280876159668
afx_rep,history_006_other,The Easton Ellises (Baumi) - SDRNR,other,normalized,comp_ratio4,0.16552412509918213
afx_rep,history_007_bass,The Long Wait - Dark Horses,bass,input,identity,0.0
afx_rep,history_007_bass,The Long Wait - Dark Horses,bass,input,gain_minus6,0.0
afx_rep,history_007_bass,The Long Wait - Dark Horses,bass,input,gain_plus6,0.0
afx_rep,history_007_bass,The Long Wait - Dark Horses,bass,input,eq_minus6,0.03209322690963745
afx_rep,history_007_bass,The Long Wait - Dark Horses,bass,input,eq_plus6,0.024360179901123047
afx_rep,history_007_bass,The Long Wait - Dark Horses,bass,input,comp_ratio2,0.0947113037109375
afx_rep,history_007_bass,The Long Wait - Dark Horses,bass,input,comp_ratio4,0.18454712629318237
afx_rep,history_007_bass,The Long Wait - Dark Horses,bass,normalized,identity,0.0
afx_rep,history_007_bass,The Long Wait - Dark Horses,bass,normalized,gain_minus6,4.947185516357422e-06
afx_rep,history_007_bass,The Long Wait - Dark Horses,bass,normalized,gain_plus6,4.351139068603516e-06
afx_rep,history_007_bass,The Long Wait - Dark Horses,bass,normalized,eq_minus6,0.00031256675720214844
afx_rep,history_007_bass,The Long Wait - Dark Horses,bass,normalized,eq_plus6,0.0004216432571411133
afx_rep,history_007_bass,The Long Wait - Dark Horses,bass,normalized,comp_ratio2,0.14834803342819214
afx_rep,history_007_bass,The Long Wait - Dark Horses,bass,normalized,comp_ratio4,0.24822139739990234
afx_rep,history_007_drums,PR - Happy Daze,drums,input,identity,0.0
afx_rep,history_007_drums,PR - Happy Daze,drums,input,gain_minus6,-1.1920928955078125e-07
afx_rep,history_007_drums,PR - Happy Daze,drums,input,gain_plus6,0.0
afx_rep,history_007_drums,PR - Happy Daze,drums,input,eq_minus6,0.0853930115699768
afx_rep,history_007_drums,PR - Happy Daze,drums,input,eq_plus6,0.05123639106750488
afx_rep,history_007_drums,PR - Happy Daze,drums,input,comp_ratio2,0.0394749641418457
afx_rep,history_007_drums,PR - Happy Daze,drums,input,comp_ratio4,0.08244407176971436
afx_rep,history_007_drums,PR - Happy Daze,drums,normalized,identity,-1.1920928955078125e-07
afx_rep,history_007_drums,PR - Happy Daze,drums,normalized,gain_minus6,9.5367431640625e-07
afx_rep,history_007_drums,PR - Happy Daze,drums,normalized,gain_plus6,5.960464477539062e-07
afx_rep,history_007_drums,PR - Happy Daze,drums,normalized,eq_minus6,0.0006760358810424805
afx_rep,history_007_drums,PR - Happy Daze,drums,normalized,eq_plus6,0.005976319313049316
afx_rep,history_007_drums,PR - Happy Daze,drums,normalized,comp_ratio2,0.030538320541381836
afx_rep,history_007_drums,PR - Happy Daze,drums,normalized,comp_ratio4,0.05881994962692261
afx_rep,history_007_vocals,Al James - Schoolboy Facination,vocals,input,identity,0.0
afx_rep,history_007_vocals,Al James - Schoolboy Facination,vocals,input,gain_minus6,-1.1920928955078125e-07
afx_rep,history_007_vocals,Al James - Schoolboy Facination,vocals,input,gain_plus6,0.0
afx_rep,history_007_vocals,Al James - Schoolboy Facination,vocals,input,eq_minus6,0.04951363801956177
afx_rep,history_007_vocals,Al James - Schoolboy Facination,vocals,input,eq_plus6,0.0502738356590271
afx_rep,history_007_vocals,Al James - Schoolboy Facination,vocals,input,comp_ratio2,0.03316855430603027
afx_rep,history_007_vocals,Al James - Schoolboy Facination,vocals,input,comp_ratio4,0.0769730806350708
afx_rep,history_007_vocals,Al James - Schoolboy Facination,vocals,normalized,identity,0.0
afx_rep,history_007_vocals,Al James - Schoolboy Facination,vocals,normalized,gain_minus6,1.6689300537109375e-06
afx_rep,history_007_vocals,Al James - Schoolboy Facination,vocals,normalized,gain_plus6,9.5367431640625e-07
afx_rep,history_007_vocals,Al James - Schoolboy Facination,vocals,normalized,eq_minus6,0.0038748979568481445
afx_rep,history_007_vocals,Al James - Schoolboy Facination,vocals,normalized,eq_plus6,8.803606033325195e-05
afx_rep,history_007_vocals,Al James - Schoolboy Facination,vocals,normalized,comp_ratio2,0.02438175678253174
afx_rep,history_007_vocals,Al James - Schoolboy Facination,vocals,normalized,comp_ratio4,0.052830517292022705
afx_rep,history_007_other,Hollow Ground - Ill Fate,other,input,identity,-1.1920928955078125e-07
afx_rep,history_007_other,Hollow Ground - Ill Fate,other,input,gain_minus6,-1.1920928955078125e-07
afx_rep,history_007_other,Hollow Ground - Ill Fate,other,input,gain_plus6,-1.1920928955078125e-07
afx_rep,history_007_other,Hollow Ground - Ill Fate,other,input,eq_minus6,0.08233451843261719
afx_rep,history_007_other,Hollow Ground - Ill Fate,other,input,eq_plus6,0.10698628425598145
afx_rep,history_007_other,Hollow Ground - Ill Fate,other,input,comp_ratio2,0.08645486831665039
afx_rep,history_007_other,Hollow Ground - Ill Fate,other,input,comp_ratio4,0.1421527862548828
afx_rep,history_007_other,Hollow Ground - Ill Fate,other,normalized,identity,-1.1920928955078125e-07
afx_rep,history_007_other,Hollow Ground - Ill Fate,other,normalized,gain_minus6,6.556510925292969e-07
afx_rep,history_007_other,Hollow Ground - Ill Fate,other,normalized,gain_plus6,0.00016385316848754883
afx_rep,history_007_other,Hollow Ground - Ill Fate,other,normalized,eq_minus6,0.0001634359359741211
afx_rep,history_007_other,Hollow Ground - Ill Fate,other,normalized,eq_plus6,0.00031125545501708984
afx_rep,history_007_other,Hollow Ground - Ill Fate,other,normalized,comp_ratio2,0.02104860544204712
afx_rep,history_007_other,Hollow Ground - Ill Fate,other,normalized,comp_ratio4,0.03920161724090576
afx_rep,history_008_bass,Arise - Run Run Run,bass,input,identity,0.0
afx_rep,history_008_bass,Arise - Run Run Run,bass,input,gain_minus6,-1.1920928955078125e-07
afx_rep,history_008_bass,Arise - Run Run Run,bass,input,gain_plus6,0.0
afx_rep,history_008_bass,Arise - Run Run Run,bass,input,eq_minus6,0.03228241205215454
afx_rep,history_008_bass,Arise - Run Run Run,bass,input,eq_plus6,0.026941895484924316
afx_rep,history_008_bass,Arise - Run Run Run,bass,input,comp_ratio2,0.08476972579956055
afx_rep,history_008_bass,Arise - Run Run Run,bass,input,comp_ratio4,0.13122928142547607
afx_rep,history_008_bass,Arise - Run Run Run,bass,normalized,identity,-1.1920928955078125e-07
afx_rep,history_008_bass,Arise - Run Run Run,bass,normalized,gain_minus6,5.543231964111328e-06
afx_rep,history_008_bass,Arise - Run Run Run,bass,normalized,gain_plus6,1.0609626770019531e-05
afx_rep,history_008_bass,Arise - Run Run Run,bass,normalized,eq_minus6,0.0001646280288696289
afx_rep,history_008_bass,Arise - Run Run Run,bass,normalized,eq_plus6,0.0011470317840576172
afx_rep,history_008_bass,Arise - Run Run Run,bass,normalized,comp_ratio2,0.25521278381347656
afx_rep,history_008_bass,Arise - Run Run Run,bass,normalized,comp_ratio4,0.3122774362564087
afx_rep,history_008_drums,Bobby Nobody - Stitch Up,drums,input,identity,0.0
afx_rep,history_008_drums,Bobby Nobody - Stitch Up,drums,input,gain_minus6,-1.1920928955078125e-07
afx_rep,history_008_drums,Bobby Nobody - Stitch Up,drums,input,gain_plus6,-1.1920928955078125e-07
afx_rep,history_008_drums,Bobby Nobody - Stitch Up,drums,input,eq_minus6,0.09795403480529785
afx_rep,history_008_drums,Bobby Nobody - Stitch Up,drums,input,eq_plus6,0.10976707935333252
afx_rep,history_008_drums,Bobby Nobody - Stitch Up,drums,input,comp_ratio2,0.13568377494812012
afx_rep,history_008_drums,Bobby Nobody - Stitch Up,drums,input,comp_ratio4,0.29907214641571045
afx_rep,history_008_drums,Bobby Nobody - Stitch Up,drums,normalized,identity,0.0
afx_rep,history_008_drums,Bobby Nobody - Stitch Up,drums,normalized,gain_minus6,2.6941299438476562e-05
afx_rep,history_008_drums,Bobby Nobody - Stitch Up,drums,normalized,gain_plus6,1.4662742614746094e-05
afx_rep,history_008_drums,Bobby Nobody - Stitch Up,drums,normalized,eq_minus6,0.00022673606872558594
afx_rep,history_008_drums,Bobby Nobody - Stitch Up,drums,normalized,eq_plus6,0.0005188584327697754
afx_rep,history_008_drums,Bobby Nobody - Stitch Up,drums,normalized,comp_ratio2,0.1201367974281311
afx_rep,history_008_drums,Bobby Nobody - Stitch Up,drums,normalized,comp_ratio4,0.2908039689064026
afx_rep,history_008_vocals,M.E.R.C. Music - Knockout,vocals,input,identity,5.960464477539063e-08
afx_rep,history_008_vocals,M.E.R.C. Music - Knockout,vocals,input,gain_minus6,0.0
afx_rep,history_008_vocals,M.E.R.C. Music - Knockout,vocals,input,gain_plus6,5.960464477539063e-08
afx_rep,history_008_vocals,M.E.R.C. Music - Knockout,vocals,input,eq_minus6,0.056890785694122314
afx_rep,history_008_vocals,M.E.R.C. Music - Knockout,vocals,input,eq_plus6,0.052255451679229736
afx_rep,history_008_vocals,M.E.R.C. Music - Knockout,vocals,input,comp_ratio2,0.08544009923934937
afx_rep,history_008_vocals,M.E.R.C. Music - Knockout,vocals,input,comp_ratio4,0.20136964321136475
afx_rep,history_008_vocals,M.E.R.C. Music - Knockout,vocals,normalized,identity,0.0
afx_rep,history_008_vocals,M.E.R.C. Music - Knockout,vocals,normalized,gain_minus6,1.0728836059570312e-06
afx_rep,history_008_vocals,M.E.R.C. Music - Knockout,vocals,normalized,gain_plus6,1.6689300537109375e-06
afx_rep,history_008_vocals,M.E.R.C. Music - Knockout,vocals,normalized,eq_minus6,2.4080276489257812e-05
afx_rep,history_008_vocals,M.E.R.C. Music - Knockout,vocals,normalized,eq_plus6,4.166364669799805e-05
afx_rep,history_008_vocals,M.E.R.C. Music - Knockout,vocals,normalized,comp_ratio2,0.09162181615829468
afx_rep,history_008_vocals,M.E.R.C. Music - Knockout,vocals,normalized,comp_ratio4,0.21793043613433838
afx_rep,history_008_other,M.E.R.C. Music - Knockout,other,input,identity,5.960464477539063e-08
afx_rep,history_008_other,M.E.R.C. Music - Knockout,other,input,gain_minus6,0.0
afx_rep,history_008_other,M.E.R.C. Music - Knockout,other,input,gain_plus6,0.0
afx_rep,history_008_other,M.E.R.C. Music - Knockout,other,input,eq_minus6,0.07265728712081909
afx_rep,history_008_other,M.E.R.C. Music - Knockout,other,input,eq_plus6,0.08366841077804565
afx_rep,history_008_other,M.E.R.C. Music - Knockout,other,input,comp_ratio2,0.021067023277282715
afx_rep,history_008_other,M.E.R.C. Music - Knockout,other,input,comp_ratio4,0.050220370292663574
afx_rep,history_008_other,M.E.R.C. Music - Knockout,other,normalized,identity,1.1920928955078125e-07
afx_rep,history_008_other,M.E.R.C. Music - Knockout,other,normalized,gain_minus6,2.205371856689453e-06
afx_rep,history_008_other,M.E.R.C. Music - Knockout,other,normalized,gain_plus6,5.4836273193359375e-06
afx_rep,history_008_other,M.E.R.C. Music - Knockout,other,normalized,eq_minus6,0.0003285408020019531
afx_rep,history_008_other,M.E.R.C. Music - Knockout,other,normalized,eq_plus6,0.00036263465881347656
afx_rep,history_008_other,M.E.R.C. Music - Knockout,other,normalized,comp_ratio2,0.02431011199951172
afx_rep,history_008_other,M.E.R.C. Music - Knockout,other,normalized,comp_ratio4,0.05636841058731079
afx_rep,history_009_bass,Georgia Wonder - Siren,bass,input,identity,1.1920928955078125e-07
afx_rep,history_009_bass,Georgia Wonder - Siren,bass,input,gain_minus6,5.960464477539063e-08
afx_rep,history_009_bass,Georgia Wonder - Siren,bass,input,gain_plus6,1.1920928955078125e-07
afx_rep,history_009_bass,Georgia Wonder - Siren,bass,input,eq_minus6,0.02072000503540039
afx_rep,history_009_bass,Georgia Wonder - Siren,bass,input,eq_plus6,0.02166569232940674
afx_rep,history_009_bass,Georgia Wonder - Siren,bass,input,comp_ratio2,0.06178855895996094
afx_rep,history_009_bass,Georgia Wonder - Siren,bass,input,comp_ratio4,0.15984022617340088
afx_rep,history_009_bass,Georgia Wonder - Siren,bass,normalized,identity,-1.1920928955078125e-07
afx_rep,history_009_bass,Georgia Wonder - Siren,bass,normalized,gain_minus6,4.76837158203125e-06
afx_rep,history_009_bass,Georgia Wonder - Siren,bass,normalized,gain_plus6,5.7220458984375e-06
afx_rep,history_009_bass,Georgia Wonder - Siren,bass,normalized,eq_minus6,0.00036448240280151367
afx_rep,history_009_bass,Georgia Wonder - Siren,bass,normalized,eq_plus6,0.001081705093383789
afx_rep,history_009_bass,Georgia Wonder - Siren,bass,normalized,comp_ratio2,0.040574610233306885
afx_rep,history_009_bass,Georgia Wonder - Siren,bass,normalized,comp_ratio4,0.1283247470855713
afx_rep,history_009_drums,Motor Tapes - Shore,drums,input,identity,-1.1920928955078125e-07
afx_rep,history_009_drums,Motor Tapes - Shore,drums,input,gain_minus6,-1.1920928955078125e-07
afx_rep,history_009_drums,Motor Tapes - Shore,drums,input,gain_plus6,-1.1920928955078125e-07
afx_rep,history_009_drums,Motor Tapes - Shore,drums,input,eq_minus6,0.10006046295166016
afx_rep,history_009_drums,Motor Tapes - Shore,drums,input,eq_plus6,0.09627610445022583
afx_rep,history_009_drums,Motor Tapes - Shore,drums,input,comp_ratio2,0.19271767139434814
afx_rep,history_009_drums,Motor Tapes - Shore,drums,input,comp_ratio4,0.34837251901626587
afx_rep,history_009_drums,Motor Tapes - Shore,drums,normalized,identity,0.0
afx_rep,history_009_drums,Motor Tapes - Shore,drums,normalized,gain_minus6,0.0
afx_rep,history_009_drums,Motor Tapes - Shore,drums,normalized,gain_plus6,2.980232238769531e-07
afx_rep,history_009_drums,Motor Tapes - Shore,drums,normalized,eq_minus6,9.202957153320312e-05
afx_rep,history_009_drums,Motor Tapes - Shore,drums,normalized,eq_plus6,9.822845458984375e-05
afx_rep,history_009_drums,Motor Tapes - Shore,drums,normalized,comp_ratio2,0.18406569957733154
afx_rep,history_009_drums,Motor Tapes - Shore,drums,normalized,comp_ratio4,0.35938185453414917
afx_rep,history_009_vocals,AM Contra - Heart Peripheral,vocals,input,identity,0.0
afx_rep,history_009_vocals,AM Contra - Heart Peripheral,vocals,input,gain_minus6,0.0
afx_rep,history_009_vocals,AM Contra - Heart Peripheral,vocals,input,gain_plus6,0.0
afx_rep,history_009_vocals,AM Contra - Heart Peripheral,vocals,input,eq_minus6,0.039180099964141846
afx_rep,history_009_vocals,AM Contra - Heart Peripheral,vocals,input,eq_plus6,0.04493933916091919
afx_rep,history_009_vocals,AM Contra - Heart Peripheral,vocals,input,comp_ratio2,0.007048964500427246
afx_rep,history_009_vocals,AM Contra - Heart Peripheral,vocals,input,comp_ratio4,0.014540433883666992
afx_rep,history_009_vocals,AM Contra - Heart Peripheral,vocals,normalized,identity,-1.1920928955078125e-07
afx_rep,history_009_vocals,AM Contra - Heart Peripheral,vocals,normalized,gain_minus6,0.0
afx_rep,history_009_vocals,AM Contra - Heart Peripheral,vocals,normalized,gain_plus6,1.1920928955078125e-07
afx_rep,history_009_vocals,AM Contra - Heart Peripheral,vocals,normalized,eq_minus6,0.0003026127815246582
afx_rep,history_009_vocals,AM Contra - Heart Peripheral,vocals,normalized,eq_plus6,0.00019210577011108398
afx_rep,history_009_vocals,AM Contra - Heart Peripheral,vocals,normalized,comp_ratio2,0.013408303260803223
afx_rep,history_009_vocals,AM Contra - Heart Peripheral,vocals,normalized,comp_ratio4,0.02464979887008667
afx_rep,history_009_other,BKS - Too Much,other,input,identity,0.0
afx_rep,history_009_other,BKS - Too Much,other,input,gain_minus6,-1.1920928955078125e-07
afx_rep,history_009_other,BKS - Too Much,other,input,gain_plus6,0.0
afx_rep,history_009_other,BKS - Too Much,other,input,eq_minus6,0.03341519832611084
afx_rep,history_009_other,BKS - Too Much,other,input,eq_plus6,0.03436589241027832
afx_rep,history_009_other,BKS - Too Much,other,input,comp_ratio2,0.020362496376037598
afx_rep,history_009_other,BKS - Too Much,other,input,comp_ratio4,0.04998880624771118
afx_rep,history_009_other,BKS - Too Much,other,normalized,identity,-1.1920928955078125e-07
afx_rep,history_009_other,BKS - Too Much,other,normalized,gain_minus6,8.821487426757812e-06
afx_rep,history_009_other,BKS - Too Much,other,normalized,gain_plus6,1.3828277587890625e-05
afx_rep,history_009_other,BKS - Too Much,other,normalized,eq_minus6,0.0011505484580993652
afx_rep,history_009_other,BKS - Too Much,other,normalized,eq_plus6,0.0005885958671569824
afx_rep,history_009_other,BKS - Too Much,other,normalized,comp_ratio2,0.04674893617630005
afx_rep,history_009_other,BKS - Too Much,other,normalized,comp_ratio4,0.12301105260848999
afx_rep,history_010_bass,Cristina Vane - So Easy,bass,input,identity,5.960464477539063e-08
afx_rep,history_010_bass,Cristina Vane - So Easy,bass,input,gain_minus6,5.960464477539063e-08
afx_rep,history_010_bass,Cristina Vane - So Easy,bass,input,gain_plus6,0.0
afx_rep,history_010_bass,Cristina Vane - So Easy,bass,input,eq_minus6,0.03550773859024048
afx_rep,history_010_bass,Cristina Vane - So Easy,bass,input,eq_plus6,0.03808164596557617
afx_rep,history_010_bass,Cristina Vane - So Easy,bass,input,comp_ratio2,0.07344579696655273
afx_rep,history_010_bass,Cristina Vane - So Easy,bass,input,comp_ratio4,0.1574157476425171
afx_rep,history_010_bass,Cristina Vane - So Easy,bass,normalized,identity,0.0
afx_rep,history_010_bass,Cristina Vane - So Easy,bass,normalized,gain_minus6,5.424022674560547e-06
afx_rep,history_010_bass,Cristina Vane - So Easy,bass,normalized,gain_plus6,5.364418029785156e-06
afx_rep,history_010_bass,Cristina Vane - So Easy,bass,normalized,eq_minus6,0.00033932924270629883
afx_rep,history_010_bass,Cristina Vane - So Easy,bass,normalized,eq_plus6,0.0002968907356262207
afx_rep,history_010_bass,Cristina Vane - So Easy,bass,normalized,comp_ratio2,0.05687427520751953
afx_rep,history_010_bass,Cristina Vane - So Easy,bass,normalized,comp_ratio4,0.10108184814453125
afx_rep,history_010_drums,Tom McKenzie - Directions,drums,input,identity,0.0
afx_rep,history_010_drums,Tom McKenzie - Directions,drums,input,gain_minus6,-1.1920928955078125e-07
afx_rep,history_010_drums,Tom McKenzie - Directions,drums,input,gain_plus6,0.0
afx_rep,history_010_drums,Tom McKenzie - Directions,drums,input,eq_minus6,0.09300214052200317
afx_rep,history_010_drums,Tom McKenzie - Directions,drums,input,eq_plus6,0.09871381521224976
afx_rep,history_010_drums,Tom McKenzie - Directions,drums,input,comp_ratio2,0.0862228274345398
afx_rep,history_010_drums,Tom McKenzie - Directions,drums,input,comp_ratio4,0.2053459882736206
afx_rep,history_010_drums,Tom McKenzie - Directions,drums,normalized,identity,0.0
afx_rep,history_010_drums,Tom McKenzie - Directions,drums,normalized,gain_minus6,8.344650268554688e-07
afx_rep,history_010_drums,Tom McKenzie - Directions,drums,normalized,gain_plus6,3.5762786865234375e-07
afx_rep,history_010_drums,Tom McKenzie - Directions,drums,normalized,eq_minus6,0.02250736951828003
afx_rep,history_010_drums,Tom McKenzie - Directions,drums,normalized,eq_plus6,0.00012993812561035156
afx_rep,history_010_drums,Tom McKenzie - Directions,drums,normalized,comp_ratio2,0.10156536102294922
afx_rep,history_010_drums,Tom McKenzie - Directions,drums,normalized,comp_ratio4,0.24219530820846558
afx_rep,history_010_vocals,BKS - Bulldozer,vocals,input,identity,0.0
afx_rep,history_010_vocals,BKS - Bulldozer,vocals,input,gain_minus6,0.0
afx_rep,history_010_vocals,BKS - Bulldozer,vocals,input,gain_plus6,5.960464477539063e-08
afx_rep,history_010_vocals,BKS - Bulldozer,vocals,input,eq_minus6,0.07714718580245972
afx_rep,history_010_vocals,BKS - Bulldozer,vocals,input,eq_plus6,0.06482326984405518
afx_rep,history_010_vocals,BKS - Bulldozer,vocals,input,comp_ratio2,0.01592344045639038
afx_rep,history_010_vocals,BKS - Bulldozer,vocals,input,comp_ratio4,0.030971109867095947
afx_rep,history_010_vocals,BKS - Bulldozer,vocals,normalized,identity,-1.1920928955078125e-07
afx_rep,history_010_vocals,BKS - Bulldozer,vocals,normalized,gain_minus6,1.430511474609375e-06
afx_rep,history_010_vocals,BKS - Bulldozer,vocals,normalized,gain_plus6,4.76837158203125e-06
afx_rep,history_010_vocals,BKS - Bulldozer,vocals,normalized,eq_minus6,0.0001608729362487793
afx_rep,history_010_vocals,BKS - Bulldozer,vocals,normalized,eq_plus6,0.00022846460342407227
afx_rep,history_010_vocals,BKS - Bulldozer,vocals,normalized,comp_ratio2,0.019299805164337158
afx_rep,history_010_vocals,BKS - Bulldozer,vocals,normalized,comp_ratio4,0.039958417415618896
afx_rep,history_010_other,Skelpolu - Resurrection,other,input,identity,5.960464477539063e-08
afx_rep,history_010_other,Skelpolu - Resurrection,other,input,gain_minus6,0.0
afx_rep,history_010_other,Skelpolu - Resurrection,other,input,gain_plus6,0.0
afx_rep,history_010_other,Skelpolu - Resurrection,other,input,eq_minus6,0.06431734561920166
afx_rep,history_010_other,Skelpolu - Resurrection,other,input,eq_plus6,0.10429829359054565
afx_rep,history_010_other,Skelpolu - Resurrection,other,input,comp_ratio2,0.01575183868408203
afx_rep,history_010_other,Skelpolu - Resurrection,other,input,comp_ratio4,0.03528940677642822
afx_rep,history_010_other,Skelpolu - Resurrection,other,normalized,identity,-2.384185791015625e-07
afx_rep,history_010_other,Skelpolu - Resurrection,other,normalized,gain_minus6,0.0
afx_rep,history_010_other,Skelpolu - Resurrection,other,normalized,gain_plus6,0.0
afx_rep,history_010_other,Skelpolu - Resurrection,other,normalized,eq_minus6,4.500150680541992e-05
afx_rep,history_010_other,Skelpolu - Resurrection,other,normalized,eq_plus6,8.32676887512207e-05
afx_rep,history_010_other,Skelpolu - Resurrection,other,normalized,comp_ratio2,0.04797995090484619
afx_rep,history_010_other,Skelpolu - Resurrection,other,normalized,comp_ratio4,0.09548312425613403
afx_rep,history_011_bass,Motor Tapes - Shore,bass,input,identity,0.0
afx_rep,history_011_bass,Motor Tapes - Shore,bass,input,gain_minus6,-1.1920928955078125e-07
afx_rep,history_011_bass,Motor Tapes - Shore,bass,input,gain_plus6,-1.1920928955078125e-07
afx_rep,history_011_bass,Motor Tapes - Shore,bass,input,eq_minus6,0.02339571714401245
afx_rep,history_011_bass,Motor Tapes - Shore,bass,input,eq_plus6,0.03009617328643799
afx_rep,history_011_bass,Motor Tapes - Shore,bass,input,comp_ratio2,0.08836829662322998
afx_rep,history_011_bass,Motor Tapes - Shore,bass,input,comp_ratio4,0.14580678939819336
afx_rep,history_011_bass,Motor Tapes - Shore,bass,normalized,identity,0.0
afx_rep,history_011_bass,Motor Tapes - Shore,bass,normalized,gain_minus6,4.291534423828125e-06
afx_rep,history_011_bass,Motor Tapes - Shore,bass,normalized,gain_plus6,1.0848045349121094e-05
afx_rep,history_011_bass,Motor Tapes - Shore,bass,normalized,eq_minus6,0.0006691813468933105
afx_rep,history_011_bass,Motor Tapes - Shore,bass,normalized,eq_plus6,0.0016723275184631348
afx_rep,history_011_bass,Motor Tapes - Shore,bass,normalized,comp_ratio2,0.16497868299484253
afx_rep,history_011_bass,Motor Tapes - Shore,bass,normalized,comp_ratio4,0.22072207927703857
afx_rep,history_011_drums,Arise - Run Run Run,drums,input,identity,-1.1920928955078125e-07
afx_rep,history_011_drums,Arise - Run Run Run,drums,input,gain_minus6,0.0
afx_rep,history_011_drums,Arise - Run Run Run,drums,input,gain_plus6,0.0
afx_rep,history_011_drums,Arise - Run Run Run,drums,input,eq_minus6,0.06556123495101929
afx_rep,history_011_drums,Arise - Run Run Run,drums,input,eq_plus6,0.055051565170288086
afx_rep,history_011_drums,Arise - Run Run Run,drums,input,comp_ratio2,0.07052016258239746
afx_rep,history_011_drums,Arise - Run Run Run,drums,input,comp_ratio4,0.15317749977111816
afx_rep,history_011_drums,Arise - Run Run Run,drums,normalized,identity,0.0
afx_rep,history_011_drums,Arise - Run Run Run,drums,normalized,gain_minus6,7.152557373046875e-07
afx_rep,history_011_drums,Arise - Run Run Run,drums,normalized,gain_plus6,8.940696716308594e-07
afx_rep,history_011_drums,Arise - Run Run Run,drums,normalized,eq_minus6,0.00026786327362060547
afx_rep,history_011_drums,Arise - Run Run Run,drums,normalized,eq_plus6,0.0006248354911804199
afx_rep,history_011_drums,Arise - Run Run Run,drums,normalized,comp_ratio2,0.08114725351333618
afx_rep,history_011_drums,Arise - Run Run Run,drums,normalized,comp_ratio4,0.16959547996520996
afx_rep,history_011_vocals,Hollow Ground - Ill Fate,vocals,input,identity,0.0
afx_rep,history_011_vocals,Hollow Ground - Ill Fate,vocals,input,gain_minus6,0.0
afx_rep,history_011_vocals,Hollow Ground - Ill Fate,vocals,input,gain_plus6,-1.1920928955078125e-07
afx_rep,history_011_vocals,Hollow Ground - Ill Fate,vocals,input,eq_minus6,0.04924619197845459
afx_rep,history_011_vocals,Hollow Ground - Ill Fate,vocals,input,eq_plus6,0.038051605224609375
afx_rep,history_011_vocals,Hollow Ground - Ill Fate,vocals,input,comp_ratio2,0.00913691520690918
afx_rep,history_011_vocals,Hollow Ground - Ill Fate,vocals,input,comp_ratio4,0.024488449096679688
afx_rep,history_011_vocals,Hollow Ground - Ill Fate,vocals,normalized,identity,1.7881393432617188e-07
afx_rep,history_011_vocals,Hollow Ground - Ill Fate,vocals,normalized,gain_minus6,1.1920928955078125e-07
afx_rep,history_011_vocals,Hollow Ground - Ill Fate,vocals,normalized,gain_plus6,0.0
afx_rep,history_011_vocals,Hollow Ground - Ill Fate,vocals,normalized,eq_minus6,0.0001506209373474121
afx_rep,history_011_vocals,Hollow Ground - Ill Fate,vocals,normalized,eq_plus6,0.00022971630096435547
afx_rep,history_011_vocals,Hollow Ground - Ill Fate,vocals,normalized,comp_ratio2,0.0175819993019104
afx_rep,history_011_vocals,Hollow Ground - Ill Fate,vocals,normalized,comp_ratio4,0.044524312019348145
afx_rep,history_011_other,Angels In Amplifiers - I'm Alright,other,input,identity,0.0
afx_rep,history_011_other,Angels In Amplifiers - I'm Alright,other,input,gain_minus6,0.0
afx_rep,history_011_other,Angels In Amplifiers - I'm Alright,other,input,gain_plus6,0.0
afx_rep,history_011_other,Angels In Amplifiers - I'm Alright,other,input,eq_minus6,0.056798577308654785
afx_rep,history_011_other,Angels In Amplifiers - I'm Alright,other,input,eq_plus6,0.06901568174362183
afx_rep,history_011_other,Angels In Amplifiers - I'm Alright,other,input,comp_ratio2,0.04278421401977539
afx_rep,history_011_other,Angels In Amplifiers - I'm Alright,other,input,comp_ratio4,0.08406758308410645
afx_rep,history_011_other,Angels In Amplifiers - I'm Alright,other,normalized,identity,-1.1920928955078125e-07
afx_rep,history_011_other,Angels In Amplifiers - I'm Alright,other,normalized,gain_minus6,2.1457672119140625e-06
afx_rep,history_011_other,Angels In Amplifiers - I'm Alright,other,normalized,gain_plus6,1.7881393432617188e-06
afx_rep,history_011_other,Angels In Amplifiers - I'm Alright,other,normalized,eq_minus6,0.00037086009979248047
afx_rep,history_011_other,Angels In Amplifiers - I'm Alright,other,normalized,eq_plus6,0.021239638328552246
afx_rep,history_011_other,Angels In Amplifiers - I'm Alright,other,normalized,comp_ratio2,0.046862006187438965
afx_rep,history_011_other,Angels In Amplifiers - I'm Alright,other,normalized,comp_ratio4,0.0857577919960022
afx_rep,history_012_bass,AM Contra - Heart Peripheral,bass,input,identity,-1.1920928955078125e-07
afx_rep,history_012_bass,AM Contra - Heart Peripheral,bass,input,gain_minus6,-1.1920928955078125e-07
afx_rep,history_012_bass,AM Contra - Heart Peripheral,bass,input,gain_plus6,-1.1920928955078125e-07
afx_rep,history_012_bass,AM Contra - Heart Peripheral,bass,input,eq_minus6,0.03639799356460571
afx_rep,history_012_bass,AM Contra - Heart Peripheral,bass,input,eq_plus6,0.03952455520629883
afx_rep,history_012_bass,AM Contra - Heart Peripheral,bass,input,comp_ratio2,0.020225703716278076
afx_rep,history_012_bass,AM Contra - Heart Peripheral,bass,input,comp_ratio4,0.051040709018707275
afx_rep,history_012_bass,AM Contra - Heart Peripheral,bass,normalized,identity,-1.1920928955078125e-07
afx_rep,history_012_bass,AM Contra - Heart Peripheral,bass,normalized,gain_minus6,5.125999450683594e-06
afx_rep,history_012_bass,AM Contra - Heart Peripheral,bass,normalized,gain_plus6,7.3909759521484375e-06
afx_rep,history_012_bass,AM Contra - Heart Peripheral,bass,normalized,eq_minus6,0.00030368566513061523
afx_rep,history_012_bass,AM Contra - Heart Peripheral,bass,normalized,eq_plus6,0.00016677379608154297
afx_rep,history_012_bass,AM Contra - Heart Peripheral,bass,normalized,comp_ratio2,0.008515000343322754
afx_rep,history_012_bass,AM Contra - Heart Peripheral,bass,normalized,comp_ratio4,0.023187637329101562
afx_rep,history_012_drums,Al James - Schoolboy Facination,drums,input,identity,-1.1920928955078125e-07
afx_rep,history_012_drums,Al James - Schoolboy Facination,drums,input,gain_minus6,0.0
afx_rep,history_012_drums,Al James - Schoolboy Facination,drums,input,gain_plus6,-1.1920928955078125e-07
afx_rep,history_012_drums,Al James - Schoolboy Facination,drums,input,eq_minus6,0.13048070669174194
afx_rep,history_012_drums,Al James - Schoolboy Facination,drums,input,eq_plus6,0.12140119075775146
afx_rep,history_012_drums,Al James - Schoolboy Facination,drums,input,comp_ratio2,0.12807822227478027
afx_rep,history_012_drums,Al James - Schoolboy Facination,drums,input,comp_ratio4,0.2882106304168701
afx_rep,history_012_drums,Al James - Schoolboy Facination,drums,normalized,identity,-1.1920928955078125e-07
afx_rep,history_012_drums,Al James - Schoolboy Facination,drums,normalized,gain_minus6,1.1920928955078125e-07
afx_rep,history_012_drums,Al James - Schoolboy Facination,drums,normalized,gain_plus6,-1.1920928955078125e-07
afx_rep,history_012_drums,Al James - Schoolboy Facination,drums,normalized,eq_minus6,5.8650970458984375e-05
afx_rep,history_012_drums,Al James - Schoolboy Facination,drums,normalized,eq_plus6,6.973743438720703e-05
afx_rep,history_012_drums,Al James - Schoolboy Facination,drums,normalized,comp_ratio2,0.13120180368423462
afx_rep,history_012_drums,Al James - Schoolboy Facination,drums,normalized,comp_ratio4,0.3204208016395569
afx_rep,history_012_vocals,Ben Carrigan - We'll Talk About It All Tonight,vocals,input,identity,0.0
afx_rep,history_012_vocals,Ben Carrigan - We'll Talk About It All Tonight,vocals,input,gain_minus6,-1.1920928955078125e-07
afx_rep,history_012_vocals,Ben Carrigan - We'll Talk About It All Tonight,vocals,input,gain_plus6,5.960464477539063e-08
afx_rep,history_012_vocals,Ben Carrigan - We'll Talk About It All Tonight,vocals,input,eq_minus6,0.039357542991638184
afx_rep,history_012_vocals,Ben Carrigan - We'll Talk About It All Tonight,vocals,input,eq_plus6,0.0431743860244751
afx_rep,history_012_vocals,Ben Carrigan - We'll Talk About It All Tonight,vocals,input,comp_ratio2,0.034242093563079834
afx_rep,history_012_vocals,Ben Carrigan - We'll Talk About It All Tonight,vocals,input,comp_ratio4,0.09751087427139282
afx_rep,history_012_vocals,Ben Carrigan - We'll Talk About It All Tonight,vocals,normalized,identity,-1.1920928955078125e-07
afx_rep,history_012_vocals,Ben Carrigan - We'll Talk About It All Tonight,vocals,normalized,gain_minus6,2.7418136596679688e-06
afx_rep,history_012_vocals,Ben Carrigan - We'll Talk About It All Tonight,vocals,normalized,gain_plus6,2.205371856689453e-06
afx_rep,history_012_vocals,Ben Carrigan - We'll Talk About It All Tonight,vocals,normalized,eq_minus6,0.0016363263130187988
afx_rep,history_012_vocals,Ben Carrigan - We'll Talk About It All Tonight,vocals,normalized,eq_plus6,0.0008081197738647461
afx_rep,history_012_vocals,Ben Carrigan - We'll Talk About It All Tonight,vocals,normalized,comp_ratio2,0.05154544115066528
afx_rep,history_012_vocals,Ben Carrigan - We'll Talk About It All Tonight,vocals,normalized,comp_ratio4,0.11673259735107422
afx_rep,history_012_other,Tom McKenzie - Directions,other,input,identity,0.0
afx_rep,history_012_other,Tom McKenzie - Directions,other,input,gain_minus6,0.0
afx_rep,history_012_other,Tom McKenzie - Directions,other,input,gain_plus6,-1.1920928955078125e-07
afx_rep,history_012_other,Tom McKenzie - Directions,other,input,eq_minus6,0.0903710126876831
afx_rep,history_012_other,Tom McKenzie - Directions,other,input,eq_plus6,0.07701617479324341
afx_rep,history_012_other,Tom McKenzie - Directions,other,input,comp_ratio2,0.13202780485153198
afx_rep,history_012_other,Tom McKenzie - Directions,other,input,comp_ratio4,0.2572345733642578
afx_rep,history_012_other,Tom McKenzie - Directions,other,normalized,identity,0.0
afx_rep,history_012_other,Tom McKenzie - Directions,other,normalized,gain_minus6,2.390146255493164e-05
afx_rep,history_012_other,Tom McKenzie - Directions,other,normalized,gain_plus6,8.702278137207031e-06
afx_rep,history_012_other,Tom McKenzie - Directions,other,normalized,eq_minus6,0.000643610954284668
afx_rep,history_012_other,Tom McKenzie - Directions,other,normalized,eq_plus6,0.0010906457901000977
afx_rep,history_012_other,Tom McKenzie - Directions,other,normalized,comp_ratio2,0.0628502368927002
afx_rep,history_012_other,Tom McKenzie - Directions,other,normalized,comp_ratio4,0.13529318571090698
afx_rep,history_013_bass,Little Chicago's Finest - My Own,bass,input,identity,-1.1920928955078125e-07
afx_rep,history_013_bass,Little Chicago's Finest - My Own,bass,input,gain_minus6,-2.384185791015625e-07
afx_rep,history_013_bass,Little Chicago's Finest - My Own,bass,input,gain_plus6,-1.1920928955078125e-07
afx_rep,history_013_bass,Little Chicago's Finest - My Own,bass,input,eq_minus6,0.07559323310852051
afx_rep,history_013_bass,Little Chicago's Finest - My Own,bass,input,eq_plus6,0.08527910709381104
afx_rep,history_013_bass,Little Chicago's Finest - My Own,bass,input,comp_ratio2,0.06871926784515381
afx_rep,history_013_bass,Little Chicago's Finest - My Own,bass,input,comp_ratio4,0.12402844429016113
afx_rep,history_013_bass,Little Chicago's Finest - My Own,bass,normalized,identity,-1.1920928955078125e-07
afx_rep,history_013_bass,Little Chicago's Finest - My Own,bass,normalized,gain_minus6,8.559226989746094e-05
afx_rep,history_013_bass,Little Chicago's Finest - My Own,bass,normalized,gain_plus6,0.0001570582389831543
afx_rep,history_013_bass,Little Chicago's Finest - My Own,bass,normalized,eq_minus6,0.0037496089935302734
afx_rep,history_013_bass,Little Chicago's Finest - My Own,bass,normalized,eq_plus6,0.004691004753112793
afx_rep,history_013_bass,Little Chicago's Finest - My Own,bass,normalized,comp_ratio2,0.029904186725616455
afx_rep,history_013_bass,Little Chicago's Finest - My Own,bass,normalized,comp_ratio4,0.06479048728942871
afx_rep,history_013_drums,Nerve 9 - Pray For The Rain,drums,input,identity,5.960464477539063e-08
afx_rep,history_013_drums,Nerve 9 - Pray For The Rain,drums,input,gain_minus6,1.1920928955078125e-07
afx_rep,history_013_drums,Nerve 9 - Pray For The Rain,drums,input,gain_plus6,0.0
afx_rep,history_013_drums,Nerve 9 - Pray For The Rain,drums,input,eq_minus6,0.09993851184844971
afx_rep,history_013_drums,Nerve 9 - Pray For The Rain,drums,input,eq_plus6,0.09378290176391602
afx_rep,history_013_drums,Nerve 9 - Pray For The Rain,drums,input,comp_ratio2,0.19265079498291016
afx_rep,history_013_drums,Nerve 9 - Pray For The Rain,drums,input,comp_ratio4,0.4252270460128784
afx_rep,history_013_drums,Nerve 9 - Pray For The Rain,drums,normalized,identity,0.0
afx_rep,history_013_drums,Nerve 9 - Pray For The Rain,drums,normalized,gain_minus6,6.556510925292969e-07
afx_rep,history_013_drums,Nerve 9 - Pray For The Rain,drums,normalized,gain_plus6,1.0728836059570312e-06
afx_rep,history_013_drums,Nerve 9 - Pray For The Rain,drums,normalized,eq_minus6,0.0004876852035522461
afx_rep,history_013_drums,Nerve 9 - Pray For The Rain,drums,normalized,eq_plus6,7.271766662597656e-05
afx_rep,history_013_drums,Nerve 9 - Pray For The Rain,drums,normalized,comp_ratio2,0.19673490524291992
afx_rep,history_013_drums,Nerve 9 - Pray For The Rain,drums,normalized,comp_ratio4,0.35385429859161377
afx_rep,history_013_vocals,Lyndsey Ollard - Catching Up,vocals,input,identity,1.1920928955078125e-07
afx_rep,history_013_vocals,Lyndsey Ollard - Catching Up,vocals,input,gain_minus6,0.0
afx_rep,history_013_vocals,Lyndsey Ollard - Catching Up,vocals,input,gain_plus6,0.0
afx_rep,history_013_vocals,Lyndsey Ollard - Catching Up,vocals,input,eq_minus6,0.04435843229293823
afx_rep,history_013_vocals,Lyndsey Ollard - Catching Up,vocals,input,eq_plus6,0.03901863098144531
afx_rep,history_013_vocals,Lyndsey Ollard - Catching Up,vocals,input,comp_ratio2,0.059760332107543945
afx_rep,history_013_vocals,Lyndsey Ollard - Catching Up,vocals,input,comp_ratio4,0.13994669914245605
afx_rep,history_013_vocals,Lyndsey Ollard - Catching Up,vocals,normalized,identity,-2.384185791015625e-07
afx_rep,history_013_vocals,Lyndsey Ollard - Catching Up,vocals,normalized,gain_minus6,1.7881393432617188e-06
afx_rep,history_013_vocals,Lyndsey Ollard - Catching Up,vocals,normalized,gain_plus6,2.6226043701171875e-06
afx_rep,history_013_vocals,Lyndsey Ollard - Catching Up,vocals,normalized,eq_minus6,0.0007578134536743164
afx_rep,history_013_vocals,Lyndsey Ollard - Catching Up,vocals,normalized,eq_plus6,0.0011157989501953125
afx_rep,history_013_vocals,Lyndsey Ollard - Catching Up,vocals,normalized,comp_ratio2,0.08952528238296509
afx_rep,history_013_vocals,Lyndsey Ollard - Catching Up,vocals,normalized,comp_ratio4,0.18396496772766113
afx_rep,history_013_other,Speak Softly - Broken Man,other,input,identity,0.0
afx_rep,history_013_other,Speak Softly - Broken Man,other,input,gain_minus6,-1.1920928955078125e-07
afx_rep,history_013_other,Speak Softly - Broken Man,other,input,gain_plus6,0.0
afx_rep,history_013_other,Speak Softly - Broken Man,other,input,eq_minus6,0.048870980739593506
afx_rep,history_013_other,Speak Softly - Broken Man,other,input,eq_plus6,0.05353051424026489
afx_rep,history_013_other,Speak Softly - Broken Man,other,input,comp_ratio2,0.0222165584564209
afx_rep,history_013_other,Speak Softly - Broken Man,other,input,comp_ratio4,0.059800922870635986
afx_rep,history_013_other,Speak Softly - Broken Man,other,normalized,identity,0.0
afx_rep,history_013_other,Speak Softly - Broken Man,other,normalized,gain_minus6,4.112720489501953e-06
afx_rep,history_013_other,Speak Softly - Broken Man,other,normalized,gain_plus6,1.0132789611816406e-05
afx_rep,history_013_other,Speak Softly - Broken Man,other,normalized,eq_minus6,0.0003287792205810547
afx_rep,history_013_other,Speak Softly - Broken Man,other,normalized,eq_plus6,0.00024360418319702148
afx_rep,history_013_other,Speak Softly - Broken Man,other,normalized,comp_ratio2,0.03142690658569336
afx_rep,history_013_other,Speak Softly - Broken Man,other,normalized,comp_ratio4,0.07171487808227539
afx_rep,history_014_bass,Al James - Schoolboy Facination,bass,input,identity,5.960464477539063e-08
afx_rep,history_014_bass,Al James - Schoolboy Facination,bass,input,gain_minus6,5.960464477539063e-08
afx_rep,history_014_bass,Al James - Schoolboy Facination,bass,input,gain_plus6,0.0
afx_rep,history_014_bass,Al James - Schoolboy Facination,bass,input,eq_minus6,0.017452120780944824
afx_rep,history_014_bass,Al James - Schoolboy Facination,bass,input,eq_plus6,0.016092896461486816
afx_rep,history_014_bass,Al James - Schoolboy Facination,bass,input,comp_ratio2,0.12481492757797241
afx_rep,history_014_bass,Al James - Schoolboy Facination,bass,input,comp_ratio4,0.19129544496536255
afx_rep,history_014_bass,Al James - Schoolboy Facination,bass,normalized,identity,1.1920928955078125e-07
afx_rep,history_014_bass,Al James - Schoolboy Facination,bass,normalized,gain_minus6,1.233816146850586e-05
afx_rep,history_014_bass,Al James - Schoolboy Facination,bass,normalized,gain_plus6,4.45246696472168e-05
afx_rep,history_014_bass,Al James - Schoolboy Facination,bass,normalized,eq_minus6,0.00025272369384765625
afx_rep,history_014_bass,Al James - Schoolboy Facination,bass,normalized,eq_plus6,0.00027310848236083984
afx_rep,history_014_bass,Al James - Schoolboy Facination,bass,normalized,comp_ratio2,0.3727641701698303
afx_rep,history_014_bass,Al James - Schoolboy Facination,bass,normalized,comp_ratio4,0.4820481538772583
afx_rep,history_014_drums,Carlos Gonzalez - A Place For Us,drums,input,identity,-1.1920928955078125e-07
afx_rep,history_014_drums,Carlos Gonzalez - A Place For Us,drums,input,gain_minus6,-2.384185791015625e-07
afx_rep,history_014_drums,Carlos Gonzalez - A Place For Us,drums,input,gain_plus6,0.0
afx_rep,history_014_drums,Carlos Gonzalez - A Place For Us,drums,input,eq_minus6,0.08748698234558105
afx_rep,history_014_drums,Carlos Gonzalez - A Place For Us,drums,input,eq_plus6,0.0706896185874939
afx_rep,history_014_drums,Carlos Gonzalez - A Place For Us,drums,input,comp_ratio2,0.10487896203994751
afx_rep,history_014_drums,Carlos Gonzalez - A Place For Us,drums,input,comp_ratio4,0.2545839548110962
afx_rep,history_014_drums,Carlos Gonzalez - A Place For Us,drums,normalized,identity,-1.1920928955078125e-07
afx_rep,history_014_drums,Carlos Gonzalez - A Place For Us,drums,normalized,gain_minus6,3.7550926208496094e-06
afx_rep,history_014_drums,Carlos Gonzalez - A Place For Us,drums,normalized,gain_plus6,4.172325134277344e-07
afx_rep,history_014_drums,Carlos Gonzalez - A Place For Us,drums,normalized,eq_minus6,8.273124694824219e-05
afx_rep,history_014_drums,Carlos Gonzalez - A Place For Us,drums,normalized,eq_plus6,0.0002409219741821289
afx_rep,history_014_drums,Carlos Gonzalez - A Place For Us,drums,normalized,comp_ratio2,0.13431251049041748
afx_rep,history_014_drums,Carlos Gonzalez - A Place For Us,drums,normalized,comp_ratio4,0.2630678415298462
afx_rep,history_014_vocals,Carlos Gonzalez - A Place For Us,vocals,input,identity,0.0
afx_rep,history_014_vocals,Carlos Gonzalez - A Place For Us,vocals,input,gain_minus6,-1.1920928955078125e-07
afx_rep,history_014_vocals,Carlos Gonzalez - A Place For Us,vocals,input,gain_plus6,-1.1920928955078125e-07
afx_rep,history_014_vocals,Carlos Gonzalez - A Place For Us,vocals,input,eq_minus6,0.03638958930969238
afx_rep,history_014_vocals,Carlos Gonzalez - A Place For Us,vocals,input,eq_plus6,0.038933396339416504
afx_rep,history_014_vocals,Carlos Gonzalez - A Place For Us,vocals,input,comp_ratio2,0.03689450025558472
afx_rep,history_014_vocals,Carlos Gonzalez - A Place For Us,vocals,input,comp_ratio4,0.11195820569992065
afx_rep,history_014_vocals,Carlos Gonzalez - A Place For Us,vocals,normalized,identity,0.0
afx_rep,history_014_vocals,Carlos Gonzalez - A Place For Us,vocals,normalized,gain_minus6,5.0067901611328125e-06
afx_rep,history_014_vocals,Carlos Gonzalez - A Place For Us,vocals,normalized,gain_plus6,2.3245811462402344e-06
afx_rep,history_014_vocals,Carlos Gonzalez - A Place For Us,vocals,normalized,eq_minus6,0.00030732154846191406
afx_rep,history_014_vocals,Carlos Gonzalez - A Place For Us,vocals,normalized,eq_plus6,0.0005817413330078125
afx_rep,history_014_vocals,Carlos Gonzalez - A Place For Us,vocals,normalized,comp_ratio2,0.04282945394515991
afx_rep,history_014_vocals,Carlos Gonzalez - A Place For Us,vocals,normalized,comp_ratio4,0.13391178846359253
afx_rep,history_014_other,Forkupines - Semantics,other,input,identity,-1.1920928955078125e-07
afx_rep,history_014_other,Forkupines - Semantics,other,input,gain_minus6,0.0
afx_rep,history_014_other,Forkupines - Semantics,other,input,gain_plus6,-1.1920928955078125e-07
afx_rep,history_014_other,Forkupines - Semantics,other,input,eq_minus6,0.05977022647857666
afx_rep,history_014_other,Forkupines - Semantics,other,input,eq_plus6,0.07512325048446655
afx_rep,history_014_other,Forkupines - Semantics,other,input,comp_ratio2,0.006988108158111572
afx_rep,history_014_other,Forkupines - Semantics,other,input,comp_ratio4,0.010197997093200684
afx_rep,history_014_other,Forkupines - Semantics,other,normalized,identity,0.0
afx_rep,history_014_other,Forkupines - Semantics,other,normalized,gain_minus6,1.1920928955078125e-07
afx_rep,history_014_other,Forkupines - Semantics,other,normalized,gain_plus6,1.1920928955078125e-07
afx_rep,history_014_other,Forkupines - Semantics,other,normalized,eq_minus6,7.730722427368164e-05
afx_rep,history_014_other,Forkupines - Semantics,other,normalized,eq_plus6,0.0001666545867919922
afx_rep,history_014_other,Forkupines - Semantics,other,normalized,comp_ratio2,0.008648335933685303
afx_rep,history_014_other,Forkupines - Semantics,other,normalized,comp_ratio4,0.01366567611694336
afx_rep,history_015_bass,PR - Oh No,bass,input,identity,-1.1920928955078125e-07
afx_rep,history_015_bass,PR - Oh No,bass,input,gain_minus6,-1.1920928955078125e-07
afx_rep,history_015_bass,PR - Oh No,bass,input,gain_plus6,-1.1920928955078125e-07
afx_rep,history_015_bass,PR - Oh No,bass,input,eq_minus6,0.04805213212966919
afx_rep,history_015_bass,PR - Oh No,bass,input,eq_plus6,0.04940873384475708
afx_rep,history_015_bass,PR - Oh No,bass,input,comp_ratio2,0.08752208948135376
afx_rep,history_015_bass,PR - Oh No,bass,input,comp_ratio4,0.1556941270828247
afx_rep,history_015_bass,PR - Oh No,bass,normalized,identity,-1.1920928955078125e-07
afx_rep,history_015_bass,PR - Oh No,bass,normalized,gain_minus6,9.47713851928711e-06
afx_rep,history_015_bass,PR - Oh No,bass,normalized,gain_plus6,1.7344951629638672e-05
afx_rep,history_015_bass,PR - Oh No,bass,normalized,eq_minus6,0.0005949735641479492
afx_rep,history_015_bass,PR - Oh No,bass,normalized,eq_plus6,0.0015832185745239258
afx_rep,history_015_bass,PR - Oh No,bass,normalized,comp_ratio2,0.07239294052124023
afx_rep,history_015_bass,PR - Oh No,bass,normalized,comp_ratio4,0.13120979070663452
afx_rep,history_015_drums,Speak Softly - Broken Man,drums,input,identity,0.0
afx_rep,history_015_drums,Speak Softly - Broken Man,drums,input,gain_minus6,0.0
afx_rep,history_015_drums,Speak Softly - Broken Man,drums,input,gain_plus6,0.0
afx_rep,history_015_drums,Speak Softly - Broken Man,drums,input,eq_minus6,0.03220641613006592
afx_rep,history_015_drums,Speak Softly - Broken Man,drums,input,eq_plus6,0.026600778102874756
afx_rep,history_015_drums,Speak Softly - Broken Man,drums,input,comp_ratio2,0.07739967107772827
afx_rep,history_015_drums,Speak Softly - Broken Man,drums,input,comp_ratio4,0.1894800066947937
afx_rep,history_015_drums,Speak Softly - Broken Man,drums,normalized,identity,-1.1920928955078125e-07
afx_rep,history_015_drums,Speak Softly - Broken Man,drums,normalized,gain_minus6,1.1920928955078125e-07
afx_rep,history_015_drums,Speak Softly - Broken Man,drums,normalized,gain_plus6,2.384185791015625e-07
afx_rep,history_015_drums,Speak Softly - Broken Man,drums,normalized,eq_minus6,1.4543533325195312e-05
afx_rep,history_015_drums,Speak Softly - Broken Man,drums,normalized,eq_plus6,1.2755393981933594e-05
afx_rep,history_015_drums,Speak Softly - Broken Man,drums,normalized,comp_ratio2,0.144661545753479
afx_rep,history_015_drums,Speak Softly - Broken Man,drums,normalized,comp_ratio4,0.3337787985801697
afx_rep,history_015_vocals,The Doppler Shift - Atrophy,vocals,input,identity,0.0
afx_rep,history_015_vocals,The Doppler Shift - Atrophy,vocals,input,gain_minus6,-1.1920928955078125e-07
afx_rep,history_015_vocals,The Doppler Shift - Atrophy,vocals,input,gain_plus6,0.0
afx_rep,history_015_vocals,The Doppler Shift - Atrophy,vocals,input,eq_minus6,0.04420602321624756
afx_rep,history_015_vocals,The Doppler Shift - Atrophy,vocals,input,eq_plus6,0.03344482183456421
afx_rep,history_015_vocals,The Doppler Shift - Atrophy,vocals,input,comp_ratio2,0.03002643585205078
afx_rep,history_015_vocals,The Doppler Shift - Atrophy,vocals,input,comp_ratio4,0.06882959604263306
afx_rep,history_015_vocals,The Doppler Shift - Atrophy,vocals,normalized,identity,-2.384185791015625e-07
afx_rep,history_015_vocals,The Doppler Shift - Atrophy,vocals,normalized,gain_minus6,8.64267349243164e-06
afx_rep,history_015_vocals,The Doppler Shift - Atrophy,vocals,normalized,gain_plus6,1.0728836059570312e-05
afx_rep,history_015_vocals,The Doppler Shift - Atrophy,vocals,normalized,eq_minus6,0.0020032525062561035
afx_rep,history_015_vocals,The Doppler Shift - Atrophy,vocals,normalized,eq_plus6,0.008848607540130615
afx_rep,history_015_vocals,The Doppler Shift - Atrophy,vocals,normalized,comp_ratio2,0.04018199443817139
afx_rep,history_015_vocals,The Doppler Shift - Atrophy,vocals,normalized,comp_ratio4,0.09778356552124023
afx_rep,history_015_other,Lyndsey Ollard - Catching Up,other,input,identity,0.0
afx_rep,history_015_other,Lyndsey Ollard - Catching Up,other,input,gain_minus6,-1.1920928955078125e-07
afx_rep,history_015_other,Lyndsey Ollard - Catching Up,other,input,gain_plus6,0.0
afx_rep,history_015_other,Lyndsey Ollard - Catching Up,other,input,eq_minus6,0.05155038833618164
afx_rep,history_015_other,Lyndsey Ollard - Catching Up,other,input,eq_plus6,0.05839574337005615
afx_rep,history_015_other,Lyndsey Ollard - Catching Up,other,input,comp_ratio2,0.09331411123275757
afx_rep,history_015_other,Lyndsey Ollard - Catching Up,other,input,comp_ratio4,0.31905603408813477
afx_rep,history_015_other,Lyndsey Ollard - Catching Up,other,normalized,identity,0.0
afx_rep,history_015_other,Lyndsey Ollard - Catching Up,other,normalized,gain_minus6,2.0265579223632812e-06
afx_rep,history_015_other,Lyndsey Ollard - Catching Up,other,normalized,gain_plus6,8.285045623779297e-06
afx_rep,history_015_other,Lyndsey Ollard - Catching Up,other,normalized,eq_minus6,8.273124694824219e-05
afx_rep,history_015_other,Lyndsey Ollard - Catching Up,other,normalized,eq_plus6,0.0001125335693359375
afx_rep,history_015_other,Lyndsey Ollard - Catching Up,other,normalized,comp_ratio2,0.06496793031692505
afx_rep,history_015_other,Lyndsey Ollard - Catching Up,other,normalized,comp_ratio4,0.19932854175567627
afx_rep,history_016_bass,Secretariat - Over The Top,bass,input,identity,-1.1920928955078125e-07
afx_rep,history_016_bass,Secretariat - Over The Top,bass,input,gain_minus6,-1.1920928955078125e-07
afx_rep,history_016_bass,Secretariat - Over The Top,bass,input,gain_plus6,0.0
afx_rep,history_016_bass,Secretariat - Over The Top,bass,input,eq_minus6,0.015422821044921875
afx_rep,history_016_bass,Secretariat - Over The Top,bass,input,eq_plus6,0.013631939888000488
afx_rep,history_016_bass,Secretariat - Over The Top,bass,input,comp_ratio2,0.026881515979766846
afx_rep,history_016_bass,Secretariat - Over The Top,bass,input,comp_ratio4,0.056723952293395996
afx_rep,history_016_bass,Secretariat - Over The Top,bass,normalized,identity,-1.1920928955078125e-07
afx_rep,history_016_bass,Secretariat - Over The Top,bass,normalized,gain_minus6,0.0003008842468261719
afx_rep,history_016_bass,Secretariat - Over The Top,bass,normalized,gain_plus6,0.00027740001678466797
afx_rep,history_016_bass,Secretariat - Over The Top,bass,normalized,eq_minus6,0.0019588470458984375
afx_rep,history_016_bass,Secretariat - Over The Top,bass,normalized,eq_plus6,0.0021109580993652344
afx_rep,history_016_bass,Secretariat - Over The Top,bass,normalized,comp_ratio2,0.14395928382873535
afx_rep,history_016_bass,Secretariat - Over The Top,bass,normalized,comp_ratio4,0.2024296522140503
afx_rep,history_016_drums,James Elder & Mark M Thompson - The English Actor,drums,input,identity,0.0
afx_rep,history_016_drums,James Elder & Mark M Thompson - The English Actor,drums,input,gain_minus6,0.0
afx_rep,history_016_drums,James Elder & Mark M Thompson - The English Actor,drums,input,gain_plus6,-1.1920928955078125e-07
afx_rep,history_016_drums,James Elder & Mark M Thompson - The English Actor,drums,input,eq_minus6,0.0955737829208374
afx_rep,history_016_drums,James Elder & Mark M Thompson - The English Actor,drums,input,eq_plus6,0.11264824867248535
afx_rep,history_016_drums,James Elder & Mark M Thompson - The English Actor,drums,input,comp_ratio2,0.14951163530349731
afx_rep,history_016_drums,James Elder & Mark M Thompson - The English Actor,drums,input,comp_ratio4,0.3281030058860779
afx_rep,history_016_drums,James Elder & Mark M Thompson - The English Actor,drums,normalized,identity,-1.1920928955078125e-07
afx_rep,history_016_drums,James Elder & Mark M Thompson - The English Actor,drums,normalized,gain_minus6,7.748603820800781e-07
afx_rep,history_016_drums,James Elder & Mark M Thompson - The English Actor,drums,normalized,gain_plus6,7.748603820800781e-07
afx_rep,history_016_drums,James Elder & Mark M Thompson - The English Actor,drums,normalized,eq_minus6,0.00041979551315307617
afx_rep,history_016_drums,James Elder & Mark M Thompson - The English Actor,drums,normalized,eq_plus6,0.00014579296112060547
afx_rep,history_016_drums,James Elder & Mark M Thompson - The English Actor,drums,normalized,comp_ratio2,0.16889053583145142
afx_rep,history_016_drums,James Elder & Mark M Thompson - The English Actor,drums,normalized,comp_ratio4,0.42605555057525635
afx_rep,history_016_vocals,BKS - Too Much,vocals,input,identity,-1.1920928955078125e-07
afx_rep,history_016_vocals,BKS - Too Much,vocals,input,gain_minus6,-1.1920928955078125e-07
afx_rep,history_016_vocals,BKS - Too Much,vocals,input,gain_plus6,-1.1920928955078125e-07
afx_rep,history_016_vocals,BKS - Too Much,vocals,input,eq_minus6,0.05528372526168823
afx_rep,history_016_vocals,BKS - Too Much,vocals,input,eq_plus6,0.053465843200683594
afx_rep,history_016_vocals,BKS - Too Much,vocals,input,comp_ratio2,0.04734814167022705
afx_rep,history_016_vocals,BKS - Too Much,vocals,input,comp_ratio4,0.10220718383789062
afx_rep,history_016_vocals,BKS - Too Much,vocals,normalized,identity,0.0
afx_rep,history_016_vocals,BKS - Too Much,vocals,normalized,gain_minus6,2.980232238769531e-07
afx_rep,history_016_vocals,BKS - Too Much,vocals,normalized,gain_plus6,1.6689300537109375e-06
afx_rep,history_016_vocals,BKS - Too Much,vocals,normalized,eq_minus6,0.00026148557662963867
afx_rep,history_016_vocals,BKS - Too Much,vocals,normalized,eq_plus6,0.004344642162322998
afx_rep,history_016_vocals,BKS - Too Much,vocals,normalized,comp_ratio2,0.043241143226623535
afx_rep,history_016_vocals,BKS - Too Much,vocals,normalized,comp_ratio4,0.09226876497268677
afx_rep,history_016_other,Detsky Sad - Walkie Talkie,other,input,identity,0.0
afx_rep,history_016_other,Detsky Sad - Walkie Talkie,other,input,gain_minus6,0.0
afx_rep,history_016_other,Detsky Sad - Walkie Talkie,other,input,gain_plus6,0.0
afx_rep,history_016_other,Detsky Sad - Walkie Talkie,other,input,eq_minus6,0.023133575916290283
afx_rep,history_016_other,Detsky Sad - Walkie Talkie,other,input,eq_plus6,0.03268378973007202
afx_rep,history_016_other,Detsky Sad - Walkie Talkie,other,input,comp_ratio2,0.002211332321166992
afx_rep,history_016_other,Detsky Sad - Walkie Talkie,other,input,comp_ratio4,0.005054056644439697
afx_rep,history_016_other,Detsky Sad - Walkie Talkie,other,normalized,identity,-1.1920928955078125e-07
afx_rep,history_016_other,Detsky Sad - Walkie Talkie,other,normalized,gain_minus6,1.1920928955078125e-07
afx_rep,history_016_other,Detsky Sad - Walkie Talkie,other,normalized,gain_plus6,1.7881393432617188e-07
afx_rep,history_016_other,Detsky Sad - Walkie Talkie,other,normalized,eq_minus6,0.0008788108825683594
afx_rep,history_016_other,Detsky Sad - Walkie Talkie,other,normalized,eq_plus6,9.900331497192383e-05
afx_rep,history_016_other,Detsky Sad - Walkie Talkie,other,normalized,comp_ratio2,0.006200134754180908
afx_rep,history_016_other,Detsky Sad - Walkie Talkie,other,normalized,comp_ratio4,0.014139950275421143
afx_rep,history_017_bass,Hollow Ground - Ill Fate,bass,input,identity,0.0
afx_rep,history_017_bass,Hollow Ground - Ill Fate,bass,input,gain_minus6,0.0
afx_rep,history_017_bass,Hollow Ground - Ill Fate,bass,input,gain_plus6,-1.1920928955078125e-07
afx_rep,history_017_bass,Hollow Ground - Ill Fate,bass,input,eq_minus6,0.02567577362060547
afx_rep,history_017_bass,Hollow Ground - Ill Fate,bass,input,eq_plus6,0.02483677864074707
afx_rep,history_017_bass,Hollow Ground - Ill Fate,bass,input,comp_ratio2,0.054320573806762695
afx_rep,history_017_bass,Hollow Ground - Ill Fate,bass,input,comp_ratio4,0.09816080331802368
afx_rep,history_017_bass,Hollow Ground - Ill Fate,bass,normalized,identity,0.0
afx_rep,history_017_bass,Hollow Ground - Ill Fate,bass,normalized,gain_minus6,1.0371208190917969e-05
afx_rep,history_017_bass,Hollow Ground - Ill Fate,bass,normalized,gain_plus6,5.304813385009766e-06
afx_rep,history_017_bass,Hollow Ground - Ill Fate,bass,normalized,eq_minus6,0.0008397698402404785
afx_rep,history_017_bass,Hollow Ground - Ill Fate,bass,normalized,eq_plus6,0.0006684660911560059
afx_rep,history_017_bass,Hollow Ground - Ill Fate,bass,normalized,comp_ratio2,0.0986173152923584
afx_rep,history_017_bass,Hollow Ground - Ill Fate,bass,normalized,comp_ratio4,0.15315580368041992
afx_rep,history_017_drums,Secretariat - Over The Top,drums,input,identity,-1.1920928955078125e-07
afx_rep,history_017_drums,Secretariat - Over The Top,drums,input,gain_minus6,-1.1920928955078125e-07
afx_rep,history_017_drums,Secretariat - Over The Top,drums,input,gain_plus6,0.0
afx_rep,history_017_drums,Secretariat - Over The Top,drums,input,eq_minus6,0.0631331205368042
afx_rep,history_017_drums,Secretariat - Over The Top,drums,input,eq_plus6,0.07014209032058716
afx_rep,history_017_drums,Secretariat - Over The Top,drums,input,comp_ratio2,0.05126458406448364
afx_rep,history_017_drums,Secretariat - Over The Top,drums,input,comp_ratio4,0.13460004329681396
afx_rep,history_017_drums,Secretariat - Over The Top,drums,normalized,identity,-1.1920928955078125e-07
afx_rep,history_017_drums,Secretariat - Over The Top,drums,normalized,gain_minus6,1.7881393432617188e-07
afx_rep,history_017_drums,Secretariat - Over The Top,drums,normalized,gain_plus6,5.364418029785156e-07
afx_rep,history_017_drums,Secretariat - Over The Top,drums,normalized,eq_minus6,3.4689903259277344e-05
afx_rep,history_017_drums,Secretariat - Over The Top,drums,normalized,eq_plus6,3.88026237487793e-05
afx_rep,history_017_drums,Secretariat - Over The Top,drums,normalized,comp_ratio2,0.1401044726371765
afx_rep,history_017_drums,Secretariat - Over The Top,drums,normalized,comp_ratio4,0.23771685361862183
afx_rep,history_017_vocals,Louis Cressy Band - Good Time,vocals,input,identity,-1.1920928955078125e-07
afx_rep,history_017_vocals,Louis Cressy Band - Good Time,vocals,input,gain_minus6,-1.1920928955078125e-07
afx_rep,history_017_vocals,Louis Cressy Band - Good Time,vocals,input,gain_plus6,-1.1920928955078125e-07
afx_rep,history_017_vocals,Louis Cressy Band - Good Time,vocals,input,eq_minus6,0.04292994737625122
afx_rep,history_017_vocals,Louis Cressy Band - Good Time,vocals,input,eq_plus6,0.0425722599029541
afx_rep,history_017_vocals,Louis Cressy Band - Good Time,vocals,input,comp_ratio2,0.02671504020690918
afx_rep,history_017_vocals,Louis Cressy Band - Good Time,vocals,input,comp_ratio4,0.04837161302566528
afx_rep,history_017_vocals,Louis Cressy Band - Good Time,vocals,normalized,identity,0.0
afx_rep,history_017_vocals,Louis Cressy Band - Good Time,vocals,normalized,gain_minus6,1.728534698486328e-05
afx_rep,history_017_vocals,Louis Cressy Band - Good Time,vocals,normalized,gain_plus6,2.7418136596679688e-06
afx_rep,history_017_vocals,Louis Cressy Band - Good Time,vocals,normalized,eq_minus6,0.000643312931060791
afx_rep,history_017_vocals,Louis Cressy Band - Good Time,vocals,normalized,eq_plus6,0.0005280375480651855
afx_rep,history_017_vocals,Louis Cressy Band - Good Time,vocals,normalized,comp_ratio2,0.02374213933944702
afx_rep,history_017_vocals,Louis Cressy Band - Good Time,vocals,normalized,comp_ratio4,0.04318642616271973
afx_rep,history_017_other,We Fell From The Sky - Not You,other,input,identity,-1.1920928955078125e-07
afx_rep,history_017_other,We Fell From The Sky - Not You,other,input,gain_minus6,-1.1920928955078125e-07
afx_rep,history_017_other,We Fell From The Sky - Not You,other,input,gain_plus6,-1.1920928955078125e-07
afx_rep,history_017_other,We Fell From The Sky - Not You,other,input,eq_minus6,0.03280436992645264
afx_rep,history_017_other,We Fell From The Sky - Not You,other,input,eq_plus6,0.030529499053955078
afx_rep,history_017_other,We Fell From The Sky - Not You,other,input,comp_ratio2,0.0035533905029296875
afx_rep,history_017_other,We Fell From The Sky - Not You,other,input,comp_ratio4,0.0072841644287109375
afx_rep,history_017_other,We Fell From The Sky - Not You,other,normalized,identity,0.0
afx_rep,history_017_other,We Fell From The Sky - Not You,other,normalized,gain_minus6,2.384185791015625e-07
afx_rep,history_017_other,We Fell From The Sky - Not You,other,normalized,gain_plus6,0.0
afx_rep,history_017_other,We Fell From The Sky - Not You,other,normalized,eq_minus6,0.0010416507720947266
afx_rep,history_017_other,We Fell From The Sky - Not You,other,normalized,eq_plus6,0.0008145570755004883
afx_rep,history_017_other,We Fell From The Sky - Not You,other,normalized,comp_ratio2,0.011338114738464355
afx_rep,history_017_other,We Fell From The Sky - Not You,other,normalized,comp_ratio4,0.0190657377243042
afx_rep,history_018_bass,The Easton Ellises (Baumi) - SDRNR,bass,input,identity,-1.1920928955078125e-07
afx_rep,history_018_bass,The Easton Ellises (Baumi) - SDRNR,bass,input,gain_minus6,-1.1920928955078125e-07
afx_rep,history_018_bass,The Easton Ellises (Baumi) - SDRNR,bass,input,gain_plus6,-1.1920928955078125e-07
afx_rep,history_018_bass,The Easton Ellises (Baumi) - SDRNR,bass,input,eq_minus6,0.08949661254882812
afx_rep,history_018_bass,The Easton Ellises (Baumi) - SDRNR,bass,input,eq_plus6,0.07490748167037964
afx_rep,history_018_bass,The Easton Ellises (Baumi) - SDRNR,bass,input,comp_ratio2,0.06636852025985718
afx_rep,history_018_bass,The Easton Ellises (Baumi) - SDRNR,bass,input,comp_ratio4,0.16776621341705322
afx_rep,history_018_bass,The Easton Ellises (Baumi) - SDRNR,bass,normalized,identity,0.0
afx_rep,history_018_bass,The Easton Ellises (Baumi) - SDRNR,bass,normalized,gain_minus6,2.396106719970703e-05
afx_rep,history_018_bass,The Easton Ellises (Baumi) - SDRNR,bass,normalized,gain_plus6,2.294778823852539e-05
afx_rep,history_018_bass,The Easton Ellises (Baumi) - SDRNR,bass,normalized,eq_minus6,0.0002741217613220215
afx_rep,history_018_bass,The Easton Ellises (Baumi) - SDRNR,bass,normalized,eq_plus6,0.0003833174705505371
afx_rep,history_018_bass,The Easton Ellises (Baumi) - SDRNR,bass,normalized,comp_ratio2,0.039489567279815674
afx_rep,history_018_bass,The Easton Ellises (Baumi) - SDRNR,bass,normalized,comp_ratio4,0.08616471290588379
afx_rep,history_018_drums,Speak Softly - Like Horses,drums,input,identity,0.0
afx_rep,history_018_drums,Speak Softly - Like Horses,drums,input,gain_minus6,0.0
afx_rep,history_018_drums,Speak Softly - Like Horses,drums,input,gain_plus6,0.0
afx_rep,history_018_drums,Speak Softly - Like Horses,drums,input,eq_minus6,0.09658300876617432
afx_rep,history_018_drums,Speak Softly - Like Horses,drums,input,eq_plus6,0.0955614447593689
afx_rep,history_018_drums,Speak Softly - Like Horses,drums,input,comp_ratio2,0.10448062419891357
afx_rep,history_018_drums,Speak Softly - Like Horses,drums,input,comp_ratio4,0.2960672974586487
afx_rep,history_018_drums,Speak Softly - Like Horses,drums,normalized,identity,0.0
afx_rep,history_018_drums,Speak Softly - Like Horses,drums,normalized,gain_minus6,-1.1920928955078125e-07
afx_rep,history_018_drums,Speak Softly - Like Horses,drums,normalized,gain_plus6,1.1920928955078125e-07
afx_rep,history_018_drums,Speak Softly - Like Horses,drums,normalized,eq_minus6,2.4318695068359375e-05
afx_rep,history_018_drums,Speak Softly - Like Horses,drums,normalized,eq_plus6,3.325939178466797e-05
afx_rep,history_018_drums,Speak Softly - Like Horses,drums,normalized,comp_ratio2,0.21619302034378052
afx_rep,history_018_drums,Speak Softly - Like Horses,drums,normalized,comp_ratio4,0.3480761647224426
afx_rep,history_018_vocals,Angels In Amplifiers - I'm Alright,vocals,input,identity,0.0
afx_rep,history_018_vocals,Angels In Amplifiers - I'm Alright,vocals,input,gain_minus6,0.0
afx_rep,history_018_vocals,Angels In Amplifiers - I'm Alright,vocals,input,gain_plus6,0.0
afx_rep,history_018_vocals,Angels In Amplifiers - I'm Alright,vocals,input,eq_minus6,0.04509603977203369
afx_rep,history_018_vocals,Angels In Amplifiers - I'm Alright,vocals,input,eq_plus6,0.04823499917984009
afx_rep,history_018_vocals,Angels In Amplifiers - I'm Alright,vocals,input,comp_ratio2,0.04574942588806152
afx_rep,history_018_vocals,Angels In Amplifiers - I'm Alright,vocals,input,comp_ratio4,0.10717368125915527
afx_rep,history_018_vocals,Angels In Amplifiers - I'm Alright,vocals,normalized,identity,0.0
afx_rep,history_018_vocals,Angels In Amplifiers - I'm Alright,vocals,normalized,gain_minus6,4.76837158203125e-07
afx_rep,history_018_vocals,Angels In Amplifiers - I'm Alright,vocals,normalized,gain_plus6,2.9802322387695312e-06
afx_rep,history_018_vocals,Angels In Amplifiers - I'm Alright,vocals,normalized,eq_minus6,0.0003140568733215332
afx_rep,history_018_vocals,Angels In Amplifiers - I'm Alright,vocals,normalized,eq_plus6,0.00019592046737670898
afx_rep,history_018_vocals,Angels In Amplifiers - I'm Alright,vocals,normalized,comp_ratio2,0.08016836643218994
afx_rep,history_018_vocals,Angels In Amplifiers - I'm Alright,vocals,normalized,comp_ratio4,0.1787143349647522
afx_rep,history_018_other,The Sunshine Garcia Band - For I Am The Moon,other,input,identity,5.960464477539063e-08
afx_rep,history_018_other,The Sunshine Garcia Band - For I Am The Moon,other,input,gain_minus6,0.0
afx_rep,history_018_other,The Sunshine Garcia Band - For I Am The Moon,other,input,gain_plus6,-2.384185791015625e-07
afx_rep,history_018_other,The Sunshine Garcia Band - For I Am The Moon,other,input,eq_minus6,0.06281840801239014
afx_rep,history_018_other,The Sunshine Garcia Band - For I Am The Moon,other,input,eq_plus6,0.04457700252532959
afx_rep,history_018_other,The Sunshine Garcia Band - For I Am The Moon,other,input,comp_ratio2,0.04129481315612793
afx_rep,history_018_other,The Sunshine Garcia Band - For I Am The Moon,other,input,comp_ratio4,0.08982354402542114
afx_rep,history_018_other,The Sunshine Garcia Band - For I Am The Moon,other,normalized,identity,0.0
afx_rep,history_018_other,The Sunshine Garcia Band - For I Am The Moon,other,normalized,gain_minus6,6.258487701416016e-06
afx_rep,history_018_other,The Sunshine Garcia Band - For I Am The Moon,other,normalized,gain_plus6,5.364418029785156e-06
afx_rep,history_018_other,The Sunshine Garcia Band - For I Am The Moon,other,normalized,eq_minus6,0.0008729696273803711
afx_rep,history_018_other,The Sunshine Garcia Band - For I Am The Moon,other,normalized,eq_plus6,0.0026398897171020508
afx_rep,history_018_other,The Sunshine Garcia Band - For I Am The Moon,other,normalized,comp_ratio2,0.029585301876068115
afx_rep,history_018_other,The Sunshine Garcia Band - For I Am The Moon,other,normalized,comp_ratio4,0.07295393943786621
afx_rep,history_019_bass,Bobby Nobody - Stitch Up,bass,input,identity,5.960464477539063e-08
afx_rep,history_019_bass,Bobby Nobody - Stitch Up,bass,input,gain_minus6,1.1920928955078125e-07
afx_rep,history_019_bass,Bobby Nobody - Stitch Up,bass,input,gain_plus6,0.0
afx_rep,history_019_bass,Bobby Nobody - Stitch Up,bass,input,eq_minus6,0.05163079500198364
afx_rep,history_019_bass,Bobby Nobody - Stitch Up,bass,input,eq_plus6,0.05083918571472168
afx_rep,history_019_bass,Bobby Nobody - Stitch Up,bass,input,comp_ratio2,0.06245189905166626
afx_rep,history_019_bass,Bobby Nobody - Stitch Up,bass,input,comp_ratio4,0.12148267030715942
afx_rep,history_019_bass,Bobby Nobody - Stitch Up,bass,normalized,identity,0.0
afx_rep,history_019_bass,Bobby Nobody - Stitch Up,bass,normalized,gain_minus6,9.179115295410156e-06
afx_rep,history_019_bass,Bobby Nobody - Stitch Up,bass,normalized,gain_plus6,1.4543533325195312e-05
afx_rep,history_019_bass,Bobby Nobody - Stitch Up,bass,normalized,eq_minus6,0.0006485581398010254
afx_rep,history_019_bass,Bobby Nobody - Stitch Up,bass,normalized,eq_plus6,0.012749016284942627
afx_rep,history_019_bass,Bobby Nobody - Stitch Up,bass,normalized,comp_ratio2,0.10197669267654419
afx_rep,history_019_bass,Bobby Nobody - Stitch Up,bass,normalized,comp_ratio4,0.1646241545677185
afx_rep,history_019_drums,Triviul feat. The Fiend - Widow,drums,input,identity,0.0
afx_rep,history_019_drums,Triviul feat. The Fiend - Widow,drums,input,gain_minus6,0.0
afx_rep,history_019_drums,Triviul feat. The Fiend - Widow,drums,input,gain_plus6,0.0
afx_rep,history_019_drums,Triviul feat. The Fiend - Widow,drums,input,eq_minus6,0.07696062326431274
afx_rep,history_019_drums,Triviul feat. The Fiend - Widow,drums,input,eq_plus6,0.08984053134918213
afx_rep,history_019_drums,Triviul feat. The Fiend - Widow,drums,input,comp_ratio2,0.045382797718048096
afx_rep,history_019_drums,Triviul feat. The Fiend - Widow,drums,input,comp_ratio4,0.10808950662612915
afx_rep,history_019_drums,Triviul feat. The Fiend - Widow,drums,normalized,identity,-2.384185791015625e-07
afx_rep,history_019_drums,Triviul feat. The Fiend - Widow,drums,normalized,gain_minus6,-1.1920928955078125e-07
afx_rep,history_019_drums,Triviul feat. The Fiend - Widow,drums,normalized,gain_plus6,0.0
afx_rep,history_019_drums,Triviul feat. The Fiend - Widow,drums,normalized,eq_minus6,0.00022041797637939453
afx_rep,history_019_drums,Triviul feat. The Fiend - Widow,drums,normalized,eq_plus6,0.00027626752853393555
afx_rep,history_019_drums,Triviul feat. The Fiend - Widow,drums,normalized,comp_ratio2,0.09437030553817749
afx_rep,history_019_drums,Triviul feat. The Fiend - Widow,drums,normalized,comp_ratio4,0.19371312856674194
afx_rep,history_019_vocals,The Sunshine Garcia Band - For I Am The Moon,vocals,input,identity,-1.1920928955078125e-07
afx_rep,history_019_vocals,The Sunshine Garcia Band - For I Am The Moon,vocals,input,gain_minus6,-1.1920928955078125e-07
afx_rep,history_019_vocals,The Sunshine Garcia Band - For I Am The Moon,vocals,input,gain_plus6,-1.1920928955078125e-07
afx_rep,history_019_vocals,The Sunshine Garcia Band - For I Am The Moon,vocals,input,eq_minus6,0.043143510818481445
afx_rep,history_019_vocals,The Sunshine Garcia Band - For I Am The Moon,vocals,input,eq_plus6,0.04358428716659546
afx_rep,history_019_vocals,The Sunshine Garcia Band - For I Am The Moon,vocals,input,comp_ratio2,0.033180832862854004
afx_rep,history_019_vocals,The Sunshine Garcia Band - For I Am The Moon,vocals,input,comp_ratio4,0.07893204689025879
afx_rep,history_019_vocals,The Sunshine Garcia Band - For I Am The Moon,vocals,normalized,identity,0.0
afx_rep,history_019_vocals,The Sunshine Garcia Band - For I Am The Moon,vocals,normalized,gain_minus6,1.7285346984863281e-06
afx_rep,history_019_vocals,The Sunshine Garcia Band - For I Am The Moon,vocals,normalized,gain_plus6,8.940696716308594e-07
afx_rep,history_019_vocals,The Sunshine Garcia Band - For I Am The Moon,vocals,normalized,eq_minus6,0.0005391836166381836
afx_rep,history_019_vocals,The Sunshine Garcia Band - For I Am The Moon,vocals,normalized,eq_plus6,0.00011092424392700195
afx_rep,history_019_vocals,The Sunshine Garcia Band - For I Am The Moon,vocals,normalized,comp_ratio2,0.03382754325866699
afx_rep,history_019_vocals,The Sunshine Garcia Band - For I Am The Moon,vocals,normalized,comp_ratio4,0.07919818162918091
afx_rep,history_019_other,Buitraker - Revo X,other,input,identity,0.0
afx_rep,history_019_other,Buitraker - Revo X,other,input,gain_minus6,5.960464477539063e-08
afx_rep,history_019_other,Buitraker - Revo X,other,input,gain_plus6,5.960464477539063e-08
afx_rep,history_019_other,Buitraker - Revo X,other,input,eq_minus6,0.08124828338623047
afx_rep,history_019_other,Buitraker - Revo X,other,input,eq_plus6,0.057231128215789795
afx_rep,history_019_other,Buitraker - Revo X,other,input,comp_ratio2,0.027373075485229492
afx_rep,history_019_other,Buitraker - Revo X,other,input,comp_ratio4,0.050830721855163574
afx_rep,history_019_other,Buitraker - Revo X,other,normalized,identity,-1.1920928955078125e-07
afx_rep,history_019_other,Buitraker - Revo X,other,normalized,gain_minus6,5.543231964111328e-06
afx_rep,history_019_other,Buitraker - Revo X,other,normalized,gain_plus6,5.245208740234375e-06
afx_rep,history_019_other,Buitraker - Revo X,other,normalized,eq_minus6,9.810924530029297e-05
afx_rep,history_019_other,Buitraker - Revo X,other,normalized,eq_plus6,0.0004680156707763672
afx_rep,history_019_other,Buitraker - Revo X,other,normalized,comp_ratio2,0.025103628635406494
afx_rep,history_019_other,Buitraker - Revo X,other,normalized,comp_ratio4,0.04812055826187134
afx_rep,history_020_bass,Triviul feat. The Fiend - Widow,bass,input,identity,5.960464477539063e-08
afx_rep,history_020_bass,Triviul feat. The Fiend - Widow,bass,input,gain_minus6,0.0
afx_rep,history_020_bass,Triviul feat. The Fiend - Widow,bass,input,gain_plus6,-1.1920928955078125e-07
afx_rep,history_020_bass,Triviul feat. The Fiend - Widow,bass,input,eq_minus6,0.035866379737854004
afx_rep,history_020_bass,Triviul feat. The Fiend - Widow,bass,input,eq_plus6,0.032901763916015625
afx_rep,history_020_bass,Triviul feat. The Fiend - Widow,bass,input,comp_ratio2,0.006047606468200684
afx_rep,history_020_bass,Triviul feat. The Fiend - Widow,bass,input,comp_ratio4,0.013700425624847412
afx_rep,history_020_bass,Triviul feat. The Fiend - Widow,bass,normalized,identity,-1.1920928955078125e-07
afx_rep,history_020_bass,Triviul feat. The Fiend - Widow,bass,normalized,gain_minus6,2.4497509002685547e-05
afx_rep,history_020_bass,Triviul feat. The Fiend - Widow,bass,normalized,gain_plus6,4.6372413635253906e-05
afx_rep,history_020_bass,Triviul feat. The Fiend - Widow,bass,normalized,eq_minus6,0.00043338537216186523
afx_rep,history_020_bass,Triviul feat. The Fiend - Widow,bass,normalized,eq_plus6,0.0014106035232543945
afx_rep,history_020_bass,Triviul feat. The Fiend - Widow,bass,normalized,comp_ratio2,0.007919788360595703
afx_rep,history_020_bass,Triviul feat. The Fiend - Widow,bass,normalized,comp_ratio4,0.019904375076293945
afx_rep,history_020_drums,Side Effects Project - Sing With Me,drums,input,identity,0.0
afx_rep,history_020_drums,Side Effects Project - Sing With Me,drums,input,gain_minus6,0.0
afx_rep,history_020_drums,Side Effects Project - Sing With Me,drums,input,gain_plus6,0.0
afx_rep,history_020_drums,Side Effects Project - Sing With Me,drums,input,eq_minus6,0.08699995279312134
afx_rep,history_020_drums,Side Effects Project - Sing With Me,drums,input,eq_plus6,0.06484365463256836
afx_rep,history_020_drums,Side Effects Project - Sing With Me,drums,input,comp_ratio2,0.07028114795684814
afx_rep,history_020_drums,Side Effects Project - Sing With Me,drums,input,comp_ratio4,0.1648048758506775
afx_rep,history_020_drums,Side Effects Project - Sing With Me,drums,normalized,identity,0.0
afx_rep,history_020_drums,Side Effects Project - Sing With Me,drums,normalized,gain_minus6,5.066394805908203e-06
afx_rep,history_020_drums,Side Effects Project - Sing With Me,drums,normalized,gain_plus6,4.172325134277344e-07
afx_rep,history_020_drums,Side Effects Project - Sing With Me,drums,normalized,eq_minus6,0.0003923177719116211
afx_rep,history_020_drums,Side Effects Project - Sing With Me,drums,normalized,eq_plus6,0.00033479928970336914
afx_rep,history_020_drums,Side Effects Project - Sing With Me,drums,normalized,comp_ratio2,0.17110562324523926
afx_rep,history_020_drums,Side Effects Project - Sing With Me,drums,normalized,comp_ratio4,0.22183680534362793
afx_rep,history_020_vocals,The Mountaineering Club - Mallory,vocals,input,identity,-2.384185791015625e-07
afx_rep,history_020_vocals,The Mountaineering Club - Mallory,vocals,input,gain_minus6,-2.384185791015625e-07
afx_rep,history_020_vocals,The Mountaineering Club - Mallory,vocals,input,gain_plus6,-1.1920928955078125e-07
afx_rep,history_020_vocals,The Mountaineering Club - Mallory,vocals,input,eq_minus6,0.04463982582092285
afx_rep,history_020_vocals,The Mountaineering Club - Mallory,vocals,input,eq_plus6,0.04680746793746948
afx_rep,history_020_vocals,The Mountaineering Club - Mallory,vocals,input,comp_ratio2,0.04174792766571045
afx_rep,history_020_vocals,The Mountaineering Club - Mallory,vocals,input,comp_ratio4,0.09751367568969727
afx_rep,history_020_vocals,The Mountaineering Club - Mallory,vocals,normalized,identity,0.0
afx_rep,history_020_vocals,The Mountaineering Club - Mallory,vocals,normalized,gain_minus6,2.562999725341797e-06
afx_rep,history_020_vocals,The Mountaineering Club - Mallory,vocals,normalized,gain_plus6,3.5762786865234375e-07
afx_rep,history_020_vocals,The Mountaineering Club - Mallory,vocals,normalized,eq_minus6,0.0011014938354492188
afx_rep,history_020_vocals,The Mountaineering Club - Mallory,vocals,normalized,eq_plus6,7.706880569458008e-05
afx_rep,history_020_vocals,The Mountaineering Club - Mallory,vocals,normalized,comp_ratio2,0.03881430625915527
afx_rep,history_020_vocals,The Mountaineering Club - Mallory,vocals,normalized,comp_ratio4,0.08625644445419312
afx_rep,history_020_other,The Long Wait - Dark Horses,other,input,identity,-1.1920928955078125e-07
afx_rep,history_020_other,The Long Wait - Dark Horses,other,input,gain_minus6,-1.1920928955078125e-07
afx_rep,history_020_other,The Long Wait - Dark Horses,other,input,gain_plus6,-1.1920928955078125e-07
afx_rep,history_020_other,The Long Wait - Dark Horses,other,input,eq_minus6,0.05711960792541504
afx_rep,history_020_other,The Long Wait - Dark Horses,other,input,eq_plus6,0.05073142051696777
afx_rep,history_020_other,The Long Wait - Dark Horses,other,input,comp_ratio2,0.07304126024246216
afx_rep,history_020_other,The Long Wait - Dark Horses,other,input,comp_ratio4,0.18551254272460938
afx_rep,history_020_other,The Long Wait - Dark Horses,other,normalized,identity,5.960464477539063e-08
afx_rep,history_020_other,The Long Wait - Dark Horses,other,normalized,gain_minus6,3.314018249511719e-05
afx_rep,history_020_other,The Long Wait - Dark Horses,other,normalized,gain_plus6,5.781650543212891e-06
afx_rep,history_020_other,The Long Wait - Dark Horses,other,normalized,eq_minus6,0.0011064410209655762
afx_rep,history_020_other,The Long Wait - Dark Horses,other,normalized,eq_plus6,0.0010249614715576172
afx_rep,history_020_other,The Long Wait - Dark Horses,other,normalized,comp_ratio2,0.11332637071609497
afx_rep,history_020_other,The Long Wait - Dark Horses,other,normalized,comp_ratio4,0.24212515354156494
afx_rep,history_021_bass,Skelpolu - Resurrection,bass,input,identity,5.960464477539063e-08
afx_rep,history_021_bass,Skelpolu - Resurrection,bass,input,gain_minus6,0.0
afx_rep,history_021_bass,Skelpolu - Resurrection,bass,input,gain_plus6,0.0
afx_rep,history_021_bass,Skelpolu - Resurrection,bass,input,eq_minus6,0.030177593231201172
afx_rep,history_021_bass,Skelpolu - Resurrection,bass,input,eq_plus6,0.041414618492126465
afx_rep,history_021_bass,Skelpolu - Resurrection,bass,input,comp_ratio2,0.009576916694641113
afx_rep,history_021_bass,Skelpolu - Resurrection,bass,input,comp_ratio4,0.02101975679397583
afx_rep,history_021_bass,Skelpolu - Resurrection,bass,normalized,identity,-1.1920928955078125e-07
afx_rep,history_021_bass,Skelpolu - Resurrection,bass,normalized,gain_minus6,8.702278137207031e-05
afx_rep,history_021_bass,Skelpolu - Resurrection,bass,normalized,gain_plus6,4.971027374267578e-05
afx_rep,history_021_bass,Skelpolu - Resurrection,bass,normalized,eq_minus6,0.0008786320686340332
afx_rep,history_021_bass,Skelpolu - Resurrection,bass,normalized,eq_plus6,0.0011082887649536133
afx_rep,history_021_bass,Skelpolu - Resurrection,bass,normalized,comp_ratio2,0.013222575187683105
afx_rep,history_021_bass,Skelpolu - Resurrection,bass,normalized,comp_ratio4,0.029278874397277832
afx_rep,history_021_drums,Zeno - Signs,drums,input,identity,0.0
afx_rep,history_021_drums,Zeno - Signs,drums,input,gain_minus6,-1.1920928955078125e-07
afx_rep,history_021_drums,Zeno - Signs,drums,input,gain_plus6,0.0
afx_rep,history_021_drums,Zeno - Signs,drums,input,eq_minus6,0.1110769510269165
afx_rep,history_021_drums,Zeno - Signs,drums,input,eq_plus6,0.10065531730651855
afx_rep,history_021_drums,Zeno - Signs,drums,input,comp_ratio2,0.16102254390716553
afx_rep,history_021_drums,Zeno - Signs,drums,input,comp_ratio4,0.28598296642303467
afx_rep,history_021_drums,Zeno - Signs,drums,normalized,identity,-1.1920928955078125e-07
afx_rep,history_021_drums,Zeno - Signs,drums,normalized,gain_minus6,-1.1920928955078125e-07
afx_rep,history_021_drums,Zeno - Signs,drums,normalized,gain_plus6,0.0
afx_rep,history_021_drums,Zeno - Signs,drums,normalized,eq_minus6,5.7697296142578125e-05
afx_rep,history_021_drums,Zeno - Signs,drums,normalized,eq_plus6,0.0003910660743713379
afx_rep,history_021_drums,Zeno - Signs,drums,normalized,comp_ratio2,0.20070505142211914
afx_rep,history_021_drums,Zeno - Signs,drums,normalized,comp_ratio4,0.27743929624557495
afx_rep,history_021_vocals,Georgia Wonder - Siren,vocals,input,identity,0.0
afx_rep,history_021_vocals,Georgia Wonder - Siren,vocals,input,gain_minus6,0.0
afx_rep,history_021_vocals,Georgia Wonder - Siren,vocals,input,gain_plus6,0.0
afx_rep,history_021_vocals,Georgia Wonder - Siren,vocals,input,eq_minus6,0.027070701122283936
afx_rep,history_021_vocals,Georgia Wonder - Siren,vocals,input,eq_plus6,0.029174864292144775
afx_rep,history_021_vocals,Georgia Wonder - Siren,vocals,input,comp_ratio2,0.0035980939865112305
afx_rep,history_021_vocals,Georgia Wonder - Siren,vocals,input,comp_ratio4,0.012672185897827148
afx_rep,history_021_vocals,Georgia Wonder - Siren,vocals,normalized,identity,0.0
afx_rep,history_021_vocals,Georgia Wonder - Siren,vocals,normalized,gain_minus6,0.0
afx_rep,history_021_vocals,Georgia Wonder - Siren,vocals,normalized,gain_plus6,1.1920928955078125e-07
afx_rep,history_021_vocals,Georgia Wonder - Siren,vocals,normalized,eq_minus6,8.183717727661133e-05
afx_rep,history_021_vocals,Georgia Wonder - Siren,vocals,normalized,eq_plus6,8.237361907958984e-05
afx_rep,history_021_vocals,Georgia Wonder - Siren,vocals,normalized,comp_ratio2,0.040975987911224365
afx_rep,history_021_vocals,Georgia Wonder - Siren,vocals,normalized,comp_ratio4,0.035668909549713135
afx_rep,history_021_other,The Doppler Shift - Atrophy,other,input,identity,-1.1920928955078125e-07
afx_rep,history_021_other,The Doppler Shift - Atrophy,other,input,gain_minus6,-1.1920928955078125e-07
afx_rep,history_021_other,The Doppler Shift - Atrophy,other,input,gain_plus6,-1.1920928955078125e-07
afx_rep,history_021_other,The Doppler Shift - Atrophy,other,input,eq_minus6,0.059763193130493164
afx_rep,history_021_other,The Doppler Shift - Atrophy,other,input,eq_plus6,0.07011145353317261
afx_rep,history_021_other,The Doppler Shift - Atrophy,other,input,comp_ratio2,0.1108407974243164
afx_rep,history_021_other,The Doppler Shift - Atrophy,other,input,comp_ratio4,0.18319272994995117
afx_rep,history_021_other,The Doppler Shift - Atrophy,other,normalized,identity,0.0
afx_rep,history_021_other,The Doppler Shift - Atrophy,other,normalized,gain_minus6,1.7881393432617188e-07
afx_rep,history_021_other,The Doppler Shift - Atrophy,other,normalized,gain_plus6,3.5762786865234375e-07
afx_rep,history_021_other,The Doppler Shift - Atrophy,other,normalized,eq_minus6,0.00621485710144043
afx_rep,history_021_other,The Doppler Shift - Atrophy,other,normalized,eq_plus6,0.0011319518089294434
afx_rep,history_021_other,The Doppler Shift - Atrophy,other,normalized,comp_ratio2,0.05496174097061157
afx_rep,history_021_other,The Doppler Shift - Atrophy,other,normalized,comp_ratio4,0.15500295162200928
afx_rep,history_022_bass,The Easton Ellises - Falcon 69,bass,input,identity,0.0
afx_rep,history_022_bass,The Easton Ellises - Falcon 69,bass,input,gain_minus6,0.0
afx_rep,history_022_bass,The Easton Ellises - Falcon 69,bass,input,gain_plus6,-1.1920928955078125e-07
afx_rep,history_022_bass,The Easton Ellises - Falcon 69,bass,input,eq_minus6,0.01975935697555542
afx_rep,history_022_bass,The Easton Ellises - Falcon 69,bass,input,eq_plus6,0.028861701488494873
afx_rep,history_022_bass,The Easton Ellises - Falcon 69,bass,input,comp_ratio2,0.10690516233444214
afx_rep,history_022_bass,The Easton Ellises - Falcon 69,bass,input,comp_ratio4,0.17832374572753906
afx_rep,history_022_bass,The Easton Ellises - Falcon 69,bass,normalized,identity,5.960464477539063e-08
afx_rep,history_022_bass,The Easton Ellises - Falcon 69,bass,normalized,gain_minus6,5.2094459533691406e-05
afx_rep,history_022_bass,The Easton Ellises - Falcon 69,bass,normalized,gain_plus6,2.8789043426513672e-05
afx_rep,history_022_bass,The Easton Ellises - Falcon 69,bass,normalized,eq_minus6,0.0005344152450561523
afx_rep,history_022_bass,The Easton Ellises - Falcon 69,bass,normalized,eq_plus6,0.0007762312889099121
afx_rep,history_022_bass,The Easton Ellises - Falcon 69,bass,normalized,comp_ratio2,0.059250712394714355
afx_rep,history_022_bass,The Easton Ellises - Falcon 69,bass,normalized,comp_ratio4,0.1177743673324585
afx_rep,history_022_drums,Juliet's Rescue - Heartbeats,drums,input,identity,0.0
afx_rep,history_022_drums,Juliet's Rescue - Heartbeats,drums,input,gain_minus6,-1.1920928955078125e-07
afx_rep,history_022_drums,Juliet's Rescue - Heartbeats,drums,input,gain_plus6,0.0
afx_rep,history_022_drums,Juliet's Rescue - Heartbeats,drums,input,eq_minus6,0.08530277013778687
afx_rep,history_022_drums,Juliet's Rescue - Heartbeats,drums,input,eq_plus6,0.10613089799880981
afx_rep,history_022_drums,Juliet's Rescue - Heartbeats,drums,input,comp_ratio2,0.19408178329467773
afx_rep,history_022_drums,Juliet's Rescue - Heartbeats,drums,input,comp_ratio4,0.3168509006500244
afx_rep,history_022_drums,Juliet's Rescue - Heartbeats,drums,normalized,identity,0.0
afx_rep,history_022_drums,Juliet's Rescue - Heartbeats,drums,normalized,gain_minus6,0.0
afx_rep,history_022_drums,Juliet's Rescue - Heartbeats,drums,normalized,gain_plus6,-2.384185791015625e-07
afx_rep,history_022_drums,Juliet's Rescue - Heartbeats,drums,normalized,eq_minus6,0.017432689666748047
afx_rep,history_022_drums,Juliet's Rescue - Heartbeats,drums,normalized,eq_plus6,6.306171417236328e-05
afx_rep,history_022_drums,Juliet's Rescue - Heartbeats,drums,normalized,comp_ratio2,0.23467260599136353
afx_rep,history_022_drums,Juliet's Rescue - Heartbeats,drums,normalized,comp_ratio4,0.335399866104126
afx_rep,history_022_vocals,Little Chicago's Finest - My Own,vocals,input,identity,0.0
afx_rep,history_022_vocals,Little Chicago's Finest - My Own,vocals,input,gain_minus6,0.0
afx_rep,history_022_vocals,Little Chicago's Finest - My Own,vocals,input,gain_plus6,-1.1920928955078125e-07
afx_rep,history_022_vocals,Little Chicago's Finest - My Own,vocals,input,eq_minus6,0.05153435468673706
afx_rep,history_022_vocals,Little Chicago's Finest - My Own,vocals,input,eq_plus6,0.0660942792892456
afx_rep,history_022_vocals,Little Chicago's Finest - My Own,vocals,input,comp_ratio2,0.05286753177642822
afx_rep,history_022_vocals,Little Chicago's Finest - My Own,vocals,input,comp_ratio4,0.09204202890396118
afx_rep,history_022_vocals,Little Chicago's Finest - My Own,vocals,normalized,identity,-1.1920928955078125e-07
afx_rep,history_022_vocals,Little Chicago's Finest - My Own,vocals,normalized,gain_minus6,0.0
afx_rep,history_022_vocals,Little Chicago's Finest - My Own,vocals,normalized,gain_plus6,2.86102294921875e-06
afx_rep,history_022_vocals,Little Chicago's Finest - My Own,vocals,normalized,eq_minus6,0.0005832910537719727
afx_rep,history_022_vocals,Little Chicago's Finest - My Own,vocals,normalized,eq_plus6,0.0003387928009033203
afx_rep,history_022_vocals,Little Chicago's Finest - My Own,vocals,normalized,comp_ratio2,0.060220539569854736
afx_rep,history_022_vocals,Little Chicago's Finest - My Own,vocals,normalized,comp_ratio4,0.1098473072052002
afx_rep,history_022_other,Moosmusic - Big Dummy Shake,other,input,identity,-1.1920928955078125e-07
afx_rep,history_022_other,Moosmusic - Big Dummy Shake,other,input,gain_minus6,-1.1920928955078125e-07
afx_rep,history_022_other,Moosmusic - Big Dummy Shake,other,input,gain_plus6,-1.1920928955078125e-07
afx_rep,history_022_other,Moosmusic - Big Dummy Shake,other,input,eq_minus6,0.05660843849182129
afx_rep,history_022_other,Moosmusic - Big Dummy Shake,other,input,eq_plus6,0.04440927505493164
afx_rep,history_022_other,Moosmusic - Big Dummy Shake,other,input,comp_ratio2,0.029963016510009766
afx_rep,history_022_other,Moosmusic - Big Dummy Shake,other,input,comp_ratio4,0.05088531970977783
afx_rep,history_022_other,Moosmusic - Big Dummy Shake,other,normalized,identity,5.960464477539063e-08
afx_rep,history_022_other,Moosmusic - Big Dummy Shake,other,normalized,gain_minus6,2.384185791015625e-07
afx_rep,history_022_other,Moosmusic - Big Dummy Shake,other,normalized,gain_plus6,2.384185791015625e-07
afx_rep,history_022_other,Moosmusic - Big Dummy Shake,other,normalized,eq_minus6,0.00016772747039794922
afx_rep,history_022_other,Moosmusic - Big Dummy Shake,other,normalized,eq_plus6,0.0009698271751403809
afx_rep,history_022_other,Moosmusic - Big Dummy Shake,other,normalized,comp_ratio2,0.03216201066970825
afx_rep,history_022_other,Moosmusic - Big Dummy Shake,other,normalized,comp_ratio4,0.060420870780944824
afx_rep,history_023_bass,James Elder & Mark M Thompson - The English Actor,bass,input,identity,0.0
afx_rep,history_023_bass,James Elder & Mark M Thompson - The English Actor,bass,input,gain_minus6,0.0
afx_rep,history_023_bass,James Elder & Mark M Thompson - The English Actor,bass,input,gain_plus6,0.0
afx_rep,history_023_bass,James Elder & Mark M Thompson - The English Actor,bass,input,eq_minus6,0.044445574283599854
afx_rep,history_023_bass,James Elder & Mark M Thompson - The English Actor,bass,input,eq_plus6,0.04383951425552368
afx_rep,history_023_bass,James Elder & Mark M Thompson - The English Actor,bass,input,comp_ratio2,0.10440605878829956
afx_rep,history_023_bass,James Elder & Mark M Thompson - The English Actor,bass,input,comp_ratio4,0.18357396125793457
afx_rep,history_023_bass,James Elder & Mark M Thompson - The English Actor,bass,normalized,identity,-1.1920928955078125e-07
afx_rep,history_023_bass,James Elder & Mark M Thompson - The English Actor,bass,normalized,gain_minus6,5.1915645599365234e-05
afx_rep,history_023_bass,James Elder & Mark M Thompson - The English Actor,bass,normalized,gain_plus6,5.072355270385742e-05
afx_rep,history_023_bass,James Elder & Mark M Thompson - The English Actor,bass,normalized,eq_minus6,0.0017986297607421875
afx_rep,history_023_bass,James Elder & Mark M Thompson - The English Actor,bass,normalized,eq_plus6,0.0019024014472961426
afx_rep,history_023_bass,James Elder & Mark M Thompson - The English Actor,bass,normalized,comp_ratio2,0.15994274616241455
afx_rep,history_023_bass,James Elder & Mark M Thompson - The English Actor,bass,normalized,comp_ratio4,0.2255169153213501
afx_rep,history_023_drums,Louis Cressy Band - Good Time,drums,input,identity,0.0
afx_rep,history_023_drums,Louis Cressy Band - Good Time,drums,input,gain_minus6,-1.1920928955078125e-07
afx_rep,history_023_drums,Louis Cressy Band - Good Time,drums,input,gain_plus6,0.0
afx_rep,history_023_drums,Louis Cressy Band - Good Time,drums,input,eq_minus6,0.10057723522186279
afx_rep,history_023_drums,Louis Cressy Band - Good Time,drums,input,eq_plus6,0.08772331476211548
afx_rep,history_023_drums,Louis Cressy Band - Good Time,drums,input,comp_ratio2,0.14433038234710693
afx_rep,history_023_drums,Louis Cressy Band - Good Time,drums,input,comp_ratio4,0.3136138916015625
afx_rep,history_023_drums,Louis Cressy Band - Good Time,drums,normalized,identity,0.0
afx_rep,history_023_drums,Louis Cressy Band - Good Time,drums,normalized,gain_minus6,1.1920928955078125e-07
afx_rep,history_023_drums,Louis Cressy Band - Good Time,drums,normalized,gain_plus6,0.0
afx_rep,history_023_drums,Louis Cressy Band - Good Time,drums,normalized,eq_minus6,0.00016832351684570312
afx_rep,history_023_drums,Louis Cressy Band - Good Time,drums,normalized,eq_plus6,5.996227264404297e-05
afx_rep,history_023_drums,Louis Cressy Band - Good Time,drums,normalized,comp_ratio2,0.12781089544296265
afx_rep,history_023_drums,Louis Cressy Band - Good Time,drums,normalized,comp_ratio4,0.26629310846328735
afx_rep,history_023_vocals,Punkdisco - Oral Hygiene,vocals,input,identity,-1.1920928955078125e-07
afx_rep,history_023_vocals,Punkdisco - Oral Hygiene,vocals,input,gain_minus6,0.0
afx_rep,history_023_vocals,Punkdisco - Oral Hygiene,vocals,input,gain_plus6,-1.1920928955078125e-07
afx_rep,history_023_vocals,Punkdisco - Oral Hygiene,vocals,input,eq_minus6,0.06124842166900635
afx_rep,history_023_vocals,Punkdisco - Oral Hygiene,vocals,input,eq_plus6,0.04722398519515991
afx_rep,history_023_vocals,Punkdisco - Oral Hygiene,vocals,input,comp_ratio2,0.0582280158996582
afx_rep,history_023_vocals,Punkdisco - Oral Hygiene,vocals,input,comp_ratio4,0.1262863278388977
afx_rep,history_023_vocals,Punkdisco - Oral Hygiene,vocals,normalized,identity,0.0
afx_rep,history_023_vocals,Punkdisco - Oral Hygiene,vocals,normalized,gain_minus6,1.1920928955078125e-07
afx_rep,history_023_vocals,Punkdisco - Oral Hygiene,vocals,normalized,gain_plus6,5.185604095458984e-06
afx_rep,history_023_vocals,Punkdisco - Oral Hygiene,vocals,normalized,eq_minus6,0.00016868114471435547
afx_rep,history_023_vocals,Punkdisco - Oral Hygiene,vocals,normalized,eq_plus6,0.0001761913299560547
afx_rep,history_023_vocals,Punkdisco - Oral Hygiene,vocals,normalized,comp_ratio2,0.043792784214019775
afx_rep,history_023_vocals,Punkdisco - Oral Hygiene,vocals,normalized,comp_ratio4,0.09746229648590088
afx_rep,history_023_other,PR - Oh No,other,input,identity,0.0
afx_rep,history_023_other,PR - Oh No,other,input,gain_minus6,0.0
afx_rep,history_023_other,PR - Oh No,other,input,gain_plus6,-1.1920928955078125e-07
afx_rep,history_023_other,PR - Oh No,other,input,eq_minus6,0.013593137264251709
afx_rep,history_023_other,PR - Oh No,other,input,eq_plus6,0.011473536491394043
afx_rep,history_023_other,PR - Oh No,other,input,comp_ratio2,0.08222854137420654
afx_rep,history_023_other,PR - Oh No,other,input,comp_ratio4,0.16392743587493896
afx_rep,history_023_other,PR - Oh No,other,normalized,identity,5.960464477539063e-08
afx_rep,history_023_other,PR - Oh No,other,normalized,gain_minus6,3.039836883544922e-06
afx_rep,history_023_other,PR - Oh No,other,normalized,gain_plus6,1.8477439880371094e-06
afx_rep,history_023_other,PR - Oh No,other,normalized,eq_minus6,0.00018656253814697266
afx_rep,history_023_other,PR - Oh No,other,normalized,eq_plus6,0.00015175342559814453
afx_rep,history_023_other,PR - Oh No,other,normalized,comp_ratio2,0.16024988889694214
afx_rep,history_023_other,PR - Oh No,other,normalized,comp_ratio4,0.22831904888153076
afx_rep,history_024_bass,Sambasevam Shanmugam - Kaathaadi,bass,input,identity,0.0
afx_rep,history_024_bass,Sambasevam Shanmugam - Kaathaadi,bass,input,gain_minus6,0.0
afx_rep,history_024_bass,Sambasevam Shanmugam - Kaathaadi,bass,input,gain_plus6,-1.1920928955078125e-07
afx_rep,history_024_bass,Sambasevam Shanmugam - Kaathaadi,bass,input,eq_minus6,0.027126967906951904
afx_rep,history_024_bass,Sambasevam Shanmugam - Kaathaadi,bass,input,eq_plus6,0.029780864715576172
afx_rep,history_024_bass,Sambasevam Shanmugam - Kaathaadi,bass,input,comp_ratio2,0.10051560401916504
afx_rep,history_024_bass,Sambasevam Shanmugam - Kaathaadi,bass,input,comp_ratio4,0.19679874181747437
afx_rep,history_024_bass,Sambasevam Shanmugam - Kaathaadi,bass,normalized,identity,-1.1920928955078125e-07
afx_rep,history_024_bass,Sambasevam Shanmugam - Kaathaadi,bass,normalized,gain_minus6,6.175041198730469e-05
afx_rep,history_024_bass,Sambasevam Shanmugam - Kaathaadi,bass,normalized,gain_plus6,9.936094284057617e-05
afx_rep,history_024_bass,Sambasevam Shanmugam - Kaathaadi,bass,normalized,eq_minus6,0.0006359219551086426
afx_rep,history_024_bass,Sambasevam Shanmugam - Kaathaadi,bass,normalized,eq_plus6,0.0009709596633911133
afx_rep,history_024_bass,Sambasevam Shanmugam - Kaathaadi,bass,normalized,comp_ratio2,0.11653745174407959
afx_rep,history_024_bass,Sambasevam Shanmugam - Kaathaadi,bass,normalized,comp_ratio4,0.1877395510673523
afx_rep,history_024_drums,M.E.R.C. Music - Knockout,drums,input,identity,0.0
afx_rep,history_024_drums,M.E.R.C. Music - Knockout,drums,input,gain_minus6,5.960464477539063e-08
afx_rep,history_024_drums,M.E.R.C. Music - Knockout,drums,input,gain_plus6,0.0
afx_rep,history_024_drums,M.E.R.C. Music - Knockout,drums,input,eq_minus6,0.07156974077224731
afx_rep,history_024_drums,M.E.R.C. Music - Knockout,drums,input,eq_plus6,0.0800483226776123
afx_rep,history_024_drums,M.E.R.C. Music - Knockout,drums,input,comp_ratio2,0.10247457027435303
afx_rep,history_024_drums,M.E.R.C. Music - Knockout,drums,input,comp_ratio4,0.21141594648361206
afx_rep,history_024_drums,M.E.R.C. Music - Knockout,drums,normalized,identity,5.960464477539063e-08
afx_rep,history_024_drums,M.E.R.C. Music - Knockout,drums,normalized,gain_minus6,5.304813385009766e-06
afx_rep,history_024_drums,M.E.R.C. Music - Knockout,drums,normalized,gain_plus6,7.748603820800781e-07
afx_rep,history_024_drums,M.E.R.C. Music - Knockout,drums,normalized,eq_minus6,0.00019234418869018555
afx_rep,history_024_drums,M.E.R.C. Music - Knockout,drums,normalized,eq_plus6,7.998943328857422e-05
afx_rep,history_024_drums,M.E.R.C. Music - Knockout,drums,normalized,comp_ratio2,0.16868209838867188
afx_rep,history_024_drums,M.E.R.C. Music - Knockout,drums,normalized,comp_ratio4,0.22734016180038452
afx_rep,history_024_vocals,Buitraker - Revo X,vocals,input,identity,-1.1920928955078125e-07
afx_rep,history_024_vocals,Buitraker - Revo X,vocals,input,gain_minus6,-1.1920928955078125e-07
afx_rep,history_024_vocals,Buitraker - Revo X,vocals,input,gain_plus6,0.0
afx_rep,history_024_vocals,Buitraker - Revo X,vocals,input,eq_minus6,0.05570948123931885
afx_rep,history_024_vocals,Buitraker - Revo X,vocals,input,eq_plus6,0.04217618703842163
afx_rep,history_024_vocals,Buitraker - Revo X,vocals,input,comp_ratio2,0.02642691135406494
afx_rep,history_024_vocals,Buitraker - Revo X,vocals,input,comp_ratio4,0.07503712177276611
afx_rep,history_024_vocals,Buitraker - Revo X,vocals,normalized,identity,-2.384185791015625e-07
afx_rep,history_024_vocals,Buitraker - Revo X,vocals,normalized,gain_minus6,5.960464477539063e-08
afx_rep,history_024_vocals,Buitraker - Revo X,vocals,normalized,gain_plus6,2.384185791015625e-07
afx_rep,history_024_vocals,Buitraker - Revo X,vocals,normalized,eq_minus6,0.000885009765625
afx_rep,history_024_vocals,Buitraker - Revo X,vocals,normalized,eq_plus6,0.00041812658309936523
afx_rep,history_024_vocals,Buitraker - Revo X,vocals,normalized,comp_ratio2,0.033379197120666504
afx_rep,history_024_vocals,Buitraker - Revo X,vocals,normalized,comp_ratio4,0.0686531662940979
afx_rep,history_024_other,Ben Carrigan - We'll Talk About It All Tonight,other,input,identity,0.0
afx_rep,history_024_other,Ben Carrigan - We'll Talk About It All Tonight,other,input,gain_minus6,0.0
afx_rep,history_024_other,Ben Carrigan - We'll Talk About It All Tonight,other,input,gain_plus6,0.0
afx_rep,history_024_other,Ben Carrigan - We'll Talk About It All Tonight,other,input,eq_minus6,0.06017947196960449
afx_rep,history_024_other,Ben Carrigan - We'll Talk About It All Tonight,other,input,eq_plus6,0.06181734800338745
afx_rep,history_024_other,Ben Carrigan - We'll Talk About It All Tonight,other,input,comp_ratio2,0.03582000732421875
afx_rep,history_024_other,Ben Carrigan - We'll Talk About It All Tonight,other,input,comp_ratio4,0.06753498315811157
afx_rep,history_024_other,Ben Carrigan - We'll Talk About It All Tonight,other,normalized,identity,0.0
afx_rep,history_024_other,Ben Carrigan - We'll Talk About It All Tonight,other,normalized,gain_minus6,2.86102294921875e-06
afx_rep,history_024_other,Ben Carrigan - We'll Talk About It All Tonight,other,normalized,gain_plus6,4.363059997558594e-05
afx_rep,history_024_other,Ben Carrigan - We'll Talk About It All Tonight,other,normalized,eq_minus6,0.0015810132026672363
afx_rep,history_024_other,Ben Carrigan - We'll Talk About It All Tonight,other,normalized,eq_plus6,0.02383488416671753
afx_rep,history_024_other,Ben Carrigan - We'll Talk About It All Tonight,other,normalized,comp_ratio2,0.04603391885757446
afx_rep,history_024_other,Ben Carrigan - We'll Talk About It All Tonight,other,normalized,comp_ratio4,0.08712649345397949
